cluster	gene	p_val	avg_log2FC	pct.1	pct.2	p_val_adj
1	Mono	ISG15	0	0.692039946008362	0.739	0.243	0
2	Mono	RBP7	0	-0.430001208287558	0.113	0.473	0
3	Mono	C1QA	0	0.369054542560968	0.36	0.043	0
4	Mono	CD52	0	-0.616674115176584	0.295	0.791	0
5	Mono	IFI6	0	0.674202423077282	0.742	0.224	0
6	Mono	CITED4	0	0.330179374776967	0.489	0.133	0
7	Mono	PLK3	0	0.298922993788236	0.55	0.188	0
8	Mono	IFI44L	0	0.61048116852752	0.643	0.061	0
9	Mono	IFI44	0	0.288712349437479	0.412	0.076	0
10	Mono	GBP1	0	0.267420074587754	0.383	0.085	0
11	Mono	GBP2	0	0.279527187609334	0.548	0.215	0
12	Mono	AC253572.2	0	-0.38556475906962	0.222	0.515	0
13	Mono	LMNA	0	0.653672305257678	0.82	0.182	0
14	Mono	TAGLN2	0	0.290113992421321	0.873	0.596	0
15	Mono	CD48	0	-0.405816577096736	0.354	0.702	0
16	Mono	IER5	0	0.35991996306943	0.742	0.339	0
17	Mono	G0S2	0	0.372254294715087	0.748	0.479	0
18	Mono	MARC1	0	0.263502594857566	0.408	0.096	0
19	Mono	HIST3H2A	0	0.489356650012868	0.516	0.041	0
20	Mono	IRF2BP2	0	0.482829702950692	0.92	0.475	0
21	Mono	NLRP3	0	0.25876759284144	0.581	0.274	0
22	Mono	EIF2AK2	0	0.273786940780223	0.529	0.202	0
23	Mono	PLEK	0	0.370136031823414	0.938	0.628	0
24	Mono	CXCR4	0	0.331253411563128	0.738	0.369	0
25	Mono	RND3	0	0.379945180496006	0.358	0	0
26	Mono	NMI	0	0.26487279385035	0.514	0.195	0
27	Mono	TNFAIP6	0	0.349633931104437	0.368	0.017	0
28	Mono	SP110	0	0.273998475510927	0.629	0.314	0
29	Mono	ACKR3	0	0.259583131144177	0.268	0.003	0
30	Mono	ANKRD28	0	0.682034804116725	0.789	0.178	0
31	Mono	EIF1B	0	0.257163589977029	0.716	0.405	0
32	Mono	CTNNB1	0	0.392132462058586	0.858	0.454	0
33	Mono	PROK2	0	0.269542241640418	0.385	0.089	0
34	Mono	NFKBIZ	0	0.346216915860739	0.796	0.482	0
35	Mono	PARP14	0	0.286128978474222	0.592	0.251	0
36	Mono	H1FX	0	0.509938073334014	0.955	0.634	0
37	Mono	RPL22L1	0	0.258578343172959	0.694	0.39	0
38	Mono	BCL6	0	0.489557699153862	0.743	0.238	0
39	Mono	IGFBP7	0	0.367949944922305	0.551	0.138	0
40	Mono	PLAC8	0	0.553964013068522	0.748	0.311	0
41	Mono	SNHG8	0	0.26869245463577	0.724	0.404	0
42	Mono	HMGB2	0	0.315908960212894	0.81	0.544	0
43	Mono	SAP30	0	0.491480204894939	0.61	0.157	0
44	Mono	ACSL1	0	0.378428908892711	0.659	0.239	0
45	Mono	ZFR	0	0.295450071963732	0.552	0.203	0
46	Mono	EMB	0	0.280715031406349	0.65	0.316	0
47	Mono	FEM1C	0	0.278752141918163	0.438	0.122	0
48	Mono	TGFBI	0	-0.337887509114646	0.092	0.39	0
49	Mono	CD83	0	0.290416680144429	0.641	0.303	0
50	Mono	SOX4	0	0.340818448478726	0.572	0.256	0
51	Mono	HIST1H1C	0	0.488631723767653	0.661	0.187	0
52	Mono	HIST1H1E	0	0.29469384607791	0.539	0.193	0
53	Mono	HIST1H1D	0	0.250685030474884	0.365	0.099	0
54	Mono	HLA-DRA	0	-0.514404387512692	0.605	0.933	0
55	Mono	HLA-DRB1	0	-0.510387132729279	0.559	0.877	0
56	Mono	HLA-DQA1	0	-0.276706574730164	0.081	0.304	0
57	Mono	HLA-DQB1	0	-0.462548370438111	0.225	0.606	0
58	Mono	HLA-DMB	0	-0.302824340710422	0.096	0.365	0
59	Mono	HLA-DMA	0	-0.401131158282466	0.182	0.531	0
60	Mono	HLA-DPA1	0	-0.440879013599167	0.438	0.751	0
61	Mono	HLA-DPB1	0	-0.532969590968082	0.239	0.685	0
62	Mono	CDKN1A	0	0.357647170214822	0.681	0.297	0
63	Mono	TREM1	0	0.377639889355493	0.794	0.402	0
64	Mono	UBE2J1	0	0.29318941987572	0.719	0.367	0
65	Mono	CALHM6	0	-0.370061229317601	0.103	0.424	0
66	Mono	TNFAIP3	0	0.640899386058613	0.725	0.205	0
67	Mono	CITED2	0	0.281772680942755	0.492	0.215	0
68	Mono	ARL4A	0	0.705928608208019	0.859	0.32	0
69	Mono	AHR	0	0.566047976830014	0.856	0.328	0
70	Mono	HOXA9	0	0.315899943287199	0.343	0.005	0
71	Mono	CPVL	0	-0.419994344038763	0.244	0.61	0
72	Mono	TRGC2	0	0.266927168261374	0.306	0.004	0
73	Mono	HSPB1	0	0.407010288772834	0.517	0.099	0
74	Mono	CD36	0	0.282537866386678	0.822	0.504	0
75	Mono	MSR1	0	0.364603084334091	0.4	0.044	0
76	Mono	SLC25A37	0	0.312376359951766	0.739	0.384	0
77	Mono	PTK2B	0	0.268277368361494	0.609	0.274	0
78	Mono	GOLGA7	0	0.298946057663562	0.534	0.173	0
79	Mono	SNHG6	0	0.258491787804578	0.86	0.576	0
80	Mono	FABP5	0	0.295908494364388	0.477	0.151	0
81	Mono	RIPK2	0	0.411630509147337	0.697	0.255	0
82	Mono	TRIB1	0	0.40358141144157	0.723	0.312	0
83	Mono	LY6E	0	0.625531018806589	0.801	0.321	0
84	Mono	GRINA	0	0.326814039304222	0.697	0.316	0
85	Mono	PLIN2	0	0.534264373037815	0.766	0.267	0
86	Mono	CTSL	0	0.311066058810598	0.517	0.157	0
87	Mono	NFIL3	0	0.280986040129736	0.65	0.307	0
88	Mono	NINJ1	0	0.296358619985443	0.763	0.436	0
89	Mono	KLF4	0	0.264074581600248	0.764	0.487	0
90	Mono	TXN	0	0.323199190244335	0.848	0.565	0
91	Mono	HSPA5	0	0.320249752353352	0.824	0.519	0
92	Mono	FCN1	0	-0.314858542660264	0.752	0.959	0
93	Mono	OTUD1	0	0.305885616742588	0.665	0.33	0
94	Mono	MAP3K8	0	0.272514380789906	0.755	0.461	0
95	Mono	DDIT4	0	0.508967478220133	0.651	0.187	0
96	Mono	ZNF503	0	0.322891144567047	0.4	0.074	0
97	Mono	IFIT3	0	0.350566513963408	0.404	0.052	0
98	Mono	OAT	0	0.297551699312339	0.484	0.135	0
99	Mono	IFITM3	0	0.400510097672101	0.747	0.465	0
100	Mono	IRF7	0	0.422631780393716	0.598	0.132	0
101	Mono	LSP1	0	-0.323011567244677	0.417	0.697	0
102	Mono	TRIM22	0	0.362162697882053	0.607	0.193	0
103	Mono	CAVIN3	0	0.299805033871024	0.344	0.026	0
104	Mono	ADM	0	0.456471928300587	0.514	0.12	0
105	Mono	UBE2L6	0	0.306792753824587	0.557	0.198	0
106	Mono	MS4A4A	0	0.303172245241546	0.383	0.055	0
107	Mono	FUT4	0	0.313664520216098	0.394	0.04	0
108	Mono	CACNA2D4	0	0.288235538989405	0.41	0.076	0
109	Mono	CD9	0	0.352976124957498	0.419	0.036	0
110	Mono	CLEC4D	0	0.250710003514202	0.394	0.1	0
111	Mono	CLEC4E	0	0.318523021295864	0.614	0.297	0
112	Mono	CLEC2B	0	0.270219643334086	0.767	0.451	0
113	Mono	H2AFJ	0	0.423387710426111	0.799	0.382	0
114	Mono	CD63	0	0.258755429782416	0.927	0.685	0
115	Mono	DDIT3	0	0.318505891999405	0.523	0.18	0
116	Mono	MDM2	0	0.339669477723222	0.536	0.172	0
117	Mono	PHLDA1	0	0.405964300637503	0.541	0.104	0
118	Mono	AC025164.1	0	0.265448492603105	0.402	0.107	0
119	Mono	SLC25A3	0	-0.296997390846171	0.432	0.655	0
120	Mono	ALDH2	0	-0.367398881158923	0.134	0.477	0
121	Mono	OASL	0	0.352065333243357	0.441	0.046	0
122	Mono	FLT3	0	0.297407112032438	0.356	0.021	0
123	Mono	RNASE6	0	0.323448840942111	0.657	0.314	0
124	Mono	RNASE1	0	0.304523354731938	0.286	0.014	0
125	Mono	RNASE2	0	0.629820965632873	0.732	0.217	0
126	Mono	NFKBIA	0	0.349058384612371	0.919	0.675	0
127	Mono	PTGER2	0	0.300360041056194	0.511	0.168	0
128	Mono	DDX24	0	0.349593586023242	0.748	0.367	0
129	Mono	IFI27	0	0.876464185988482	0.582	0.008	0
130	Mono	CRIP1	0	0.3543756436133	0.911	0.65	0
131	Mono	RPS27L	0	0.377844734632639	0.774	0.395	0
132	Mono	BCL2A1	0	0.317654430450607	0.834	0.533	0
133	Mono	MT2A	0	0.601359527673304	0.813	0.374	0
134	Mono	MT1E	0	0.273482281346207	0.268	0.017	0
135	Mono	MT1X	0	0.270445052842262	0.394	0.11	0
136	Mono	DNAAF1	0	0.354262174337088	0.385	0.013	0
137	Mono	MAP1LC3B	0	0.270180971634474	0.825	0.524	0
138	Mono	XAF1	0	0.394768096068015	0.591	0.167	0
139	Mono	PER1	0	0.36309123215055	0.665	0.231	0
140	Mono	CCL3	0	0.336325270028857	0.502	0.142	0
141	Mono	IFI35	0	0.285128776120015	0.476	0.135	0
142	Mono	PMAIP1	0	0.529470089996511	0.68	0.217	0
143	Mono	AZU1	0	0.325266909230205	0.383	0.059	0
144	Mono	GADD45B	0	0.369422046943024	0.771	0.402	0
145	Mono	TNFSF9	0	0.300259973642047	0.324	0.012	0
146	Mono	PRDX2	0	0.304639906532333	0.53	0.173	0
147	Mono	CALR	0	0.301620408675452	0.764	0.442	0
148	Mono	DNAJB1	0	0.38345969110994	0.6	0.181	0
149	Mono	KLF2	0	0.342478258272874	0.841	0.568	0
150	Mono	BST2	0	0.308437647452478	0.79	0.511	0
151	Mono	HOMER3	0	0.260710635355022	0.46	0.144	0
152	Mono	ZFP36	0	0.456776729179619	0.934	0.604	0
153	Mono	TRPM4	0	0.46382049201691	0.5	0.024	0
154	Mono	MYADM	0	0.385825382533012	0.813	0.399	0
155	Mono	NDUFA3	0	0.29395759959707	0.698	0.358	0
156	Mono	LILRB4	0	0.333429879547968	0.521	0.141	0
157	Mono	TNNT1	0	0.440148104358503	0.567	0.112	0
158	Mono	UBE2S	0	0.268917430522713	0.485	0.169	0
159	Mono	NXT1	0	0.522521302673192	0.689	0.205	0
160	Mono	ID1	0	0.297773091793429	0.404	0.11	0
161	Mono	MAFB	0	0.383391700547796	0.893	0.548	0
162	Mono	CEBPB	0	0.250950420848026	0.944	0.761	0
163	Mono	IFNGR2	0	0.279612755795909	0.78	0.47	0
164	Mono	ETS2	0	0.304477781895218	0.69	0.343	0
165	Mono	HMGN1	0	0.271375585693933	0.763	0.454	0
166	Mono	MX2	0	0.310681020956352	0.534	0.173	0
167	Mono	MX1	0	0.395926673802464	0.538	0.103	0
168	Mono	PIM3	0	0.346175806136192	0.635	0.248	0
169	Mono	SCO2	0	0.350106074677462	0.737	0.391	0
170	Mono	KLHDC7B	0	0.288827850078153	0.338	0.014	0
171	Mono	MIR222HG	0	0.316922084865391	0.414	0.063	0
172	Mono	VSIG4	0	0.287756776963563	0.272	0.01	0
173	Mono	XIST	0	-0.330818219252806	0.029	0.323	0
174	Mono	TSC22D3	0	0.314991760528532	0.877	0.651	0
175	Mono	IL1B	1.82192949421109e-306	0.290397533324859	0.506	0.235	2.87318281237088e-302
176	Mono	CXCL8	8.97363780235786e-297	0.283288905429481	0.679	0.345	1.41514268143183e-292
177	Mono	JAML	3.21650604907532e-277	-0.259748636243014	0.297	0.489	5.07243003939177e-273
178	Mono	AC007952.4	2.12165574928328e-275	-0.255372713748703	0.362	0.538	3.34585111661973e-271
179	Gran	IFI6	1.09992094313386e-183	0.660132053319348	0.677	0.142	1.73457532732209e-179
180	Gran	IFI44L	5.73270219841924e-177	0.514424185998401	0.547	0.026	9.04047136690715e-173
181	Gran	ANKRD28	7.76877497345769e-158	0.462932930768776	0.866	0.529	1.22513581331428e-153
182	Gran	LY6E	1.50986963121097e-148	0.548495627280703	0.682	0.223	2.3810644084197e-144
183	Gran	ISG15	6.02792176081621e-147	0.573512958813382	0.644	0.178	9.50603261680716e-143
184	Gran	HLA-DRB1	7.7093631356854e-143	-0.478194771066588	0.544	0.906	1.21576656649759e-138
185	Gran	PCAT18	6.07039648654632e-136	0.338661153609157	0.403	0.002	9.57301525928355e-132
186	Gran	PLEK	7.73136333591084e-134	0.346646596129624	0.918	0.662	1.21923599807314e-129
187	Gran	MX1	2.0422959336901e-130	0.384704636089394	0.506	0.06	3.22070068742928e-126
188	Gran	SAT1	7.39867603292039e-128	0.269690996765857	0.961	0.83	1.16677121039155e-123
189	Gran	ANP32B	7.34294614044832e-126	-0.28953274101381	0.733	0.892	1.1579826063487e-121
190	Gran	ZFP36	1.86091021626255e-115	0.357062684013617	0.837	0.618	2.93465541104603e-111
191	Gran	IFI27	2.0264995322077e-115	0.557243474122795	0.366	0.011	3.19578976229154e-111
192	Gran	TRGC2	2.97261538772445e-113	0.35485906591164	0.434	0.045	4.68781446644146e-109
193	Gran	MDM2	8.05878192426789e-108	0.447721384481233	0.605	0.191	1.27086990945705e-103
194	Gran	FCN1	3.05646621960279e-106	-0.529143186307675	0.332	0.767	4.8200472283136e-102
195	Gran	TNFAIP3	8.7588833316861e-106	0.449686935167068	0.569	0.169	1.3812759014069e-101
196	Gran	TRIM22	4.75780202978111e-105	0.388084187603836	0.629	0.2	7.5030538009648e-101
197	Gran	KDM5B	1.39511371104448e-102	0.370643716888749	0.525	0.121	2.20009432231715e-98
198	Gran	PLIN2	3.53911184332971e-102	0.428743273267668	0.619	0.232	5.58117937693096e-98
199	Gran	RETN	9.88111411093465e-102	-0.464604501694654	0.394	0.725	1.55825169529439e-97
200	Gran	IRF2BP2	1.99780352123185e-101	0.311375182387559	0.908	0.652	3.15053615298262e-97
201	Gran	NFKBIA	1.13357673900484e-100	0.359509778080984	0.838	0.583	1.78765051741063e-96
202	Gran	PVT1	2.61354392554684e-99	0.36876710202341	0.472	0.087	4.12155877058737e-95
203	Gran	MIR222HG	2.51788677603532e-98	0.374169170843463	0.572	0.167	3.9707074458077e-94
204	Gran	CA2	1.25577362188494e-96	0.3994492395535	0.457	0.095	1.98035500171254e-92
205	Gran	TRIB1	2.87145450013173e-94	0.389370388410604	0.706	0.306	4.52828374670773e-90
206	Gran	DEK	1.63353628960762e-92	-0.255558387939537	0.75	0.867	2.57608672871121e-88
207	Gran	AP2S1	9.55940441702487e-92	-0.254839016965336	0.683	0.849	1.50751807656482e-87
208	Gran	HOXA9	4.3155602926275e-90	0.278010170127092	0.333	0.026	6.80563858147357e-86
209	Gran	PPP1R27	1.5325008140718e-89	0.345534217448846	0.321	0.021	2.41675378379123e-85
210	Gran	ARMH1	3.45120957161807e-87	0.351118713002479	0.725	0.393	5.4425574944417e-83
211	Gran	HLA-DRA	2.88756593401221e-86	-0.447825012493197	0.484	0.932	4.55369147793726e-82
212	Gran	CES1	2.43005375300718e-85	-0.3831910107389	0.135	0.51	3.83219476849232e-81
213	Gran	FUT4	7.63790934237408e-85	0.313430284659739	0.502	0.126	1.20449830329239e-80
214	Gran	TRPM4	2.70906730308159e-83	0.250930242594096	0.302	0.018	4.27219913695967e-79
215	Gran	ARL4A	2.00371080585516e-80	0.397751146457083	0.702	0.446	3.15985194083359e-76
216	Gran	RPS27L	2.49963307081393e-80	0.313527614032485	0.796	0.511	3.94192135267356e-76
217	Gran	CACNA2D4	2.67793036246348e-80	0.286632437825492	0.386	0.068	4.2230961816049e-76
218	Gran	XAF1	1.11483215908989e-78	0.311186031041463	0.503	0.14	1.75809031488476e-74
219	Gran	AHR	1.85003557113747e-78	0.34629283838329	0.703	0.371	2.91750609568378e-74
220	Gran	ZFR	9.19730911552091e-78	0.357294678798765	0.614	0.298	1.45041564751765e-73
221	Gran	FLT3	9.23974154583856e-78	0.299532316999775	0.486	0.134	1.45710724177874e-73
222	Gran	CCL5	2.41277880030396e-77	0.283557408090166	0.356	0.057	3.80495216807934e-73
223	Gran	PTGER4	1.53632206524822e-76	0.363490986013463	0.478	0.148	2.42277989689644e-72
224	Gran	S100A8	1.06005924287831e-75	-0.386327559613375	0.64	0.96	1.67171342601909e-71
225	Gran	IFI44	3.5023534266614e-75	0.263121752975048	0.385	0.072	5.52321135384503e-71
226	Gran	LAMP5	3.26091520411594e-74	0.301660505122932	0.384	0.08	5.14246327689084e-70
227	Gran	TYMP	1.92744123556587e-72	0.281007643771542	0.819	0.612	3.03957482848738e-68
228	Gran	CTNNB1	5.2033897440664e-72	0.315919569406452	0.791	0.456	8.20574562639271e-68
229	Gran	IER5	1.135991117808e-71	0.326655803857063	0.639	0.293	1.79145799278321e-67
230	Gran	DDIT3	2.19189862723546e-71	0.327410623255145	0.618	0.254	3.45662413515032e-67
231	Gran	SP110	3.96229988911293e-71	0.29552121387515	0.524	0.171	6.24854692513109e-67
232	Gran	CLU	1.67422124712536e-70	0.279745287251223	0.382	0.082	2.64024690671669e-66
233	Gran	AC007952.4	1.89017992876144e-70	-0.334966577138168	0.464	0.71	2.9808137476568e-66
234	Gran	PARP14	2.5222559620068e-70	0.333722845325424	0.611	0.27	3.97759765208472e-66
235	Gran	PROK2	1.47778224018168e-69	0.298420801887418	0.439	0.121	2.33046259276651e-65
236	Gran	MT1G	3.13039995489572e-68	0.276149904336108	0.227	0.005	4.93664072887055e-64
237	Gran	GABPB1-AS1	5.48775261641084e-68	0.328283474073453	0.601	0.26	8.6541858760799e-64
238	Gran	PLCG2	1.06537368660833e-66	0.344233207201895	0.596	0.269	1.68009430378134e-62
239	Gran	HLA-DQB1	1.12994605526271e-66	-0.347816722143458	0.247	0.575	1.78192492914929e-62
240	Gran	PCM1	1.37808614890134e-66	0.307670575306831	0.729	0.406	2.17324185681741e-62
241	Gran	NFKBIZ	1.00970696470346e-65	0.314352961954987	0.75	0.449	1.59230788333736e-61
242	Gran	RIPK2	1.24162276035133e-64	0.298712717944724	0.57	0.256	1.95803909307405e-60
243	Gran	CD83	8.66494106452963e-64	0.289567755483762	0.507	0.185	1.36646120587632e-59
244	Gran	IFITM3	1.78447165796114e-63	0.299154421536993	0.438	0.134	2.81411180460472e-59
245	Gran	ODF3B	2.812593778123e-62	0.2751578689185	0.526	0.203	4.43546038809996e-58
246	Gran	PER1	6.01912886472264e-62	0.279042054466567	0.545	0.219	9.4921662196676e-58
247	Gran	ZBTB10	1.09767926776106e-61	0.264117824071742	0.423	0.128	1.73104020525919e-57
248	Gran	ALDH2	2.2378873952134e-61	-0.294034928712618	0.147	0.471	3.52914842225154e-57
249	Gran	ELANE	2.73665617236825e-61	-0.391021501808329	0.171	0.484	4.31570678382472e-57
250	Gran	MT2A	3.43925646336853e-61	0.382793095506703	0.604	0.37	5.42370744273218e-57
251	Gran	HLA-DPB1	7.04254565236941e-59	-0.332443578130535	0.338	0.683	1.11060944937866e-54
252	Gran	RHOB	4.21733668968025e-57	0.324538701345523	0.615	0.338	6.65073995962576e-53
253	Gran	PMAIP1	6.08841466289065e-57	0.298387488040416	0.625	0.331	9.60142992337855e-53
254	Gran	EIF2AK2	3.80111747488479e-56	0.282414920610603	0.581	0.273	5.99436225789331e-52
255	Gran	HLA-DMA	1.14080605138454e-55	-0.301066199206883	0.253	0.554	1.79905114303341e-51
256	Gran	GRINA	4.94170497316439e-55	0.254352784440123	0.517	0.209	7.79306874268024e-51
257	Gran	LMNA	2.27562148693746e-54	0.309352905718124	0.586	0.294	3.58865508490037e-50
258	Gran	ITGA4	6.054681252326e-53	0.26934471267845	0.615	0.315	9.54823233491811e-49
259	Gran	KLF2	2.06327257183724e-52	0.266115711545021	0.744	0.56	3.25378084578733e-48
260	Gran	RFLNB	5.11548384729662e-52	-0.27688511193359	0.42	0.661	8.06711802718677e-48
261	Gran	CPVL	4.54861345503848e-51	-0.285764745031004	0.226	0.524	7.17316341859568e-47
262	Gran	JMJD1C	4.59422947493249e-51	0.28158818466181	0.773	0.511	7.24509988196854e-47
263	Gran	FOXP1	1.25286900641697e-50	0.25941433078857	0.763	0.509	1.97577442311956e-46
264	Gran	CD48	2.73037729288788e-50	-0.282370804398541	0.251	0.552	4.30580499088419e-46
265	Gran	S100A9	4.4901254991534e-50	-0.390436315698909	0.637	0.971	7.0809279121649e-46
266	Gran	S100A12	1.10603049297765e-49	-0.325840182192191	0.355	0.657	1.74421008742575e-45
267	Gran	SCO2	1.68122171624484e-48	0.269391996710485	0.561	0.285	2.65128664651812e-44
268	Gran	CLEC2B	1.09825962543406e-46	0.255118018195057	0.649	0.366	1.73195542930951e-42
269	Gran	PPP1R15B	3.63610566040492e-46	0.25445286686736	0.515	0.241	5.73413862645856e-42
270	Gran	MIR181A1HG	2.91784110703001e-45	0.283642477969981	0.409	0.166	4.60143542578632e-41
271	Gran	TMPO	6.40056422423574e-45	-0.268738691854004	0.365	0.597	1.00936897816198e-40
272	Gran	DUSP6	3.32158994438601e-44	0.264643861472801	0.503	0.227	5.23814734229674e-40
273	Gran	PCLAF	5.05536814061969e-43	-0.278614721890354	0.163	0.417	7.97231555775726e-39
274	Gran	HLA-DPA1	2.77149464958459e-41	-0.2846393425168	0.417	0.688	4.3706470623949e-37
275	Gran	AREG	3.45386897375227e-40	-0.337985089123159	0.162	0.379	5.44675137160733e-36
276	Gran	MKI67	1.78637180567607e-38	-0.273074214826467	0.16	0.422	2.81710833755116e-34
277	Gran	CD52	3.65930714411868e-38	-0.262811733589469	0.179	0.408	5.77072736627515e-34
278	Gran	PRTN3	4.58553135207231e-36	-0.295751698625892	0.082	0.275	7.23138294221803e-32
279	Gran	RPS4Y1	1.5591764456026e-33	0.262178570813638	0.627	0.321	2.4588212547153e-29
280	Gran	AC103591.3	1.73440275917563e-33	0.267545540871414	0.524	0.338	2.73515315121997e-29
281	Gran	CITED2	9.82279694622523e-33	0.252122152908839	0.506	0.298	1.54905507841972e-28
282	T	CXCR4	0	0.412216701695699	0.889	0.518	0
283	T	NR4A2	0	0.373724087969537	0.536	0.171	0
284	T	BHLHE40	0	0.309030150757729	0.364	0.068	0
285	T	TNFAIP3	0	0.417851764072454	0.805	0.402	0
286	T	SRGN	0	0.301996973768191	0.925	0.645	0
287	T	MTRNR2L8	0	0.408494109789604	0.382	0.035	0
288	T	SLC7A5	0	0.277767911470387	0.264	0.026	0
289	T	ZFP36	0	0.425973930065895	0.662	0.248	0
290	T	RBM38	0	0.371091286514588	0.522	0.16	0
291	T	RPS4Y1	0	0.45183595998684	0.764	0.299	0
292	T	DDX3Y	0	0.365013180506631	0.472	0.103	0
293	T	CREM	1.21079496334594e-307	0.337342808796237	0.446	0.132	1.90942365719655e-303
294	T	YPEL5	1.92650915335054e-297	0.356564334021383	0.683	0.306	3.0381049348338e-293
295	T	SBDS	9.13585451810868e-288	0.343041517897788	0.607	0.243	1.44072425750574e-283
296	T	GABARAPL1	5.24402686533993e-285	0.323610840845116	0.439	0.134	8.26983036664108e-281
297	T	HNRNPH1	1.10752842270015e-281	0.324872987375106	0.76	0.412	1.74657232259813e-277
298	T	SRSF2	8.24660271924254e-276	0.333697104345437	0.614	0.264	1.30048924882455e-271
299	T	IRF2BP2	2.68341360251354e-266	0.317508036261755	0.541	0.208	4.23174325116385e-262
300	T	KLF6	1.95407044658834e-265	0.322306912463238	0.775	0.455	3.08156909426982e-261
301	T	PDE4D	8.12281666433187e-259	0.294582644100661	0.399	0.118	1.28096818796514e-254
302	T	RSRC2	7.03672616447888e-252	0.322718800035262	0.627	0.279	1.10969171613832e-247
303	T	DNAJB6	1.06619230310477e-248	0.31774261599885	0.623	0.278	1.68138526199623e-244
304	T	RUNX3	1.92008066082498e-240	0.321893253870696	0.617	0.277	3.02796720212099e-236
305	T	LINC-PINT	9.7126349699297e-239	0.31933767194588	0.684	0.334	1.53168253475791e-234
306	T	IDI1	1.55611851095808e-237	0.300550568075834	0.505	0.199	2.4539988917809e-233
307	T	HSPA5	2.89054401328e-224	0.306583156687759	0.692	0.366	4.55838790894256e-220
308	T	KDM6B	2.18628024509587e-223	0.256168075289988	0.307	0.08	3.44776394651618e-219
309	T	SPOCK2	1.74547989506297e-215	0.298043965115617	0.634	0.323	2.7526217945143e-211
310	T	SELENOK	1.42682278847846e-206	0.293308792363814	0.642	0.325	2.25009953743052e-202
311	T	EML4	1.2328361499497e-200	0.292963593499277	0.644	0.323	1.94418260847068e-196
312	T	CD69	2.19283393535674e-195	0.293941290332895	0.716	0.401	3.45809911605759e-191
313	T	BCLAF1	3.796892498862e-187	0.28350263686079	0.704	0.381	5.98769947070538e-183
314	T	DDX21	6.09229753712331e-183	0.276435819743594	0.578	0.29	9.60755321604345e-179
315	T	CHD1	1.43094196423873e-182	0.269912694850932	0.527	0.245	2.25659547760448e-178
316	T	PMAIP1	4.23781686855197e-180	0.257222635641687	0.321	0.107	6.68303720170646e-176
317	T	TGFB1	3.12098577525661e-179	0.274200840528619	0.616	0.336	4.92179456757968e-175
318	T	EZR	7.66333559688706e-177	0.275051488891889	0.633	0.331	1.20850802362909e-172
319	T	HNRNPH3	1.70662453792633e-175	0.269673860355673	0.614	0.316	2.69134689630982e-171
320	T	CD44	4.52154308940037e-174	0.266350860042237	0.726	0.433	7.13047345198438e-170
321	T	ADGRE5	2.69023372725433e-173	0.253163626658794	0.441	0.182	4.24249858788007e-169
322	T	NFKBIA	7.59518356224724e-172	0.277299337393685	0.685	0.377	1.19776044776639e-167
323	T	ARF1	2.68092964116831e-163	0.262743108648173	0.613	0.308	4.22782604412243e-159
324	T	PPP1CB	3.70393575454205e-163	0.254808527488998	0.549	0.263	5.84110668491282e-159
325	T	SLC2A3	1.17840535432161e-162	0.250156782197917	0.48	0.22	1.85834524376518e-158
326	T	STK17B	1.84210432161393e-156	0.254562967981159	0.712	0.422	2.90499851518517e-152
327	T	CCNL1	2.85851426095626e-156	0.26455996466661	0.766	0.452	4.50787698952802e-152
328	T	SNRPB	5.70613447748779e-152	0.254280811309898	0.606	0.307	8.99857407099824e-148
329	T	RNF19A	7.09685666842252e-146	0.252346111974853	0.567	0.288	1.11917429661023e-141
330	B	CD79B	0	-0.657093855301774	0.255	0.798	0
331	B	EZR	4.72309561661158e-221	0.410237390860466	0.859	0.52	7.44832178739647e-217
332	B	TCL1A	1.95741627462508e-211	-0.663679671922379	0.046	0.51	3.08684546508375e-207
333	B	TSC22D3	4.01517933686388e-201	0.332627652642018	0.915	0.664	6.33193781423434e-197
334	B	DDX21	2.38758094472027e-188	0.449821585560558	0.704	0.323	3.76521514982386e-184
335	B	OAZ1	4.02372261253238e-176	-0.398135179165683	0.466	0.793	6.34541055996357e-172
336	B	KLF6	2.58788152025504e-175	0.406221577877911	0.834	0.489	4.0810891574422e-171
337	B	ARPC3	8.83296784706641e-160	-0.366880879147017	0.504	0.819	1.39295902948237e-155
338	B	PRRC2C	2.90276327444011e-144	0.333563030787002	0.839	0.538	4.57765768379205e-140
339	B	PELI1	8.83623960225281e-142	0.385759385906725	0.448	0.13	1.39347498527527e-137
340	B	H3F3A	4.37652165891216e-132	-0.264110306100961	0.696	0.911	6.90177465610448e-128
341	B	LTB	5.91954329032328e-129	-0.367301712302093	0.439	0.737	9.33511976883981e-125
342	B	RCSD1	4.2734949495481e-124	-0.421316391729344	0.209	0.563	6.73930153543735e-120
343	B	IFI44L	1.48038499576867e-116	0.306409164951939	0.238	0.031	2.33456713832719e-112
344	B	ATP6V1G1	7.66224969308003e-116	-0.354600492177321	0.363	0.668	1.20833677659872e-111
345	B	STX7	3.47205596518576e-115	-0.409067630485783	0.172	0.51	5.47543225709795e-111
346	B	CD83	7.67939922555621e-114	0.370200912074184	0.558	0.247	1.21104125787021e-109
347	B	MYL12A	4.73776138517221e-113	-0.367889216888008	0.334	0.651	7.47144970441657e-109
348	B	IRF2BP2	4.50240688625109e-112	0.31779587944244	0.407	0.128	7.10029565961797e-108
349	B	IGHA1	4.54035792768127e-112	0.36342147588669	0.485	0.175	7.16014445195336e-108
350	B	SAT1	2.84541965387551e-105	0.3299597494341	0.636	0.358	4.48722679416167e-101
351	B	DDX24	1.03052133652488e-104	0.299974428841001	0.76	0.486	1.62513214769974e-100
352	B	GRASP	1.27555709623451e-100	0.28982272787722	0.302	0.073	2.01155354076183e-96
353	B	RPS26	3.19947689034881e-99	0.256412303511608	0.921	0.719	5.04557505608007e-95
354	B	MTRNR2L8	2.39026464964244e-95	0.255332143271365	0.266	0.058	3.76944735248613e-91
355	B	VPREB3	9.40976192043951e-95	-0.379495724219067	0.187	0.488	1.48391945485331e-90
356	B	TRA2B	9.82346199799738e-94	0.303896275982106	0.681	0.399	1.54915995708419e-89
357	B	LY9	1.84439597258641e-93	0.28601305754666	0.323	0.093	2.90861244876877e-89
358	B	SNHG9	2.4601496581263e-90	0.277959236831922	0.354	0.114	3.87965601086518e-86
359	B	NR4A2	7.90499791611657e-90	0.271800464007933	0.294	0.078	1.24661817137158e-85
360	B	UBALD2	1.20237510106496e-89	0.307543427177076	0.463	0.192	1.89614553437944e-85
361	B	CD69	3.33128355667336e-89	0.342504240902662	0.541	0.274	5.2534341688739e-85
362	B	EAF2	5.96755025202143e-88	-0.334660288186406	0.089	0.36	9.41082674743779e-84
363	B	NEAT1	7.56124239730567e-87	0.2949600800405	0.776	0.507	1.1924079260551e-82
364	B	TMBIM4	5.47021693079841e-86	-0.330637504617394	0.191	0.464	8.6265320998691e-82
365	B	ERP29	9.32226007427832e-86	-0.293709133223989	0.405	0.644	1.47012041371369e-81
366	B	NOP58	5.09633877964408e-83	0.287555669747561	0.409	0.162	8.03692625549872e-79
367	B	EMP3	2.99408274674631e-81	0.260786986384311	0.695	0.496	4.72166849161893e-77
368	B	BCLAF1	5.18748340341816e-78	0.282578566153686	0.667	0.396	8.18066132719044e-74
369	B	CALHM6	1.37406928942628e-77	-0.321363060809949	0.123	0.379	2.16690726942524e-73
370	B	RBM38	5.2457535947095e-77	0.290960606212145	0.436	0.201	8.27255341885689e-73
371	B	ACTG1	6.07869696072409e-73	-0.2812937083818	0.436	0.66	9.58610510706189e-69
372	B	SBDS	9.1465824081928e-73	0.268301151304561	0.44	0.192	1.442416045772e-68
373	B	RSRC2	2.99650186404748e-72	0.275966227522092	0.558	0.3	4.72548343960288e-68
374	B	PRDM2	3.85348691720713e-70	0.263828968895888	0.655	0.414	6.07694886843564e-66
375	B	EIF3K	9.94901354036447e-69	-0.260791633966294	0.446	0.675	1.56895943531548e-64
376	B	ATP6V0E1	1.36832213873207e-67	-0.286037118440813	0.202	0.439	2.15784401278047e-63
377	B	IGHG3	1.52847178570052e-67	0.26788636038036	0.319	0.114	2.41040000604972e-63
378	B	SMIM14	1.64277053247222e-67	-0.298753836849616	0.106	0.342	2.59064912970869e-63
379	B	ANAPC16	4.39568792837756e-67	-0.291207020545116	0.283	0.532	6.93199986305141e-63
380	B	HVCN1	1.86000307340415e-66	-0.293271278562413	0.128	0.364	2.93322484675834e-62
381	B	UCP2	8.52027328395825e-66	-0.298880390644414	0.206	0.448	1.34364709688022e-61
382	B	RIPOR2	2.0299340956541e-64	-0.30089165420104	0.241	0.504	3.20120606884652e-60
383	B	LSM10	9.07136797856154e-64	-0.265430897838579	0.073	0.282	1.43055473021915e-59
384	B	ARPC5	7.03418583413709e-63	-0.284818863317868	0.156	0.382	1.10929110604342e-58
385	B	FAM133B	8.49002093466363e-63	0.25395631438286	0.621	0.395	1.33887630139645e-58
386	B	LINC02397	1.06994153361922e-62	-0.278544823894463	0.088	0.307	1.68729779851751e-58
387	B	ZFP36	2.38053528634181e-61	0.255295708915497	0.433	0.219	3.75410414656103e-57
388	B	SELENOK	4.86639094908344e-61	0.250829632540197	0.449	0.231	7.67429852670459e-57
389	B	SMDT1	4.90380352761082e-61	-0.271108361333285	0.275	0.49	7.73329816304227e-57
390	B	ARL6IP5	6.26435810342612e-61	-0.276412657160457	0.163	0.38	9.87889272910299e-57
391	B	CLIC1	8.47417086042838e-61	-0.26155745197645	0.339	0.551	1.33637674468955e-56
392	B	CD81	1.8737116486116e-60	-0.274832051031821	0.279	0.501	2.95484326986049e-56
393	B	ARPC1B	3.69256445269925e-59	-0.27595127451261	0.248	0.481	5.82317414190672e-55
394	B	SELL	1.10103164011032e-57	-0.274040408620871	0.126	0.35	1.73632689645397e-53
395	B	PCDH9	1.52110598377437e-57	-0.287329309849664	0.086	0.293	2.39878413641218e-53
396	B	CD72	3.11146416944862e-56	-0.260419106897373	0.067	0.257	4.90677899522048e-52
397	B	PSMB9	7.89796214583252e-56	-0.265862196253306	0.185	0.404	1.24550863039779e-51
398	B	PARP1	1.11481366027784e-54	-0.260947463178357	0.178	0.389	1.75806114225815e-50
399	B	CD53	1.36905713559209e-53	-0.262254322349261	0.185	0.39	2.15900310282872e-49
400	B	FCMR	2.84520732244936e-52	-0.261395447337221	0.172	0.388	4.48689194750264e-48
401	B	TNFAIP8	3.12647366681352e-51	-0.25735945393614	0.18	0.389	4.93044897256492e-47
402	B	SNX2	1.65856083047932e-49	-0.252006063707426	0.277	0.494	2.61555042966589e-45
403	B	CXXC5	2.81145892946821e-48	-0.250047641235513	0.225	0.423	4.43367073177137e-44
404	HSPC	NEAT1	8.33965908953242e-193	0.275340133631949	0.982	0.938	1.31516423841926e-188
405	HSPC	SERPINE2	1.4991647642939e-167	-0.294346826487933	0.041	0.436	2.36418283329149e-163
406	HSPC	CCNL1	5.53483356980921e-135	0.345828581419088	0.903	0.752	8.72843253958913e-131
407	HSPC	LDHB	1.01415340892086e-120	-0.269420894548824	0.757	0.972	1.5993199258682e-116
408	HSPC	SAT1	5.51293512387117e-113	0.446105078211597	0.826	0.575	8.69389869034484e-109
409	HSPC	LAPTM4B	6.96550480401528e-112	-0.327974063957928	0.174	0.607	1.09846010759321e-107
410	HSPC	PRDX1	1.07756094811406e-108	-0.378440529125574	0.523	0.883	1.69931361517588e-104
411	HSPC	SLC25A3	2.01570980717859e-104	-0.272513595471651	0.708	0.924	3.17877436592064e-100
412	HSPC	SUMO2	1.3664360125524e-101	-0.251795562692013	0.748	0.957	2.15486959179513e-97
413	HSPC	ODC1	1.49714282438389e-97	-0.321697713333693	0.225	0.609	2.3609942340534e-93
414	HSPC	PRKAR2B	3.58907113870732e-96	-0.288148638082591	0.082	0.396	5.65996518574144e-92
415	HSPC	SPINT2	3.4589721362734e-92	-0.322522163080288	0.323	0.733	5.45479905890315e-88
416	HSPC	PRDX4	1.62108850696013e-91	-0.270062520340375	0.16	0.529	2.55645657547613e-87
417	HSPC	CLTA	2.36929717855373e-91	-0.31805553048957	0.39	0.782	3.73638165057923e-87
418	HSPC	PARK7	4.50766888822902e-91	-0.307657862565952	0.552	0.874	7.10859383673716e-87
419	HSPC	RAN	3.47567986735093e-90	-0.302802643202503	0.609	0.9	5.48114715081241e-86
420	HSPC	DYNLL1	6.60427056680226e-90	-0.352357340180238	0.34	0.7	1.04149346838472e-85
421	HSPC	STMN1	4.70407428862369e-88	-0.352890658802219	0.552	0.882	7.41832515315956e-84
422	HSPC	NDUFAB1	4.32140952099983e-87	-0.301293507962202	0.292	0.666	6.81486281461673e-83
423	HSPC	IRF2BP2	1.02600977288258e-86	0.290750097636773	0.824	0.693	1.61801741183583e-82
424	HSPC	GP1BB	1.40707299232075e-86	-0.301402832063824	0.079	0.377	2.21895410888982e-82
425	HSPC	CD44	1.76396704549067e-86	0.309930995647344	0.801	0.666	2.78177603073879e-82
426	HSPC	PRDX2	2.7327503254817e-84	-0.330791258705113	0.421	0.779	4.30954726328464e-80
427	HSPC	EIF3K	5.67886279101053e-84	-0.252470727316359	0.708	0.95	8.95556662142361e-80
428	HSPC	PPDPF	6.98721329806498e-84	-0.307901485530247	0.568	0.887	1.10188353710485e-79
429	HSPC	DAD1	1.1629793504253e-83	-0.3167431878105	0.333	0.726	1.8340184356207e-79
430	HSPC	ERH	4.75491602350096e-82	-0.303305905619528	0.494	0.828	7.49850256906101e-78
431	HSPC	JMJD1C	3.84420546659911e-81	0.331151044021673	0.768	0.588	6.06231202082679e-77
432	HSPC	PRDX3	3.85812607229904e-81	-0.277223702964002	0.216	0.567	6.08426481601559e-77
433	HSPC	OSTC	7.14534039062609e-81	-0.29659636529355	0.476	0.807	1.12682017960174e-76
434	HSPC	H2AFZ	1.08799442750251e-80	-0.317074299626782	0.631	0.894	1.71576721217146e-76
435	HSPC	SLC25A5	1.85425940966922e-80	-0.277684690638708	0.626	0.879	2.92416708904837e-76
436	HSPC	ALDH1A1	1.22195910397236e-79	-0.250439863762224	0.116	0.449	1.9270295069644e-75
437	HSPC	MRPS15	1.01806804254449e-78	-0.262651462072509	0.233	0.596	1.60549330309267e-74
438	HSPC	TMEM14C	1.30174918513176e-77	-0.311291865865294	0.378	0.718	2.05285846495278e-73
439	HSPC	MYL12A	3.60533053907704e-76	-0.299504423082482	0.505	0.826	5.68560626012449e-72
440	HSPC	CCT8	6.27562229466424e-75	-0.282364546330377	0.505	0.826	9.8966563586855e-71
441	HSPC	TPM1	1.22764792459032e-73	-0.253771600112289	0.115	0.418	1.93600077707893e-69
442	HSPC	MRPS24	1.56181541024383e-72	-0.274303218672998	0.349	0.712	2.46298290195452e-68
443	HSPC	S100A4	5.55471170659658e-72	-0.319543193903365	0.605	0.902	8.75978036130281e-68
444	HSPC	MARCKSL1	6.47862167837983e-72	-0.267734421350863	0.189	0.517	1.0216786386805e-67
445	HSPC	PPM1G	1.91114893798184e-71	-0.28776162338984	0.361	0.712	3.01388187519736e-67
446	HSPC	DUT	2.24027544723711e-71	-0.305312501449723	0.522	0.836	3.53291438029292e-67
447	HSPC	LIMS1	3.18372580069397e-70	-0.286236795402488	0.388	0.754	5.02073558769438e-66
448	HSPC	ATP5PO	9.48174256696205e-70	-0.257045910647797	0.621	0.905	1.49527080280992e-65
449	HSPC	TYMS	2.80771722484588e-69	-0.294132855899885	0.183	0.503	4.42777006358195e-65
450	HSPC	CYTL1	3.6512388899371e-69	-0.279981912175972	0.251	0.601	5.75800372943081e-65
451	HSPC	AKR1A1	1.1928639463467e-66	-0.258070864334772	0.307	0.659	1.88114644338875e-62
452	HSPC	PARP1	1.59261624831062e-66	-0.278836605188346	0.383	0.741	2.51155582358584e-62
453	HSPC	C1QBP	2.3486949423274e-66	-0.278187409200182	0.504	0.795	3.70389192405031e-62
454	HSPC	GLRX5	2.26101762808535e-65	-0.256725812070346	0.317	0.646	3.5656247994906e-61
455	HSPC	CCT3	2.84489556475213e-65	-0.273013442619223	0.387	0.738	4.48640030561411e-61
456	HSPC	VPS28	2.9538234104389e-65	-0.262936428204142	0.401	0.756	4.65817951826215e-61
457	HSPC	PHB	3.57194245713216e-65	-0.265423587863872	0.33	0.659	5.63295325489742e-61
458	HSPC	GTF2A2	5.27322785489076e-65	-0.259589237303656	0.321	0.673	8.31588032716273e-61
459	HSPC	ATP5MC3	7.9143409652954e-65	-0.250871953990676	0.628	0.874	1.24809157022708e-60
460	HSPC	NAA38	8.25334839259656e-65	-0.285579264243859	0.454	0.784	1.30155304151248e-60
461	HSPC	MRPL51	1.05002052140749e-62	-0.257932858280396	0.325	0.67	1.65588236225962e-58
462	HSPC	CLNS1A	1.19383049797316e-62	-0.265490285223834	0.421	0.76	1.88267069530368e-58
463	HSPC	PSMB6	1.76764178189113e-62	-0.256554810551935	0.35	0.685	2.78757109004231e-58
464	HSPC	RABAC1	2.44991975622447e-62	-0.263936742238113	0.389	0.719	3.86352345556599e-58
465	HSPC	COX5A	3.13291526462014e-62	-0.257265474018587	0.571	0.862	4.94060737230596e-58
466	HSPC	CLK1	7.14680601377835e-62	0.309382024650448	0.644	0.407	1.12705130837285e-57
467	HSPC	RNASEH2C	3.82043041464061e-61	-0.26431246280249	0.357	0.691	6.02481876388824e-57
468	HSPC	HIST1H1C	1.5733503198466e-60	0.273883942102431	0.803	0.654	2.48117345439808e-56
469	HSPC	TUFM	1.68288971641482e-60	-0.256173579022214	0.46	0.763	2.65391708278617e-56
470	HSPC	FABP5	5.13748137662424e-60	-0.282291705600443	0.369	0.677	8.10180813093642e-56
471	HSPC	TMEM14B	3.27693112731791e-59	-0.258899133082656	0.413	0.714	5.16772038778034e-55
472	HSPC	TPI1	3.727833705737e-57	-0.251326473473622	0.616	0.883	5.87879375394724e-53
473	HSPC	IFI44L	1.47725820656018e-55	0.373925125152438	0.348	0.064	2.32963619174541e-51
474	HSPC	MIR222HG	2.5978473156847e-55	0.31009286926475	0.436	0.144	4.09680521683477e-51
475	HSPC	PCLAF	1.92120787888854e-54	-0.267763976125405	0.212	0.505	3.02974482500723e-50
476	HSPC	ATP5MC1	7.25744230045933e-54	-0.256064507669029	0.425	0.725	1.14449865078244e-49
477	HSPC	AC103591.3	7.67802567939642e-53	0.36272973973918	0.584	0.365	1.21082464964082e-48
478	HSPC	HIPK1	1.34852444269824e-52	0.295294749267808	0.624	0.436	2.12662304613512e-48
479	HSPC	CXCL8	9.2869765855537e-52	0.324155318753784	0.356	0.066	1.46455620754182e-47
480	HSPC	SPAG9	5.72081916453311e-51	0.270802553045758	0.657	0.478	9.02173182246871e-47
481	HSPC	AFF4	6.03900711616736e-48	0.263715650008472	0.619	0.433	9.52351422219593e-44
482	HSPC	TYROBP	8.69842164530413e-47	0.304549778510241	0.463	0.198	1.37174109346446e-42
483	HSPC	TLE4	1.19323747209568e-46	0.276835461956014	0.611	0.408	1.88173549349489e-42
484	HSPC	SERTAD2	1.59049531489671e-45	0.267020999549341	0.519	0.284	2.50821111159211e-41
485	HSPC	HLA-DPB1	2.16251334529141e-44	-0.25294619622187	0.461	0.771	3.41028354552456e-40
486	HSPC	IFI6	2.82841493023261e-42	0.365000019585061	0.483	0.274	4.46041034497683e-38
487	HSPC	SNHG9	2.05818697837428e-41	0.258287374555776	0.496	0.285	3.24576086489624e-37
488	HSPC	ATF3	9.97537137616501e-41	0.261631602060806	0.387	0.144	1.57311606602122e-36
489	HSPC	MPO	4.67164140556398e-40	0.388491235463131	0.516	0.247	7.36717849657439e-36
490	HSPC	PTGER4	2.1288767790474e-36	0.276058051525989	0.415	0.194	3.35723868055775e-32
491	HSPC	TENT5A	1.02159404606013e-34	0.342946345086351	0.499	0.319	1.61105381063683e-30
492	HSPC	PLCG2	5.03462205565332e-33	0.285530943192379	0.477	0.308	7.93959898176528e-29
493	HSPC	AZU1	1.33965841300421e-30	0.323248002910532	0.38	0.152	2.11264131730764e-26
494	Ery	RPL3	1.71849372890253e-215	-0.353265545634187	0.809	0.984	2.71006461047929e-211
495	Ery	RPL15	1.59557834843405e-213	-0.349129173358575	0.792	0.993	2.5162270554805e-209
496	Ery	RPL7A	4.71698326770372e-210	-0.322640554733691	0.834	0.99	7.43868261316877e-206
497	Ery	RPS2	8.47258653790268e-207	-0.274895682338905	0.883	0.992	1.33612689702725e-202
498	Ery	RPL10	4.94835504472524e-199	-0.306607829754702	0.847	0.989	7.8035559055317e-195
499	Ery	RPS3A	3.67858711472216e-198	-0.282024370128798	0.866	0.997	5.80113187991685e-194
500	Ery	RACK1	8.59974533643958e-198	-0.400978889308561	0.733	0.985	1.35617983955652e-193
501	Ery	RPS3	2.97513917132839e-196	-0.256135850194611	0.888	0.993	4.69179447318488e-192
502	Ery	RPS9	7.36389317081431e-193	-0.300120759470347	0.833	0.992	1.16128595303742e-188
503	Ery	EEF1B2	9.36880695840156e-190	-0.416155324410711	0.717	0.984	1.47746085733993e-185
504	Ery	RPL18	3.41437369541298e-187	-0.270341417893671	0.858	0.99	5.38446731766627e-183
505	Ery	NACA	3.33442275314789e-186	-0.365450715118675	0.751	0.984	5.25838468171423e-182
506	Ery	RPLP0	1.87711424827453e-184	-0.284836191101753	0.837	0.99	2.96020916952893e-180
507	Ery	RPS7	1.68656389382283e-183	-0.308778210932985	0.831	0.997	2.65971126055861e-179
508	Ery	RPSA	1.15671578991899e-181	-0.284536868289288	0.826	0.984	1.82414080070224e-177
509	Ery	RPS18	9.36318750582605e-180	-0.29390272799931	0.852	0.99	1.47657466966877e-175
510	Ery	HBA1	2.26408535212262e-168	0.441594579248933	0.98	0.882	3.57046260029737e-164
511	Ery	RPS5	9.33306555815111e-165	-0.331726596340509	0.796	0.984	1.47182443852043e-160
512	Ery	SNHG29	1.00070982877958e-162	-0.508725182851706	0.579	0.974	1.57811939998541e-158
513	Ery	RPS4X	1.26420277262781e-161	-0.326850277416812	0.826	0.992	1.99364777243406e-157
514	Ery	RPL17	9.09162095470251e-159	-0.315524854482877	0.827	0.989	1.43374862455659e-154
515	Ery	HBA2	2.83974010782391e-157	0.588152972443854	0.955	0.759	4.4782701500383e-153
516	Ery	RPS23	1.45938166460975e-156	-0.318290726509969	0.83	0.99	2.30144488508958e-152
517	Ery	RPL19	6.94801990576832e-156	-0.289872282340794	0.834	0.99	1.09570273913966e-151
518	Ery	ALDH1A1	3.59469828646327e-154	-0.512410743372371	0.305	0.918	5.66883919775257e-150
519	Ery	RPL7	7.7006278603597e-152	-0.317929326495063	0.799	0.987	1.21438901357872e-147
520	Ery	SYNGR1	2.58327537686772e-149	-0.558294286939316	0.391	0.957	4.0738252693204e-145
521	Ery	EEF1G	2.10122795212841e-148	-0.366668345150304	0.709	0.987	3.31363648050651e-144
522	Ery	FAM89A	2.91876286034357e-148	-0.463840448551991	0.189	0.8	4.6028890307618e-144
523	Ery	NME2	7.27564841551411e-148	-0.534544894643752	0.492	0.975	1.14736975512658e-143
524	Ery	NME4	3.40974364500906e-143	-0.497321638399114	0.474	0.984	5.37716572817929e-139
525	Ery	FCGRT	1.65220345732597e-142	-0.451280203953019	0.278	0.894	2.60552485220305e-138
526	Ery	EPCAM	2.27929692296777e-142	-0.504189555753743	0.297	0.903	3.59445124752017e-138
527	Ery	GIHCG	2.32731335284036e-140	-0.512017957988002	0.375	0.951	3.67017315742924e-136
528	Ery	RPL29	3.7892985875567e-139	-0.251301760539492	0.854	0.989	5.97572387257692e-135
529	Ery	RPL11	3.6961266130189e-138	-0.271603443511851	0.853	0.993	5.8287916687308e-134
530	Ery	GLRX	5.79758793745112e-136	-0.52724120353532	0.364	0.926	9.14279617736041e-132
531	Ery	PEBP1	3.80797227754281e-132	-0.518620312626667	0.405	0.962	6.00517228168501e-128
532	Ery	RPL10A	4.73159352805193e-130	-0.358858080965396	0.749	0.985	7.4617229937379e-126
533	Ery	PPP1R14B	1.5265392415061e-129	-0.504495529379641	0.398	0.961	2.40735238385512e-125
534	Ery	MGMT	1.43831217572785e-127	-0.325323794712517	0.135	0.697	2.26821830112282e-123
535	Ery	HBM	2.41039422156258e-127	0.722238309152914	0.886	0.434	3.80119168740419e-123
536	Ery	FAM178B	8.98860042587073e-126	-0.561016207770173	0.336	0.931	1.41750228715981e-121
537	Ery	BTF3	1.07455325281865e-124	-0.374013917808163	0.675	0.987	1.69457047969501e-120
538	Ery	SELENOH	1.61379873642802e-123	-0.462470229096081	0.468	0.967	2.54496060734698e-119
539	Ery	C1QBP	2.33351820423707e-123	-0.485935183536875	0.446	0.959	3.67995820808186e-119
540	Ery	G0S2	5.33487758564383e-122	-0.319523014592057	0.035	0.537	8.41310195256032e-118
541	Ery	SLC25A6	8.93658654236504e-119	-0.415588076047567	0.571	0.98	1.40929969773097e-114
542	Ery	PHB	1.25387501406183e-118	-0.449894193514191	0.413	0.954	1.97736089717551e-114
543	Ery	SCCPDH	1.86997264383908e-116	-0.382128598509745	0.289	0.843	2.94894685933423e-112
544	Ery	RBM3	1.1204968443819e-115	-0.418542306489397	0.532	0.964	1.76702352359026e-111
545	Ery	RPL5	1.3001076648387e-115	-0.312658162006968	0.829	0.984	2.05026978745062e-111
546	Ery	APRT	1.69930914675431e-115	-0.445372216205519	0.47	0.964	2.67981052443155e-111
547	Ery	ECH1	1.41739917586809e-114	-0.431409333651568	0.398	0.938	2.23523850034398e-110
548	Ery	TMEM141	8.00084197749274e-114	-0.407855280984093	0.357	0.895	1.2617327798506e-109
549	Ery	PLA2G12A	1.39226945127893e-113	-0.39491320647344	0.323	0.869	2.19560892466687e-109
550	Ery	ZNF22	2.76245551110988e-113	-0.367672713015074	0.248	0.789	4.35639234102028e-109
551	Ery	S100A4	3.98426579322471e-113	-0.465021044742342	0.605	0.975	6.28318715591537e-109
552	Ery	RPL4	4.66510384213545e-113	-0.335132844063603	0.738	0.984	7.3568687590476e-109
553	Ery	EIF3E	2.42227980240055e-112	-0.436106559154927	0.528	0.969	3.81993524838567e-108
554	Ery	TST	4.42681126448124e-112	-0.39497612684226	0.33	0.869	6.98108136408691e-108
555	Ery	H2AFZ	5.98023685715575e-111	-0.347651258212571	0.696	0.984	9.43083352373462e-107
556	Ery	ZFP36L2	6.36252484411286e-110	-0.465655018965971	0.47	0.939	1.0033701679166e-105
557	Ery	SLC4A1	2.49874016908029e-109	0.649353611213831	0.823	0.439	3.94051324663962e-105
558	Ery	PRMT1	2.58365748656356e-109	-0.416232309501145	0.344	0.908	4.07442785631073e-105
559	Ery	SLC25A3	4.00144575119326e-109	-0.361269753520062	0.646	0.985	6.31027994963176e-105
560	Ery	EBPL	1.76830921201504e-108	-0.368407156788033	0.242	0.75	2.78862362734772e-104
561	Ery	ATP5MC1	2.59447886754213e-108	-0.462023185880748	0.461	0.969	4.09149317411393e-104
562	Ery	RPS13	5.93457607614727e-108	-0.280600185884745	0.82	0.989	9.35882647208425e-104
563	Ery	CDK4	7.80746981691044e-108	-0.421052790446067	0.374	0.928	1.23123799012678e-103
564	Ery	RPS4Y1	9.6175827353872e-107	-0.55550467045842	0.06	0.514	1.51669279737056e-102
565	Ery	PAFAH1B3	1.04970481154295e-106	-0.391040768983214	0.355	0.89	1.65538448780324e-102
566	Ery	MT-ND6	1.24383306366717e-106	-0.419927957877265	0.281	0.871	1.96152474140312e-102
567	Ery	GCSH	2.91840186019537e-106	-0.387864343967445	0.29	0.82	4.6023197335281e-102
568	Ery	TMEM14C	4.33492278367765e-106	-0.382660151781243	0.615	0.982	6.83617322985965e-102
569	Ery	LSM4	7.70047511876055e-106	-0.412140060502633	0.413	0.936	1.21436492622854e-101
570	Ery	TSPO	2.85213486929872e-104	-0.405858856697034	0.522	0.975	4.49781668888408e-100
571	Ery	LMO2	4.6932902359677e-104	-0.416048897779265	0.447	0.954	7.40131870212107e-100
572	Ery	HNRNPA1	3.23982600142708e-103	-0.354286141381809	0.704	0.977	5.10920560425051e-99
573	Ery	RHOBTB3	4.0233589320526e-103	-0.385679636883061	0.308	0.849	6.34483703584695e-99
574	Ery	MAP2K2	1.00265875200196e-102	-0.416468011709537	0.483	0.959	1.58119285190709e-98
575	Ery	SLC25A37	5.06750904556287e-102	0.320748903511832	0.981	0.944	7.99146176485265e-98
576	Ery	ETFB	1.1373890953233e-101	-0.397009079053661	0.436	0.941	1.79366260332485e-97
577	Ery	PRDX4	2.14409198221125e-101	-0.363808013737882	0.307	0.83	3.38123305594714e-97
578	Ery	PCNX4	2.7666967915833e-101	-0.31966705082002	0.161	0.66	4.36308084032686e-97
579	Ery	SMIM10	3.95006143725965e-101	-0.37762358400524	0.293	0.836	6.22924688655847e-97
580	Ery	PARK7	5.65993683321462e-101	-0.414732351628857	0.516	0.98	8.92572038597946e-97
581	Ery	CNRIP1	8.39444268252001e-101	-0.363258904913987	0.278	0.831	1.32380361103341e-96
582	Ery	DNPH1	9.3788584695639e-101	-0.371045418746198	0.357	0.885	1.47904598065023e-96
583	Ery	PSMG1	1.19089356331279e-100	-0.371557609604102	0.335	0.864	1.87803914934427e-96
584	Ery	ECHS1	3.1923820586669e-100	-0.371853818164915	0.341	0.874	5.03438650651771e-96
585	Ery	CMBL	1.9358081280619e-99	-0.335643417926947	0.228	0.74	3.05276941795362e-95
586	Ery	NPM1	2.04930702481853e-99	-0.511576301060183	0.56	0.977	3.23175717813882e-95
587	Ery	NME1	7.2090530146465e-99	-0.443315608288238	0.376	0.925	1.13686766040975e-94
588	Ery	SEC11A	7.77242987288537e-99	-0.376759302224846	0.394	0.907	1.22571219095402e-94
589	Ery	RPS20	2.89854246639943e-98	-0.261971596886112	0.832	0.989	4.5710014695119e-94
590	Ery	CDK6	3.23589590135849e-98	-0.446324096873496	0.398	0.943	5.10300783644234e-94
591	Ery	EIF4B	6.49121208018352e-98	-0.418122017632004	0.506	0.969	1.02366414504494e-93
592	Ery	MYC	1.13199440645998e-97	-0.399479014291771	0.222	0.712	1.78515517898739e-93
593	Ery	MT-ND2	1.21144781593627e-97	-0.252337170150467	0.844	0.985	1.9104532057315e-93
594	Ery	LDHB	2.17156574756824e-97	-0.497473227446816	0.456	0.972	3.42455918391511e-93
595	Ery	SERPINE2	4.214166544036e-97	-0.276849829178865	0.113	0.581	6.64574063994477e-93
596	Ery	TKT	1.21457124344419e-96	-0.417386054726953	0.423	0.943	1.91537885091149e-92
597	Ery	CD63	1.54453158987322e-96	-0.37753931049514	0.328	0.845	2.43572631723006e-92
598	Ery	NOP53	2.11160483411083e-96	-0.37084804851417	0.447	0.939	3.33000082339277e-92
599	Ery	ACAA2	7.35986476822491e-96	-0.36461014725836	0.327	0.84	1.16065067394907e-91
600	Ery	TFRC	8.88261712884482e-96	0.26166013048654	0.948	0.938	1.40078872121883e-91
601	Ery	CHCHD2	1.77989306097823e-95	-0.306444859259939	0.714	0.992	2.80689135716267e-91
602	Ery	SRSF9	8.38766629287902e-95	-0.391828660860302	0.443	0.931	1.32273497438702e-90
603	Ery	DECR1	1.29152976812121e-94	-0.358349961941545	0.36	0.879	2.03674244432715e-90
604	Ery	OSTC	1.53178338202593e-94	-0.379901023352301	0.393	0.912	2.4156223934549e-90
605	Ery	MYB	3.91350200188829e-94	-0.376679736565747	0.31	0.849	6.17159265697783e-90
606	Ery	PDCD6	5.84507922582688e-94	-0.342543369152013	0.338	0.833	9.21768993912899e-90
607	Ery	METTL5	6.46018917425127e-94	-0.3614321904899	0.376	0.866	1.01877183277943e-89
608	Ery	CALM1	9.76663365490299e-94	-0.436247425136071	0.495	0.966	1.5401981273782e-89
609	Ery	RPL23A	1.38023692758524e-93	-0.262921409618206	0.807	0.989	2.17663363480192e-89
610	Ery	TOMM20	2.28963690004814e-93	-0.399725920070281	0.518	0.967	3.61075739137591e-89
611	Ery	EIF3I	5.65275171657055e-93	-0.387601913941053	0.433	0.948	8.91438945703176e-89
612	Ery	AKR7A2	3.68923966255541e-92	-0.301298198314892	0.238	0.733	5.81793094784988e-88
613	Ery	SLC25A5	6.7720443970223e-92	-0.404029881410906	0.529	0.974	1.06795140141042e-87
614	Ery	MPST	8.62785504303898e-92	-0.382968281394465	0.408	0.913	1.36061274028725e-87
615	Ery	PLEKHJ1	1.42755975966373e-91	-0.339733628149965	0.349	0.863	2.2512617409897e-87
616	Ery	RPL9	6.49439447311559e-91	-0.290314082932543	0.823	0.992	1.02416600841033e-86
617	Ery	MRTO4	9.22421043761147e-91	-0.35504712782589	0.33	0.859	1.45465798601133e-86
618	Ery	MRPL11	9.80238701535053e-91	-0.368513140714442	0.385	0.907	1.54583643232078e-86
619	Ery	PVT1	1.03435080369417e-90	-0.354348903073145	0.326	0.818	1.63117121742571e-86
620	Ery	ODC1	1.73005532275214e-90	-0.388344709920284	0.486	0.959	2.72829724398012e-86
621	Ery	SUMO2	2.29388633155529e-90	-0.315247465284446	0.682	0.989	3.61745874486269e-86
622	Ery	REXO2	2.73176930267943e-90	-0.4496581287008	0.466	0.961	4.30800019032546e-86
623	Ery	PRDX3	5.22811286801103e-90	-0.383180378493457	0.422	0.92	8.2447339928534e-86
624	Ery	AK6	7.43229688093938e-90	-0.331505339095652	0.31	0.827	1.17207321812414e-85
625	Ery	OAZ1	7.47161876366006e-90	-0.269266084114383	0.749	0.987	1.17827427902919e-85
626	Ery	ECI2	7.58149920518872e-90	-0.369445935975071	0.363	0.892	1.19560242465826e-85
627	Ery	TUFM	8.56741984577195e-90	-0.385362226949663	0.48	0.949	1.35108210967824e-85
628	Ery	URI1	1.33336325392482e-89	-0.32229179668761	0.288	0.799	2.10271385143944e-85
629	Ery	MRPL15	1.48760983117536e-89	-0.302509271840929	0.265	0.792	2.34596070376354e-85
630	Ery	DTD1	1.661279055608e-89	-0.283453401205828	0.189	0.656	2.61983707069381e-85
631	Ery	MRPS12	1.86628867788733e-89	-0.331413354348368	0.327	0.853	2.94313724502832e-85
632	Ery	PRELID1	2.21339311518185e-89	-0.406851361125585	0.468	0.949	3.49052094264177e-85
633	Ery	ERH	4.68615605801558e-89	-0.380393316385669	0.541	0.971	7.39006810349056e-85
634	Ery	TSC22D1	7.1430846228399e-89	-0.340189671300128	0.283	0.789	1.12646444502185e-84
635	Ery	HNRNPF	1.46408582352259e-88	-0.385643178449161	0.49	0.961	2.30886334369513e-84
636	Ery	EGFL7	2.5072303472565e-88	-0.293821558319253	0.17	0.642	3.9539022576235e-84
637	Ery	ATP5F1C	4.30945895901834e-88	-0.393855742067407	0.456	0.943	6.79601677837192e-84
638	Ery	AKR1C3	4.91185776168693e-88	-0.423019563954553	0.356	0.918	7.74599969018029e-84
639	Ery	PDCD7	6.30741574615866e-88	-0.294404147124394	0.25	0.758	9.94679463169221e-84
640	Ery	NUCB2	8.01610423070627e-88	-0.39501137665007	0.524	0.957	1.26413963718238e-83
641	Ery	ARL2	1.65418687819426e-87	-0.347928864578497	0.384	0.882	2.60865270691235e-83
642	Ery	ISOC2	1.94518844233975e-87	-0.362572241217576	0.327	0.876	3.06756217356978e-83
643	Ery	OCIAD2	2.51123229882237e-87	-0.311397029385322	0.27	0.745	3.96021333524288e-83
644	Ery	RPL23	3.51370380032821e-87	-0.360236343965265	0.761	0.987	5.54111089311759e-83
645	Ery	RNH1	6.04134290552857e-87	-0.359211426769792	0.41	0.897	9.52719776201856e-83
646	Ery	EIF4A1	1.02619238983689e-86	-0.365237424807628	0.646	0.984	1.61830539877277e-82
647	Ery	MRPS15	1.23314295981941e-86	-0.357679050327491	0.427	0.928	1.94466644763521e-82
648	Ery	MIF	3.55883409967385e-86	-0.480775155305684	0.442	0.931	5.61228137518567e-82
649	Ery	ATP5MC2	5.3036988113664e-86	-0.426969038475678	0.523	0.967	8.36393302552481e-82
650	Ery	PSMB5	8.26289323347792e-86	-0.355726954658646	0.386	0.913	1.30305826291947e-81
651	Ery	SRM	1.01891538644159e-85	-0.378182053702301	0.362	0.908	1.60682956441839e-81
652	Ery	GAS5	1.40274021280094e-85	-0.398905293947805	0.492	0.953	2.21212131558709e-81
653	Ery	RPL22L1	1.96753221206479e-85	-0.472079874855584	0.466	0.969	3.10279829842618e-81
654	Ery	CENPV	2.26992110658815e-85	-0.309348422131455	0.25	0.717	3.57966558508951e-81
655	Ery	NMNAT3	2.60352113179218e-85	-0.314237786369475	0.283	0.781	4.10575282483627e-81
656	Ery	CLNS1A	3.04650048518323e-85	-0.363137063149705	0.373	0.889	4.80433126513395e-81
657	Ery	TOMM40	3.55024466695829e-85	-0.340658867979709	0.342	0.867	5.59873583979323e-81
658	Ery	HADH	5.37339355397679e-85	-0.311190716549854	0.307	0.802	8.47384163462139e-81
659	Ery	RNF130	8.28622997471766e-85	-0.337616050883385	0.259	0.736	1.30673846701297e-80
660	Ery	CASP6	1.44427948827414e-84	-0.292470568957607	0.232	0.707	2.27762875300832e-80
661	Ery	HEBP2	2.08445194365826e-84	-0.263171795376467	0.183	0.645	3.28718071514908e-80
662	Ery	NIPSNAP2	2.65772405609657e-84	-0.324397724183326	0.314	0.812	4.19123083646429e-80
663	Ery	SMIM19	4.07552781862777e-84	-0.27526011882528	0.211	0.671	6.427107369976e-80
664	Ery	RPL26	4.11235144095626e-84	-0.267898881660935	0.839	0.99	6.48517822238803e-80
665	Ery	MCRIP2	4.55940999119505e-84	-0.291155462507668	0.26	0.756	7.1901895561146e-80
666	Ery	PPIB	5.3634869730573e-84	-0.383042008899384	0.473	0.944	8.45821895651136e-80
667	Ery	NUDC	6.11008900438813e-84	-0.395460156614862	0.454	0.956	9.63561035992008e-80
668	Ery	PHB2	6.81977518021857e-84	-0.390647530810388	0.448	0.949	1.07547854592047e-79
669	Ery	CCDC85B	1.2125569183841e-83	-0.330367772063819	0.354	0.848	1.91220226029173e-79
670	Ery	DPP7	1.54233338890002e-83	-0.308591598968614	0.311	0.813	2.43225975429533e-79
671	Ery	HMGN3	2.01957641908908e-83	-0.335818455367402	0.321	0.818	3.18487201290349e-79
672	Ery	FIBP	2.02107919340822e-83	-0.284215543880061	0.266	0.745	3.18724188800476e-79
673	Ery	NDUFAB1	2.74621776978732e-83	-0.374838594366005	0.477	0.946	4.33078542295461e-79
674	Ery	MCM3	2.99704916720043e-83	-0.370623515014634	0.41	0.918	4.72634653667507e-79
675	Ery	PARL	1.22760503821371e-82	-0.272265358299987	0.233	0.707	1.93593314526301e-78
676	Ery	MPC2	1.59246018399857e-82	-0.344854678426241	0.609	0.982	2.51130971016575e-78
677	Ery	AL031123.5	3.76702501624711e-82	-0.311707769264854	0.191	0.648	5.9405984506217e-78
678	Ery	ATP5MC3	6.78639754944656e-82	-0.403976978108891	0.558	0.977	1.07021489354772e-77
679	Ery	STMN1	8.88295643252419e-82	-0.421873747776601	0.529	0.972	1.40084222940906e-77
680	Ery	COX5A	1.08129459150515e-81	-0.428090178609584	0.466	0.966	1.70520157080363e-77
681	Ery	MYDGF	1.55585002460002e-81	-0.305438305845539	0.31	0.797	2.45357548879424e-77
682	Ery	VKORC1	1.64599929241729e-81	-0.293015987537969	0.285	0.764	2.59574088414206e-77
683	Ery	ADH5	2.07619908847789e-81	-0.316056372041592	0.306	0.799	3.27416596252963e-77
684	Ery	ESD	2.09852958210552e-81	-0.366091014625221	0.412	0.926	3.30938115098041e-77
685	Ery	RPL14	2.63415505618286e-81	-0.257465653178411	0.856	0.993	4.15406252360038e-77
686	Ery	MRPS26	3.13551963493497e-81	-0.304704642447192	0.278	0.763	4.94471446429244e-77
687	Ery	TSFM	4.2214706345931e-81	-0.288155054234673	0.282	0.766	6.65725919075332e-77
688	Ery	EXOSC7	6.66306812140368e-81	-0.279947676267526	0.246	0.718	1.05076584274536e-76
689	Ery	CPVL	8.12112407527655e-81	-0.359510389045017	0.281	0.746	1.28070126667111e-76
690	Ery	P4HB	1.09229382543174e-80	-0.360077398672805	0.482	0.957	1.72254736270585e-76
691	Ery	RNASEH2B	1.6003147255908e-80	-0.35696651907178	0.5	0.956	2.52369632225668e-76
692	Ery	PGK1	1.66851498709317e-80	-0.338792382184245	0.386	0.894	2.63124813464593e-76
693	Ery	NAA20	1.75064876156897e-80	-0.296748299667407	0.28	0.753	2.76077309699426e-76
694	Ery	TIMM9	2.02661551498886e-80	-0.28330870422061	0.259	0.741	3.19597266713743e-76
695	Ery	RAN	3.23452280985588e-80	-0.33986531583483	0.668	0.989	5.10084247114272e-76
696	Ery	EIF3F	4.90114636602234e-80	-0.364557889336734	0.507	0.957	7.72910781921723e-76
697	Ery	TTC3	4.94329006869507e-80	-0.334980030376605	0.369	0.866	7.79556843833212e-76
698	Ery	ATP6V0E1	5.61685109103782e-80	-0.315100206000257	0.358	0.849	8.85777417056663e-76
699	Ery	MRPS2	8.53080303061509e-80	-0.286778604503758	0.279	0.771	1.345307637928e-75
700	Ery	C9orf16	1.1658554617204e-79	-0.333932132969136	0.436	0.917	1.83855406313308e-75
701	Ery	ALKBH7	1.25699869556646e-79	-0.313565170018915	0.339	0.835	1.9822869429083e-75
702	Ery	MRPS24	1.57854437427858e-79	-0.398738885297935	0.46	0.951	2.48936447823732e-75
703	Ery	MRPL51	1.91078211755473e-79	-0.380179412103823	0.481	0.957	3.01330339938381e-75
704	Ery	GNAS	1.98418285670166e-79	-0.272905096488868	0.739	0.997	3.12905636501851e-75
705	Ery	MGST2	2.46193429902831e-79	-0.309289858186723	0.301	0.797	3.88247038956765e-75
706	Ery	FKBP4	3.04523402696999e-79	-0.36324140179731	0.36	0.89	4.80233406053168e-75
707	Ery	GPX4	4.43388737791962e-79	-0.388285144213893	0.484	0.959	6.99224039497924e-75
708	Ery	HSP90AB1	9.41625732757211e-79	-0.424372085371675	0.643	0.982	1.48494378055812e-74
709	Ery	IQGAP2	9.573435142038e-79	-0.345007302422363	0.413	0.91	1.50973072189939e-74
710	Ery	SLC39A3	1.41379402184693e-78	-0.330103546104941	0.376	0.869	2.22955317245261e-74
711	Ery	CNBP	2.53659983499755e-78	-0.355441588521458	0.497	0.941	4.00021793979114e-74
712	Ery	CST3	2.56211945262553e-78	-0.337747784229973	0.351	0.836	4.04046237679046e-74
713	Ery	MRPS25	2.90278547022646e-78	-0.30437270969284	0.32	0.804	4.57769268654712e-74
714	Ery	THOC6	3.11401192657887e-78	-0.256348231773961	0.214	0.678	4.91079680821487e-74
715	Ery	MARCKSL1	3.7929997102681e-78	-0.319495498341101	0.235	0.681	5.98156054309279e-74
716	Ery	PGLS	5.88233291036338e-78	-0.290037968674257	0.31	0.786	9.27643899964305e-74
717	Ery	MAT2A	5.88254396026671e-78	-0.316550859476614	0.323	0.812	9.27677182534061e-74
718	Ery	GTF3A	7.14403241481596e-78	-0.401688272266145	0.473	0.962	1.12661391181648e-73
719	Ery	LAMTOR1	7.15079439902067e-78	-0.328126966140421	0.4	0.866	1.12768027672556e-73
720	Ery	MRPL3	1.35650455813376e-77	-0.331134338931706	0.354	0.848	2.13920768817694e-73
721	Ery	SNHG16	1.39370050806521e-77	-0.349714944667744	0.372	0.899	2.19786570121884e-73
722	Ery	CARS2	1.97251359310088e-77	-0.259834183181634	0.229	0.687	3.11065393632009e-73
723	Ery	CXXC5	2.40369021161472e-77	-0.277142833367653	0.257	0.718	3.79061946371641e-73
724	Ery	PDCD5	5.50220447191826e-77	-0.315317117179222	0.319	0.787	8.67697645221509e-73
725	Ery	DDOST	1.10223837655492e-76	-0.278796651438409	0.286	0.75	1.73822991982711e-72
726	Ery	IMP3	1.35548965353912e-76	-0.282885733311822	0.306	0.766	2.13760718363119e-72
727	Ery	BID	1.81641721460752e-76	-0.28401768529232	0.254	0.728	2.86448994743606e-72
728	Ery	TAF9	1.83809695472703e-76	-0.367392183921708	0.416	0.926	2.89867889760453e-72
729	Ery	PSMD8	3.16927370623253e-76	-0.343714217183589	0.476	0.935	4.99794463472869e-72
730	Ery	CNPY2	3.63310737617047e-76	-0.302381329149002	0.357	0.854	5.72941033222083e-72
731	Ery	ACADVL	3.69113205042203e-76	-0.318180788896617	0.394	0.876	5.82091524351554e-72
732	Ery	COMMD7	4.75826038692114e-76	-0.253004467016215	0.218	0.663	7.50377663017464e-72
733	Ery	MRPL18	6.02533654704398e-76	-0.314565525776671	0.376	0.864	9.50195573468835e-72
734	Ery	MRPS7	1.10509712409881e-75	-0.31046603713642	0.36	0.864	1.74273816470382e-71
735	Ery	PARP1	1.11798685902953e-75	-0.369907621023993	0.412	0.941	1.76306527668957e-71
736	Ery	ZNF706	1.28437138621767e-75	-0.334241323658947	0.414	0.897	2.02545367606527e-71
737	Ery	SNRNP40	1.32859311481509e-75	-0.303901423795031	0.333	0.835	2.0951913420634e-71
738	Ery	CLTA	2.13364673429835e-75	-0.351827225829348	0.474	0.938	3.36476089998849e-71
739	Ery	AGPAT5	2.69512317377398e-75	-0.286588464678507	0.277	0.751	4.25020924504157e-71
740	Ery	ECI1	6.9125224849694e-75	-0.302209191840965	0.365	0.859	1.09010479587967e-70
741	Ery	CUTA	7.25299352046994e-75	-0.361435693240686	0.428	0.931	1.14379707817811e-70
742	Ery	ERP29	1.15105678803808e-74	-0.336488840083773	0.494	0.948	1.81521655473605e-70
743	Ery	MDH2	1.63403201056824e-74	-0.343032261918357	0.399	0.887	2.57686848066612e-70
744	Ery	HPRT1	3.88374331996272e-74	-0.338141441306834	0.387	0.887	6.12466321558122e-70
745	Ery	GYPB	4.7270881311707e-74	0.433067777794638	0.788	0.481	7.45461798285619e-70
746	Ery	CYTL1	6.07522223296289e-74	-0.309976515416269	0.192	0.617	9.58062546138247e-70
747	Ery	EEF1E1	1.14142251367303e-73	-0.331641911677114	0.373	0.882	1.80002330406237e-69
748	Ery	DNAJC19	1.4486188169278e-73	-0.31318512288941	0.368	0.853	2.28447187429514e-69
749	Ery	ARV1	1.63531565925477e-73	-0.296219153356206	0.305	0.771	2.57889279464477e-69
750	Ery	MRPL4	1.65769301462975e-73	-0.313970621066013	0.358	0.859	2.61418188407111e-69
751	Ery	VDAC3	2.13687018318543e-73	-0.349411651929498	0.522	0.951	3.36984427888343e-69
752	Ery	CCT5	2.64136921133085e-73	-0.376773268743017	0.471	0.944	4.16543924626875e-69
753	Ery	RTRAF	6.17024744925499e-73	-0.359465984909418	0.484	0.954	9.73048022747511e-69
754	Ery	MRPS23	6.5431400357645e-73	-0.275053402817831	0.275	0.736	1.03185318364006e-68
755	Ery	DCTPP1	1.11739675656053e-72	-0.274070451703624	0.284	0.748	1.76213468509596e-68
756	Ery	OLA1	1.1259025599193e-72	-0.315533440588948	0.406	0.881	1.77554833699274e-68
757	Ery	PARVB	2.1040233956685e-72	-0.326729814848576	0.422	0.905	3.31804489496922e-68
758	Ery	CLIC1	2.10890817579315e-72	-0.329915246312942	0.441	0.899	3.32574819322579e-68
759	Ery	TPI1	3.21259330547988e-72	-0.402071882585982	0.493	0.971	5.06625964274177e-68
760	Ery	RPL7L1	3.86240782957609e-72	-0.30767305260722	0.343	0.843	6.0910171472415e-68
761	Ery	TMBIM4	6.47945851665146e-72	-0.285094889970481	0.348	0.823	1.02181060807593e-67
762	Ery	PDIA6	6.7629333295493e-72	-0.354557783343032	0.427	0.918	1.06651458606992e-67
763	Ery	POLD2	9.69783020467477e-72	-0.299585519240776	0.373	0.866	1.52934782327721e-67
764	Ery	NDUFC2	1.39432822946999e-71	-0.353741829506277	0.498	0.946	2.19885561787417e-67
765	Ery	THYN1	1.51160266722436e-71	-0.267663621324659	0.275	0.735	2.38379740621281e-67
766	Ery	PXMP2	1.6288056609169e-71	-0.26871003310433	0.263	0.73	2.56862652726595e-67
767	Ery	MRPL40	2.09567498685366e-71	-0.28178153038499	0.322	0.792	3.30487945426823e-67
768	Ery	TIMM13	2.58754959098199e-71	-0.406137529972978	0.44	0.948	4.0805657049786e-67
769	Ery	SNHG7	3.57705930452087e-71	-0.289616936445214	0.306	0.777	5.64102252322942e-67
770	Ery	PKLR	4.40289438933437e-71	-0.301731250015405	0.318	0.818	6.9433644519803e-67
771	Ery	ARF5	1.16496165410017e-70	-0.26245839219777	0.264	0.738	1.83714452851597e-66
772	Ery	SNF8	1.31982608754289e-70	-0.287834565470308	0.379	0.845	2.08136574005513e-66
773	Ery	STOML2	1.47034407568668e-70	-0.337106155711291	0.456	0.933	2.31873260735789e-66
774	Ery	KCNH2	2.92336536417112e-70	-0.377733180793341	0.457	0.935	4.61014717929785e-66
775	Ery	EIF3K	3.60933388751921e-70	-0.332777653669031	0.601	0.975	5.6919195406178e-66
776	Ery	GPN3	3.96906672544235e-70	-0.257822422264575	0.288	0.753	6.25921822602259e-66
777	Ery	ZNF428	5.0522057958941e-70	-0.260564957336062	0.291	0.743	7.967328540125e-66
778	Ery	NDUFV2	5.32000797229712e-70	-0.348752712636404	0.506	0.954	8.38965257231255e-66
779	Ery	PSMB1	5.45531790864556e-70	-0.329200179902218	0.596	0.975	8.60303634193406e-66
780	Ery	VDAC2	6.02377887879927e-70	-0.321687396161682	0.44	0.899	9.49949929186645e-66
781	Ery	LYAR	6.45828607082692e-70	-0.358437099553671	0.349	0.884	1.01847171336941e-65
782	Ery	EIF3B	7.11664570494603e-70	-0.343150599220044	0.481	0.939	1.12229502766999e-65
783	Ery	SMARCB1	7.63788228987006e-70	-0.258912423960542	0.287	0.753	1.20449403711251e-65
784	Ery	TYMS	9.86602155581647e-70	-0.35660885047368	0.539	0.966	1.55587159935226e-65
785	Ery	SEC31A	1.02931749008232e-69	-0.276384127758009	0.305	0.773	1.62323368185982e-65
786	Ery	RAD50	1.32822083480856e-69	-0.312537911340397	0.382	0.874	2.0946042564931e-65
787	Ery	ADSL	2.7582373961188e-69	-0.31161001894114	0.359	0.858	4.34974037367934e-65
788	Ery	ATRAID	3.49414846809847e-69	-0.264701054464867	0.281	0.725	5.51027213419129e-65
789	Ery	BCL7C	3.68801315273816e-69	-0.257731618305747	0.273	0.717	5.81599674186808e-65
790	Ery	PDCD2	5.93040258129553e-69	-0.269855369573728	0.312	0.773	9.35224487070305e-65
791	Ery	MRPL12	6.91021748105108e-69	-0.340378869019213	0.374	0.902	1.08974129676175e-64
792	Ery	RPL6	1.42160029060615e-68	-0.255417553493165	0.83	0.987	2.24186365828589e-64
793	Ery	UBE2I	1.56884385291112e-68	-0.324642719128899	0.507	0.93	2.47406675604083e-64
794	Ery	COMMD1	2.18264762598081e-68	-0.266080208007747	0.327	0.799	3.44203530617174e-64
795	Ery	COA1	2.24363478071248e-68	-0.278193949702069	0.357	0.827	3.53821204918358e-64
796	Ery	ZNRD1	2.88866171580178e-68	-0.25178425616582	0.268	0.714	4.55541952581941e-64
797	Ery	RFC4	3.43989937943022e-68	-0.275675919269967	0.349	0.813	5.42472132136145e-64
798	Ery	MRPS6	3.59840657097049e-68	-0.269791512465822	0.292	0.751	5.67468716242046e-64
799	Ery	IMPDH2	3.72462378282745e-68	-0.34830251164533	0.389	0.912	5.87373170551889e-64
800	Ery	ALAS2	3.96945164579389e-68	0.357148293128022	0.831	0.684	6.25982524541696e-64
801	Ery	RPS17	5.18460809299227e-68	-0.27932595872302	0.794	0.989	8.1761269626488e-64
802	Ery	VPS29	7.51502161626709e-68	-0.335975528703891	0.486	0.935	1.18511890888532e-63
803	Ery	CDC123	1.10084336380737e-67	-0.255014160658827	0.297	0.755	1.73602998472422e-63
804	Ery	NDUFA8	1.18355175248953e-67	-0.290980828450827	0.379	0.846	1.86646111367599e-63
805	Ery	PSMA5	2.67821483507944e-67	-0.326474166823166	0.451	0.923	4.22354479492028e-63
806	Ery	LDHA	3.20028959589357e-67	-0.342303787607512	0.342	0.782	5.04685669272417e-63
807	Ery	GPATCH4	3.29689021343338e-67	-0.301748510995363	0.322	0.846	5.19919586658445e-63
808	Ery	ATXN10	3.71598883267196e-67	-0.265254869545786	0.31	0.756	5.86011438912368e-63
809	Ery	BZW2	5.48017320419863e-67	-0.296079033491959	0.341	0.817	8.64223314302124e-63
810	Ery	NDUFB10	5.66141911687792e-67	-0.33091803649226	0.506	0.946	8.92805794731648e-63
811	Ery	SF3B6	5.73668789535937e-67	-0.334938312061967	0.526	0.953	9.04675681098173e-63
812	Ery	MRPL34	6.64688260826952e-67	-0.28804527468767	0.358	0.812	1.0482133873241e-62
813	Ery	NDUFB5	6.71508222681868e-67	-0.28695860058691	0.379	0.836	1.05896846716931e-62
814	Ery	LSM6	8.86264373587698e-67	-0.291903971805877	0.353	0.823	1.3976389171478e-62
815	Ery	LAGE3	1.20211220587169e-66	-0.314407311407213	0.448	0.915	1.89573094865965e-62
816	Ery	UQCRH	1.36953943736208e-66	-0.327035056708416	0.653	0.984	2.15976369272e-62
817	Ery	DAD1	1.65300120677125e-66	-0.309928661440709	0.423	0.877	2.60678290307826e-62
818	Ery	STUB1	1.90249965785964e-66	-0.293586777749877	0.383	0.856	3.00024196044466e-62
819	Ery	RBFA	2.11493147582203e-66	-0.253767882466462	0.291	0.746	3.33524693737135e-62
820	Ery	COA4	2.91336650465584e-66	-0.290783202469089	0.348	0.823	4.59437897784226e-62
821	Ery	STK25	5.54879958287134e-66	-0.265195122415669	0.33	0.789	8.75045694218811e-62
822	Ery	ILF2	6.61259094502383e-66	-0.343622649345733	0.491	0.939	1.04280559203026e-61
823	Ery	COPS5	7.17112544525372e-66	-0.272548040969016	0.364	0.809	1.13088648271651e-61
824	Ery	COX7A2L	7.29943210183412e-66	-0.319231980591745	0.468	0.903	1.15112044245924e-61
825	Ery	TRMT10C	8.70368881340355e-66	-0.271501183244778	0.322	0.8	1.37257172587374e-61
826	Ery	H1F0	8.86708071720252e-66	0.374548452650593	0.825	0.702	1.39833862910284e-61
827	Ery	COX4I1	1.23130550784905e-65	-0.330345946509786	0.656	0.984	1.94176878587795e-61
828	Ery	EIF3D	1.44626292000817e-65	-0.321409545143428	0.441	0.918	2.28075662485289e-61
829	Ery	FAM162A	2.11129147581246e-65	-0.255010246221381	0.286	0.751	3.32950665735625e-61
830	Ery	EID1	2.46226264978885e-65	-0.312752256335723	0.563	0.961	3.88298819871701e-61
831	Ery	RSL1D1	3.42908642867768e-65	-0.359911069818209	0.413	0.926	5.4076692980247e-61
832	Ery	GAPDH	5.8036995310241e-65	-0.340230957205172	0.697	0.985	9.152434160425e-61
833	Ery	UQCRC2	7.8288479307795e-65	-0.293598428153016	0.41	0.882	1.23460931868393e-60
834	Ery	ATP5IF1	1.00028050785575e-64	-0.278742434933718	0.745	0.99	1.57744236088851e-60
835	Ery	KDELR2	1.46739700276132e-64	-0.274473231002766	0.365	0.825	2.3140850733546e-60
836	Ery	LINC00342	1.52117425342175e-64	-0.265058279238616	0.258	0.691	2.3988917976461e-60
837	Ery	IFI27	1.7348278503782e-64	0.587610152133163	0.515	0.147	2.73582352004641e-60
838	Ery	SPINT2	1.79335739163986e-64	-0.289441252366417	0.357	0.805	2.82812460661606e-60
839	Ery	RANBP1	2.18582265625711e-64	-0.370612415197433	0.563	0.984	3.44704232891746e-60
840	Ery	C1orf43	2.34772807945722e-64	-0.256302391634798	0.312	0.763	3.70236718130404e-60
841	Ery	HAUS4	2.50799846138491e-64	-0.258813007729072	0.31	0.773	3.955113573604e-60
842	Ery	HSD17B12	2.7838544765952e-64	-0.252776815501554	0.282	0.725	4.39013850959063e-60
843	Ery	RFK	2.8033784148054e-64	-0.281995425151498	0.349	0.807	4.42092776014812e-60
844	Ery	HEMGN	2.90095907827461e-64	0.36716343544519	0.836	0.643	4.57481246643906e-60
845	Ery	DCAF7	2.96412787960477e-64	-0.263643886746176	0.313	0.784	4.67442966613671e-60
846	Ery	PHF6	3.36540939268894e-64	-0.295302699901859	0.35	0.83	5.30725061227045e-60
847	Ery	HADHA	3.98522398414848e-64	-0.319479294219658	0.571	0.959	6.28469822300216e-60
848	Ery	C4orf3	4.56867987166421e-64	-0.268798119948608	0.361	0.822	7.20480815761445e-60
849	Ery	MRPS34	5.36102209394406e-64	-0.383567527163676	0.446	0.953	8.45433184214978e-60
850	Ery	SPN	5.6078432197329e-64	-0.332540878578676	0.458	0.936	8.84356875751878e-60
851	Ery	EIF4EBP1	5.86934888233538e-64	-0.324860252033332	0.365	0.874	9.2559631874429e-60
852	Ery	EMC6	7.36167287987952e-64	-0.266832045017934	0.364	0.82	1.160935813157e-59
853	Ery	MTX1	9.34528855184941e-64	-0.254938797610632	0.295	0.746	1.47375200462665e-59
854	Ery	LSM2	1.25853635749364e-63	-0.322107987731599	0.437	0.91	1.98471183576748e-59
855	Ery	TAGLN2	1.44358594499422e-63	-0.333957408712243	0.438	0.926	2.27653503525588e-59
856	Ery	TMEM230	2.61993878027085e-63	-0.270789311642809	0.367	0.81	4.13164345648713e-59
857	Ery	GLRX3	2.89969227489978e-63	-0.263143098704827	0.32	0.774	4.57281471751696e-59
858	Ery	SSR2	2.96775341391172e-63	-0.290372566901861	0.389	0.854	4.68014713373878e-59
859	Ery	POLR2H	3.0408169725294e-63	-0.280703643425964	0.373	0.843	4.79536836567886e-59
860	Ery	SDHD	3.07096430629314e-63	-0.271048685025014	0.337	0.799	4.84291071102428e-59
861	Ery	MRPL16	4.5939397978774e-63	-0.275187203932514	0.334	0.789	7.24464306125265e-59
862	Ery	MGAT4B	7.11998818600049e-63	-0.264389961027648	0.331	0.805	1.12282213693228e-58
863	Ery	RAB13	8.96777205197658e-63	-0.259881750799703	0.325	0.781	1.41421765259671e-58
864	Ery	ARL6IP4	9.9847268057537e-63	-0.319237873091388	0.548	0.961	1.57459141726736e-58
865	Ery	EIF1AY	1.03227436978328e-62	-0.289800216617203	0.072	0.444	1.62789668114823e-58
866	Ery	PRKAR2B	1.44272708373397e-62	-0.315728026496175	0.561	0.944	2.27518061104847e-58
867	Ery	STRAP	1.4841084946842e-62	-0.281419057779505	0.418	0.856	2.34043909611698e-58
868	Ery	GINS2	1.62529913110193e-62	-0.274325205715214	0.335	0.795	2.56309672974775e-58
869	Ery	NT5C	1.7852876660138e-62	-0.271638083796143	0.361	0.804	2.81539864930376e-58
870	Ery	SMDT1	1.8484190603309e-62	-0.250264528291083	0.33	0.766	2.91495685814184e-58
871	Ery	VPS28	2.07657318199789e-62	-0.279096009537751	0.405	0.848	3.27475590801067e-58
872	Ery	EIF3L	2.6026990627215e-62	-0.32308529160833	0.452	0.921	4.1044564219118e-58
873	Ery	ATIC	4.05638595592781e-62	-0.259848266734193	0.301	0.75	6.39692065249816e-58
874	Ery	EBNA1BP2	4.4005468359822e-62	-0.28719023973732	0.357	0.835	6.93966236034392e-58
875	Ery	SMARCC1	1.3680959464374e-61	-0.299718386024097	0.401	0.872	2.15748730753178e-57
876	Ery	SDHC	1.41583420626466e-61	-0.26278359348133	0.349	0.787	2.23277054327937e-57
877	Ery	MLEC	1.64645449672045e-61	-0.26729771452988	0.34	0.805	2.59645874132814e-57
878	Ery	HINT1	1.78634847040006e-61	-0.312717405827633	0.67	0.977	2.8170715378209e-57
879	Ery	MRFAP1	2.92309018511908e-61	-0.268986645368737	0.372	0.818	4.60971322193279e-57
880	Ery	BUD23	3.18192934238166e-61	-0.256088823717231	0.329	0.771	5.01790257293588e-57
881	Ery	CIRBP	4.47117372302074e-61	-0.314340813100656	0.534	0.936	7.0510409612037e-57
882	Ery	YWHAB	5.31269826605367e-61	-0.33684403976697	0.534	0.962	8.37812516556664e-57
883	Ery	TMEM160	5.47129849825852e-61	-0.255183076491693	0.361	0.804	8.62823773175368e-57
884	Ery	TPRKB	7.51503988331632e-61	-0.298355149090258	0.393	0.872	1.18512178959898e-56
885	Ery	SDHA	7.72418370737966e-61	-0.266171723725441	0.381	0.82	1.21810377065377e-56
886	Ery	HEBP1	9.84355263114228e-61	-0.323779690155911	0.548	0.943	1.55232824993114e-56
887	Ery	CCT8	2.07681648217694e-60	-0.352010256134044	0.491	0.961	3.27513959239304e-56
888	Ery	REX1BD	2.82719643450057e-60	-0.273546560882791	0.391	0.843	4.4584887772074e-56
889	Ery	POP7	3.06343609646529e-60	-0.251789435453067	0.336	0.776	4.83103872412576e-56
890	Ery	RUVBL2	5.44320685789804e-60	-0.277564744649949	0.358	0.822	8.58393721490521e-56
891	Ery	EEF2	6.39420616600794e-60	-0.306849413393013	0.655	0.979	1.00836631237945e-55
892	Ery	GTF3C6	9.058169219337e-60	-0.317720938822884	0.452	0.915	1.42847328588944e-55
893	Ery	EIF4E2	1.04516159363831e-59	-0.261481343731281	0.352	0.797	1.64821983316762e-55
894	Ery	NUDCD2	1.08664648658544e-59	-0.254651942583411	0.33	0.766	1.71364150934523e-55
895	Ery	LSM7	1.13975592726618e-59	-0.369552620708598	0.467	0.953	1.79739509729876e-55
896	Ery	PABPC4	1.3949953450293e-59	-0.320287127513858	0.426	0.889	2.19990765911121e-55
897	Ery	UFC1	2.80237540858117e-59	-0.276117882016762	0.422	0.869	4.4193460193325e-55
898	Ery	AURKAIP1	4.1210318117248e-59	-0.318316044426004	0.505	0.949	6.49886716709e-55
899	Ery	EIF3M	9.55450351360175e-59	-0.322677703084412	0.486	0.931	1.506745204095e-54
900	Ery	FAM136A	9.69870368509023e-59	-0.270372725629139	0.325	0.795	1.52948557113873e-54
901	Ery	METTL26	2.15667921687023e-58	-0.286502913961806	0.369	0.861	3.40108312500435e-54
902	Ery	OSBPL8	2.2529364534469e-58	-0.273857498228011	0.416	0.894	3.55288078708576e-54
903	Ery	UQCC3	2.89825258222621e-58	-0.259105371205836	0.331	0.768	4.57054432217073e-54
904	Ery	ARPC3	3.51387897370466e-58	-0.304649593275085	0.577	0.961	5.54138714153225e-54
905	Ery	UBE2M	3.77091491910573e-58	-0.305973735534405	0.489	0.936	5.94673282742974e-54
906	Ery	KHDRBS1	1.32245501757774e-57	-0.327307598741568	0.484	0.93	2.08551156272009e-53
907	Ery	DANCR	1.36704095237105e-57	-0.344969322394739	0.395	0.902	2.15582358188914e-53
908	Ery	CCT7	1.41347939453921e-57	-0.312496989344136	0.452	0.917	2.22905700518833e-53
909	Ery	DNAJC15	1.56354681252255e-57	-0.305921874266687	0.438	0.907	2.46571332334807e-53
910	Ery	POLR2E	1.5903197134081e-57	-0.261167013113067	0.366	0.846	2.50793418804457e-53
911	Ery	PSMB2	2.35948150002335e-57	-0.30872811193721	0.451	0.908	3.72090232553683e-53
912	Ery	NDUFB8	3.06994268656092e-57	-0.326199450468202	0.514	0.951	4.84129961670657e-53
913	Ery	FXN	3.08031313210903e-57	-0.279334648064621	0.374	0.849	4.85765380933594e-53
914	Ery	MICOS13	3.23096322530519e-57	-0.293289721836592	0.392	0.892	5.09522900630629e-53
915	Ery	SAMM50	3.31236431989824e-57	-0.253163351815282	0.358	0.812	5.22359853247952e-53
916	Ery	PAICS	4.82595753828472e-57	-0.359582295616491	0.408	0.943	7.610535037875e-53
917	Ery	TRAP1	4.8269768014276e-57	-0.25775081289455	0.334	0.777	7.61214241585133e-53
918	Ery	SPCS1	6.15532177148725e-57	-0.310050741645587	0.489	0.926	9.7069424336354e-53
919	Ery	RUVBL1	7.25496393791465e-57	-0.280724737754234	0.355	0.833	1.14410781300914e-52
920	Ery	CIB1	7.85134999215567e-57	-0.271691871057922	0.412	0.861	1.23815789376295e-52
921	Ery	PDCD4	8.25834651837409e-57	-0.341812597871392	0.442	0.935	1.30234124594759e-52
922	Ery	PRDX1	9.37953868371744e-57	-0.335012766465451	0.493	0.949	1.47915325042224e-52
923	Ery	PSMB6	1.07879167758146e-56	-0.320361564335435	0.516	0.949	1.70125447554597e-52
924	Ery	NIFK	1.26336489269566e-56	-0.267189450026699	0.327	0.807	1.99232643578105e-52
925	Ery	PSMC5	1.40169867012386e-56	-0.288211506830237	0.474	0.91	2.21047880278533e-52
926	Ery	NDUFV1	2.02780473932315e-56	-0.265412831983603	0.389	0.846	3.1978480739126e-52
927	Ery	LIMS1	2.42028240118634e-56	-0.27061833339549	0.412	0.854	3.81678534667085e-52
928	Ery	VAMP8	2.66529645044279e-56	-0.262493705373504	0.38	0.836	4.20317250234828e-52
929	Ery	NENF	2.81231040183984e-56	-0.27692746071205	0.435	0.884	4.43501350370143e-52
930	Ery	HBS1L	3.20784400452247e-56	-0.300885142002154	0.456	0.915	5.05876999513193e-52
931	Ery	EIF6	3.96213903294387e-56	-0.262483474597863	0.341	0.781	6.24829325495249e-52
932	Ery	COMMD4	9.55253305293722e-56	-0.261797482432797	0.421	0.874	1.5064344624482e-51
933	Ery	NAP1L1	1.04426403801795e-55	-0.326944322186811	0.599	0.982	1.6468043879543e-51
934	Ery	DYNLL1	1.4783541218936e-55	-0.322152923302452	0.592	0.982	2.33136445022621e-51
935	Ery	TOMM6	1.53658468319737e-55	-0.342817662189123	0.528	0.962	2.42319404540225e-51
936	Ery	CCT2	1.85611419854244e-55	-0.332168609111603	0.554	0.961	2.92709209110143e-51
937	Ery	ATP5PB	1.93180718098435e-55	-0.331364772541726	0.476	0.957	3.04645992441231e-51
938	Ery	ANP32A	3.60567209899047e-55	-0.354530621763142	0.466	0.961	5.68614490010796e-51
939	Ery	DARS	3.63606463562974e-55	-0.258981030750694	0.35	0.813	5.73407393038811e-51
940	Ery	IPO5	4.37557169443902e-55	-0.255750444845687	0.374	0.849	6.90027656213033e-51
941	Ery	COPE	4.5661068199473e-55	-0.293562028507076	0.512	0.956	7.20075045505689e-51
942	Ery	MZT2A	5.12686560934247e-55	-0.289397086993457	0.439	0.917	8.08506706593308e-51
943	Ery	PPA2	5.8744627210277e-55	-0.264588656535812	0.371	0.831	9.26402771106068e-51
944	Ery	CYC1	1.02308728937715e-54	-0.305710001911202	0.49	0.951	1.61340865534777e-50
945	Ery	PPIH	1.34693869117179e-54	-0.261704448159915	0.344	0.794	2.12412231597791e-50
946	Ery	ATP6V1G1	1.78604037864479e-54	-0.27143215758902	0.416	0.861	2.81658567712284e-50
947	Ery	UBA2	1.79468110547821e-54	-0.274436021447361	0.427	0.859	2.83021210333914e-50
948	Ery	EIF3G	2.04780060607251e-54	-0.302868499302803	0.475	0.939	3.22938155577635e-50
949	Ery	RAP1B	2.09088925473052e-54	-0.277129430043444	0.474	0.907	3.29733235471003e-50
950	Ery	TMEM165	2.57119364808295e-54	-0.261837471626362	0.422	0.843	4.05477238302681e-50
951	Ery	SNRPB	4.72108598135945e-54	-0.332051325547707	0.579	0.98	7.44515259260386e-50
952	Ery	TXNL4A	4.77748361361055e-54	-0.301117159573021	0.454	0.913	7.53409165866383e-50
953	Ery	TOMM5	5.33697305177946e-54	-0.340854347721304	0.471	0.954	8.41640650265621e-50
954	Ery	TXN2	6.09348786490748e-54	-0.309541279285802	0.479	0.933	9.6094303629591e-50
955	Ery	C19orf48	9.56630202769483e-54	-0.261775347664036	0.383	0.858	1.50860582976748e-49
956	Ery	ATP5PO	1.21634595208527e-53	-0.321057042894047	0.545	0.959	1.91817756643847e-49
957	Ery	PAK2	1.30157433696501e-53	-0.26935048872567	0.413	0.89	2.05258272939382e-49
958	Ery	SRP72	1.37438555068014e-53	-0.31604229467864	0.456	0.941	2.16740601342258e-49
959	Ery	TXN	1.77956062457836e-53	-0.321995345750952	0.618	0.977	2.80636710496008e-49
960	Ery	SRSF7	2.41779495059503e-53	-0.311974273067955	0.589	0.962	3.81286263708837e-49
961	Ery	JTB	2.60882186220816e-53	-0.295912709276646	0.501	0.933	4.11411207670227e-49
962	Ery	DENND10	2.68747302623266e-53	-0.252248532911091	0.317	0.761	4.23814496236891e-49
963	Ery	DKC1	3.62855995421861e-53	-0.316103210377588	0.438	0.907	5.72223904780274e-49
964	Ery	NDUFAF8	4.78809343808735e-53	-0.312221373540531	0.447	0.925	7.55082335186376e-49
965	Ery	ZFP36L1	5.91173612193079e-53	-0.272109657807115	0.365	0.787	9.32280786428486e-49
966	Ery	HSPD1	6.15595523676222e-53	-0.435819641863408	0.526	0.972	9.70794140837402e-49
967	Ery	SERP1	7.55501291935971e-53	-0.291943461434185	0.507	0.928	1.19142553738303e-48
968	Ery	PYURF	1.09298756725026e-52	-0.283148247199502	0.394	0.853	1.72364139355366e-48
969	Ery	GYPA	1.46804323666544e-52	0.30382211033513	0.818	0.671	2.3151041842214e-48
970	Ery	NDUFA12	2.43677650646751e-52	-0.282269482271741	0.43	0.879	3.84279655069926e-48
971	Ery	RTN4	2.9315631391105e-52	-0.287885383598274	0.507	0.928	4.62307507037725e-48
972	Ery	GSTP1	3.0024882426323e-52	-0.294979870231714	0.444	0.861	4.73492395863113e-48
973	Ery	MRPL21	3.349960861394e-52	-0.268366384389211	0.376	0.849	5.28288827841834e-48
974	Ery	CCDC88A	6.90251014119742e-52	-0.257231635159719	0.416	0.843	1.08852584926683e-47
975	Ery	PSMA6	1.08567715473705e-51	-0.310918285150988	0.488	0.941	1.71211287302033e-47
976	Ery	CCT6A	1.47254706429174e-51	-0.369161643557338	0.537	0.966	2.32220672038808e-47
977	Ery	PPA1	1.78449464435862e-51	-0.337517878098969	0.434	0.931	2.81414805415354e-47
978	Ery	PSMA2	1.9720502983986e-51	-0.325787846007735	0.521	0.961	3.10992332057459e-47
979	Ery	MRPL14	3.38093486577668e-51	-0.276260210046771	0.412	0.877	5.33173428332982e-47
980	Ery	MPHOSPH10	3.44149211465161e-51	-0.25055026846932	0.34	0.791	5.42723306480558e-47
981	Ery	NOL7	3.86830171410173e-51	-0.305984343924514	0.47	0.931	6.10031180313843e-47
982	Ery	EIF3H	7.01521317833843e-51	-0.305581908508551	0.541	0.957	1.10629911822397e-46
983	Ery	EIF2S1	1.68475561365642e-50	-0.262612937375056	0.412	0.836	2.65685960273617e-46
984	Ery	BLVRA	1.96689172622387e-50	-0.284327574882594	0.428	0.902	3.10178825225505e-46
985	Ery	CKS1B	2.4591549062526e-50	-0.281410627362928	0.462	0.892	3.87808728716035e-46
986	Ery	MRPL27	2.85814905139016e-50	-0.265013827571796	0.433	0.876	4.50730105404228e-46
987	Ery	MICOS10	2.98696056494873e-50	-0.326765915433698	0.482	0.931	4.71043681092415e-46
988	Ery	HSPA8	3.09341198047153e-50	-0.32042993393637	0.61	0.974	4.87831069320361e-46
989	Ery	PDZD8	3.84898498499427e-50	-0.27029527026193	0.432	0.859	6.06984932133596e-46
990	Ery	HIGD2A	4.22395529267957e-50	-0.253987760760282	0.4	0.831	6.66117749655569e-46
991	Ery	TMEM50A	4.67155105881599e-50	-0.263485216493236	0.437	0.872	7.36703601975282e-46
992	Ery	MRPS17	5.50134692597781e-50	-0.265891172480686	0.368	0.848	8.67562410226701e-46
993	Ery	RPL27	6.3320981342391e-50	-0.312256319131818	0.723	0.987	9.98571875769506e-46
994	Ery	NMU	6.91134480706952e-50	-0.250949368921354	0.233	0.627	1.08991907607486e-45
995	Ery	LXN	7.13324843707364e-50	-0.260553689111167	0.396	0.845	1.12491327852651e-45
996	Ery	CENPX	1.20575336915577e-49	-0.285511548883448	0.445	0.91	1.90147306315864e-45
997	Ery	SNRPC	1.22087252371906e-49	-0.307279279359786	0.428	0.913	1.92531596990496e-45
998	Ery	COMMD6	1.3150252760959e-49	-0.250633496006727	0.418	0.836	2.07379486040323e-45
999	Ery	MAGOH	1.45080712528062e-49	-0.269673849466594	0.417	0.848	2.28792283656754e-45
1000	Ery	TXNL1	6.45883614997386e-49	-0.288498463937747	0.545	0.943	1.01855846085088e-44
1001	Ery	RPN2	7.16500762795296e-49	-0.258726696933195	0.424	0.877	1.12992170292818e-44
1002	Ery	DUT	7.89591448300783e-49	-0.293087234315595	0.667	0.985	1.24518571397033e-44
1003	Ery	TPGS2	8.25275790599801e-49	-0.291669477078947	0.49	0.926	1.30145992177589e-44
1004	Ery	XRCC6	9.3821222242496e-49	-0.315185631377539	0.494	0.956	1.47956067476416e-44
1005	Ery	GSTO1	1.23095278814267e-48	-0.297772338515433	0.484	0.938	1.941212546901e-44
1006	Ery	WDR43	1.67434798910992e-48	-0.257456416224012	0.347	0.807	2.64044677882635e-44
1007	Ery	SNHG3	1.92900226950183e-48	-0.305331912456357	0.385	0.866	3.04203657900439e-44
1008	Ery	SAP18	2.33552609219934e-48	-0.293747777288512	0.544	0.953	3.68312464739836e-44
1009	Ery	SNRPD1	2.65745202786734e-48	-0.360370379864732	0.532	0.971	4.19080184794679e-44
1010	Ery	PSMA3	6.39143605698488e-48	-0.279495133130397	0.439	0.897	1.00792946618651e-43
1011	Ery	GMPS	6.99817025362497e-48	-0.263604108294796	0.478	0.892	1.10361144899666e-43
1012	Ery	GTF2A2	7.24078800284413e-48	-0.27592154552537	0.496	0.899	1.14187226804852e-43
1013	Ery	SSBP1	1.0881023048084e-47	-0.323783269263509	0.538	0.962	1.71593733468285e-43
1014	Ery	SIVA1	1.49993402622581e-47	-0.29157230358086	0.559	0.957	2.36539595935811e-43
1015	Ery	HSPE1	1.66683627920562e-47	-0.402002004226548	0.468	0.966	2.62860081230727e-43
1016	Ery	PDHA1	1.8324740239477e-47	-0.257615129775681	0.439	0.882	2.88981153576552e-43
1017	Ery	CCT3	2.29475691795243e-47	-0.335826637458081	0.491	0.962	3.61883165961098e-43
1018	Ery	CENPH	3.53276460980717e-47	-0.258560763043127	0.393	0.823	5.5711697896659e-43
1019	Ery	NDUFS5	3.75581061648863e-47	-0.352997362979874	0.57	0.984	5.92291334220256e-43
1020	Ery	ATG3	4.25424199624822e-47	-0.31426947617497	0.482	0.931	6.70893962808344e-43
1021	Ery	AC100835.2	4.30658324175883e-47	0.377766775722458	0.327	0.028	6.79148177225368e-43
1022	Ery	MRPL22	7.11963095320625e-47	-0.256060902246842	0.414	0.851	1.12276580132063e-42
1023	Ery	SRI	7.88080698904294e-47	-0.300582456502296	0.563	0.966	1.24280326217207e-42
1024	Ery	PNN	1.11530942211289e-46	-0.324222306235763	0.563	0.957	1.75884295867202e-42
1025	Ery	GADD45GIP1	1.13016035801922e-46	-0.343317849747396	0.509	0.967	1.78226288459631e-42
1026	Ery	ABCE1	1.58822749917443e-46	-0.261557405559455	0.389	0.856	2.50463476619807e-42
1027	Ery	ATP5F1A	1.6128160117004e-46	-0.327602763154046	0.55	0.967	2.54341085045153e-42
1028	Ery	FDPS	1.64854991328974e-46	-0.258717566813503	0.47	0.902	2.59976321325793e-42
1029	Ery	PPIA	3.05906376575283e-46	-0.331915171636027	0.684	0.99	4.82414355859221e-42
1030	Ery	TOMM22	4.60975544182772e-46	-0.278119775761451	0.421	0.879	7.26958433176232e-42
1031	Ery	CCT4	8.77365679573566e-46	-0.314067291026596	0.462	0.931	1.38360567668751e-41
1032	Ery	UXT	9.33672136285742e-46	-0.282193428043206	0.519	0.951	1.47240095892262e-41
1033	Ery	FKBP1A	9.62214255086742e-46	-0.26523691648088	0.415	0.848	1.51741188027179e-41
1034	Ery	CACYBP	1.15720775866607e-45	-0.324684925741113	0.443	0.935	1.82491663541639e-41
1035	Ery	CD82	1.22302493669565e-45	-0.265601021427961	0.426	0.866	1.92871032516903e-41
1036	Ery	FBL	1.44425487720406e-45	-0.320809076423113	0.446	0.944	2.2775899413508e-41
1037	Ery	PHPT1	1.88611748591843e-45	-0.265989400187082	0.462	0.892	2.97440727529336e-41
1038	Ery	KLF1	2.10962736495121e-45	-0.272769445249602	0.587	0.946	3.32688235452805e-41
1039	Ery	TRAPPC5	3.29930427871018e-45	-0.256669571632885	0.484	0.92	5.20300284752595e-41
1040	Ery	FKBP3	3.71934012022432e-45	-0.260602973313409	0.413	0.874	5.86539936959375e-41
1041	Ery	HNRNPA0	4.2289373352752e-45	-0.260370734278851	0.492	0.9	6.66903417772899e-41
1042	Ery	SEC61B	9.55652274754605e-45	-0.287896090923347	0.579	0.961	1.50706363728801e-40
1043	Ery	CANX	1.53341770288899e-44	-0.326875569907025	0.476	0.951	2.41819971745594e-40
1044	Ery	SUMO1	2.9083163220281e-44	-0.254522263901699	0.484	0.871	4.58641483983831e-40
1045	Ery	IDH2	3.67037764966995e-44	-0.269461980662177	0.568	0.953	5.78818555352952e-40
1046	Ery	TALDO1	4.09985629590643e-44	-0.271289379773949	0.649	0.989	6.46547337864444e-40
1047	Ery	HMGN1	5.50474440882027e-44	-0.355687057230126	0.548	0.98	8.68098193270956e-40
1048	Ery	ANKRD12	9.53468007615795e-44	-0.254180842017232	0.523	0.918	1.50361904801011e-39
1049	Ery	GTF2I	1.64045918286407e-43	-0.284725090081175	0.484	0.913	2.58700413137664e-39
1050	Ery	CCNI	1.9617215685554e-43	-0.263095009959394	0.613	0.946	3.09363491361186e-39
1051	Ery	XRCC5	2.48714652024565e-43	-0.315154825949807	0.589	0.982	3.92223006242738e-39
1052	Ery	PTGES3	3.40179650049353e-43	-0.302277678704843	0.636	0.984	5.36463308127829e-39
1053	Ery	DTYMK	8.63188191126493e-43	-0.258603375027485	0.442	0.876	1.36124777740648e-38
1054	Ery	PSMB7	1.09081419072995e-42	-0.252569409005285	0.458	0.889	1.72021397878112e-38
1055	Ery	SNU13	2.32590321196259e-42	-0.314114472086228	0.498	0.954	3.66794936526501e-38
1056	Ery	TMEM59	2.39709351489601e-42	-0.258288387773067	0.552	0.928	3.78021647299101e-38
1057	Ery	SNRPE	6.4405984076761e-42	-0.357831477390416	0.502	0.966	1.01568236889052e-37
1058	Ery	S100A6	7.26838279814689e-42	-0.342231233007741	0.689	0.977	1.14622396726777e-37
1059	Ery	LMNA	8.36488887431782e-42	-0.28753163330004	0.507	0.921	1.31914297547992e-37
1060	Ery	ANAPC5	8.70275196937144e-42	-0.250965558361728	0.468	0.894	1.37242398556988e-37
1061	Ery	SRPK1	9.00295051946084e-42	-0.251052601683145	0.435	0.869	1.41976529691897e-37
1062	Ery	KPNB1	2.15107867911415e-41	-0.286889551144546	0.497	0.941	3.39225107696301e-37
1063	Ery	NCL	3.20675470542702e-41	-0.312671263959214	0.695	0.982	5.05705217045841e-37
1064	Ery	SET	7.06096255334388e-41	-0.322579937097639	0.632	0.987	1.11351379466233e-36
1065	Ery	XIST	1.48691364263727e-40	0.321858187668453	0.745	0.468	2.34486281443897e-36
1066	Ery	APEX1	1.68777896274214e-40	-0.31206464209344	0.46	0.933	2.66162742424435e-36
1067	Ery	SSB	2.18544077884738e-40	-0.320795395349838	0.555	0.971	3.44644010824231e-36
1068	Ery	ATP5F1D	2.56494395217398e-40	-0.273470901160936	0.628	0.972	4.04491661257836e-36
1069	Ery	OSBP2	4.39399744674859e-40	0.350098709488315	0.484	0.213	6.92933397352253e-36
1070	Ery	AC103591.3	4.79369802383407e-40	0.290244240052633	0.349	0.072	7.55966178358632e-36
1071	Ery	SMS	7.52657797518461e-40	-0.274143606211228	0.406	0.863	1.18694134668661e-35
1072	Ery	ATP5F1B	1.40183342685662e-39	-0.297252764101032	0.572	0.974	2.21069131415289e-35
1073	Ery	TCP1	1.77837870863878e-39	-0.276971939328619	0.485	0.931	2.80450322352336e-35
1074	Ery	IGKC	1.80124404533522e-39	0.322656210869628	0.245	0.002	2.84056185949364e-35
1075	Ery	HNRNPAB	2.11869432630962e-39	-0.306191199786336	0.659	0.989	3.34118095259027e-35
1076	Ery	HNRNPR	2.80277816839657e-39	-0.287320495102675	0.587	0.964	4.4199811715614e-35
1077	Ery	NDUFA4	3.04878894946137e-39	-0.29802776848592	0.612	0.975	4.80794017330059e-35
1078	Ery	UQCRFS1	4.15511357960414e-39	-0.263940287478397	0.498	0.917	6.55261411503572e-35
1079	Ery	PPM1G	3.08164747304618e-38	-0.292151282007981	0.55	0.956	4.85975806499383e-34
1080	Ery	ZNF451	6.84727907588034e-38	0.260025987731189	0.761	0.746	1.07981591026633e-33
1081	Ery	RHOA	8.06908237711819e-38	-0.264335375573905	0.563	0.949	1.27249429087154e-33
1082	Ery	NDUFA6	8.32010587632247e-38	-0.266250738631346	0.509	0.913	1.31208069669605e-33
1083	Ery	NDUFB11	1.03292853681184e-37	-0.294802479943859	0.594	0.974	1.62892830255228e-33
1084	Ery	MTDH	1.66043539241419e-37	-0.295631027961576	0.585	0.969	2.61850661383717e-33
1085	Ery	THOC7	2.69775964039658e-37	-0.261559361721564	0.47	0.9	4.25436695290541e-33
1086	Ery	MRPL20	6.204887341554e-37	-0.297513367437806	0.49	0.933	9.78510733763065e-33
1087	Ery	EDF1	1.81514754827355e-36	-0.267865656601173	0.579	0.959	2.86248768362738e-32
1088	Ery	CPEB4	1.95788955719935e-36	0.410365008791535	0.559	0.349	3.08759183170338e-32
1089	Ery	PCBP1	2.17831958370351e-36	-0.253208352299804	0.656	0.971	3.43520998350043e-32
1090	Ery	LARS	4.41291441736496e-36	-0.253426578078096	0.43	0.9	6.95916603618454e-32
1091	Ery	PSMA4	2.83143140865117e-35	-0.306972322968087	0.501	0.957	4.4651673314429e-31
1092	Ery	SOX6	1.19749376837815e-34	0.368936516591526	0.573	0.37	1.88844767273234e-30
1093	Ery	MZT2B	1.35246046167277e-34	-0.256315455781467	0.623	0.972	2.13283014805796e-30
1094	Ery	NHP2	1.60501385583032e-34	-0.301132765341133	0.432	0.936	2.53110685064441e-30
1095	Ery	SF3B5	2.00028048156618e-34	-0.278585336016982	0.506	0.956	3.15444231942987e-30
1096	Ery	APOC1	4.10066489298571e-34	-0.288764804778502	0.385	0.846	6.46674853623846e-30
1097	Ery	SSR4	4.30320086253187e-34	-0.252161798370667	0.544	0.949	6.78614776021276e-30
1098	Ery	C19orf53	4.87327457722102e-34	-0.264893255066402	0.51	0.933	7.68515400827755e-30
1099	Ery	NEDD8	5.78683476419231e-34	-0.263047590516471	0.551	0.944	9.12583842313127e-30
1100	Ery	IFI44L	8.7403753850633e-34	0.258360926125168	0.262	0.033	1.37835719822448e-29
1101	Ery	SNHG5	9.37752048106561e-34	-0.312393074442083	0.517	0.954	1.47883497986405e-29
1102	Ery	ATP5PF	1.11568348504293e-33	-0.288333924062317	0.58	0.969	1.7594328559127e-29
1103	Ery	LSM3	1.81287204599067e-33	-0.265051822808628	0.535	0.943	2.85889921652729e-29
1104	Ery	NOP10	2.67677243461856e-33	-0.322214671628122	0.504	0.959	4.22127012939347e-29
1105	Ery	NASP	9.65610609005567e-33	-0.326009396166523	0.563	0.977	1.52276793040178e-28
1106	Ery	HSPA9	9.96165875019185e-33	-0.267116434471613	0.51	0.935	1.57095358490525e-28
1107	Ery	CFL1	1.03922692425943e-32	-0.258116824783329	0.69	0.987	1.63886085955712e-28
1108	Ery	EIF5A	1.07182351556491e-32	-0.261299248780134	0.678	0.975	1.69026568404586e-28
1109	Ery	PSMB3	2.24159892844743e-32	-0.253330947552795	0.546	0.939	3.53500151016159e-28
1110	Ery	PSIP1	4.52928660019045e-32	-0.253737156295336	0.564	0.954	7.14268496850033e-28
1111	Ery	DMTN	1.17408705680345e-31	0.324346476087775	0.532	0.334	1.85153528857904e-27
1112	Ery	DRAP1	1.35342494269068e-31	-0.251816177066435	0.554	0.946	2.13435113462321e-27
1113	Ery	GSPT1	1.35623268029328e-31	-0.256003585607057	0.518	0.928	2.13877893682251e-27
1114	Ery	RPL31	3.71197710915047e-31	-0.324864552134201	0.654	0.984	5.85378790113029e-27
1115	Ery	HMGA1	1.48308998277367e-30	-0.318234738626545	0.527	0.959	2.33883290283408e-26
1116	Ery	BANF1	1.90838508701283e-30	-0.263432293916536	0.494	0.935	3.00952328221922e-26
1117	Ery	NOP56	4.71401272090686e-30	-0.252854489008527	0.463	0.913	7.43399806087012e-26
1118	Ery	SLC2A1	1.00001228513073e-28	0.300990158040059	0.657	0.566	1.57701937365117e-24
1119	Ery	LSM5	2.82118733598035e-28	-0.269349864576987	0.511	0.936	4.44901242884102e-24
1120	Ery	ALYREF	1.25735954060442e-27	-0.253611977415594	0.549	0.943	1.98285599553317e-23
1121	Ery	SERBP1	2.59569092334006e-27	-0.272429364361516	0.688	0.982	4.09340458610727e-23
1122	Ery	ST13	4.25526539207074e-27	-0.298245219313491	0.533	0.967	6.71055352329556e-23
1123	Ery	MAP2K3	5.54885869132185e-27	0.263053271635243	0.691	0.645	8.75055015621456e-23
1124	Ery	EIF3A	5.72038668615889e-27	-0.279011808780276	0.66	0.982	9.02104980407257e-23
1125	Ery	NDUFS6	5.95596777508154e-26	-0.26287635786125	0.54	0.959	9.39256118130359e-22
1126	Ery	NOP58	1.33481282835679e-25	-0.255098103962588	0.467	0.923	2.10499983031865e-21
1127	Ery	TSPO2	2.17287090934224e-25	0.283604098134319	0.356	0.151	3.42661742403271e-21
1128	Ery	BTG2	6.90263728918444e-25	0.275818322004816	0.468	0.268	1.08854590050439e-20
1129	Ery	IFI6	6.90990162831717e-25	0.307924166265943	0.315	0.123	1.08969148678562e-20
1130	Ery	CAST	5.68089885488361e-24	-0.265238403184081	0.612	0.967	8.95877749415146e-20
1131	Ery	SNRPF	1.02269774469651e-23	-0.317669725209982	0.506	0.969	1.6127943433864e-19
1132	Ery	E2F2	4.11143959459716e-22	0.264304945651567	0.307	0.121	6.48374024067972e-18
1133	Ery	HBG1	7.13519563493764e-22	0.37261383898123	0.316	0.124	1.12522035162967e-17
1134	Ery	SUPT16H	1.97712082543657e-21	-0.251122485473165	0.554	0.953	3.11791954171348e-17
1135	Ery	SNHG9	4.64682573896172e-20	0.272579798948284	0.478	0.38	7.32804419034263e-16
1136	Ery	SNHG25	7.25028920749214e-19	0.251938484154885	0.484	0.393	1.14337060802151e-14
1137	Ery	TOMM7	1.68132981716997e-16	-0.256135791940298	0.6	0.972	2.65145712167705e-12
1138	Ery	HBG2	1.04548885137291e-11	0.331201328740267	0.343	0.226	1.64873591861507e-07
1139	DC	MTRNR2L8	1.65951467416064e-106	0.556560573610122	0.568	0.091	2.61705464115133e-102
1140	DC	ARL4C	5.85717449992024e-102	-0.685066933621858	0.231	0.857	9.23676418637423e-98
1141	DC	MS4A4E	4.65174268459205e-64	0.341246412933436	0.373	0.053	7.33579821360166e-60
1142	DC	AC007952.4	1.74167645154933e-63	-0.497881598428822	0.147	0.631	2.7466237640933e-59
1143	DC	AHR	1.53707573201087e-62	0.42779197729384	0.717	0.362	2.42396842938115e-58
1144	DC	HOXA9	5.16814269233235e-60	0.268625895391525	0.306	0.03	8.15016102580812e-56
1145	DC	ANKRD28	1.89359726187865e-58	0.405156997419671	0.635	0.249	2.98620288198264e-54
1146	DC	AC253572.2	5.6149501969073e-55	-0.479292991511576	0.157	0.619	8.85477646052282e-51
1147	DC	NKG7	2.59843515979575e-52	0.362926369838156	0.512	0.166	4.09773224699789e-48
1148	DC	ARMH1	3.71542899327699e-44	0.354860635579	0.509	0.192	5.85923152239782e-40
1149	DC	ATP8B4	1.25877836984e-43	0.285263799005118	0.37	0.094	1.98509348923767e-39
1150	DC	ADGRE5	3.27819365115873e-43	0.358641666679121	0.602	0.292	5.16971138787732e-39
1151	DC	MYADM	3.85271304412564e-41	0.341908882020165	0.668	0.413	6.07572847058614e-37
1152	DC	HERPUD1	1.53478811287962e-38	-0.332411737947888	0.499	0.817	2.42036085401116e-34
1153	DC	CDK6	1.57040712353333e-38	0.290991949243956	0.488	0.185	2.47653203381206e-34
1154	DC	IRF2BP2	6.66325108412664e-38	0.253027097901655	0.848	0.664	1.05079469596677e-33
1155	DC	CLEC10A	7.06784295900616e-37	-0.39013171188742	0.067	0.415	1.11459883463527e-32
1156	DC	TGFBI	9.64805446258094e-37	-0.335053585522872	0.098	0.465	1.52149818874901e-32
1157	DC	IGF2BP2	7.00503486603151e-36	0.259278899686733	0.414	0.142	1.10469399837317e-31
1158	DC	AP1S2	2.01000643389051e-33	-0.266895206628353	0.589	0.794	3.16978014624533e-29
1159	DC	LMNA	2.43996863306273e-33	0.351421555481039	0.622	0.353	3.84783053433992e-29
1160	DC	ITGB2-AS1	3.82789924306996e-33	0.270642016623416	0.442	0.171	6.03659710632133e-29
1161	DC	BASP1	5.68754555780637e-33	-0.352969844826376	0.185	0.525	8.96925934466064e-29
1162	DC	FCGRT	8.06881210555352e-33	-0.280825422280216	0.53	0.806	1.27245166904579e-28
1163	DC	DNAJC15	8.91510611127227e-33	-0.309325710283794	0.213	0.546	1.40591223374764e-28
1164	DC	ALDH2	1.11851989211585e-32	-0.32054323109296	0.29	0.624	1.7639058698667e-28
1165	DC	FCER1A	3.52382654143916e-31	-0.346148994001292	0.368	0.659	5.55707445584956e-27
1166	DC	CCDC50	4.96064801767794e-31	-0.364843781274131	0.206	0.557	7.82294192387812e-27
1167	DC	LENG8	1.97320067232639e-30	0.261071578337238	0.591	0.304	3.11173746025873e-26
1168	DC	ZYX	3.25603596892665e-30	0.271897217429063	0.648	0.407	5.13476872299732e-26
1169	DC	PKIB	1.64204314040771e-28	0.305867707207286	0.339	0.12	2.58950203242296e-24
1170	DC	PLCG2	2.16563010807711e-28	0.259801039912878	0.494	0.234	3.41519868043761e-24
1171	DC	RGS10	2.27329496266887e-28	-0.288631389588948	0.401	0.704	3.5849861561288e-24
1172	DC	PLBD1	3.74635102561694e-28	-0.282162102825483	0.087	0.397	5.90799556739791e-24
1173	DC	CFD	4.14242112938999e-28	0.323011903115062	0.571	0.33	6.53259812104801e-24
1174	DC	FLNA	1.34624255572837e-27	0.261890772296443	0.679	0.501	2.12302451038365e-23
1175	DC	BIN1	4.18794797957251e-27	-0.256020656739138	0.062	0.338	6.60439396378585e-23
1176	DC	ITGAX	1.31667287122962e-25	0.263787984884776	0.586	0.358	2.07639311792911e-21
1177	DC	ENHO	1.34328434960355e-25	-0.279045197150712	0.085	0.368	2.1183594193248e-21
1178	DC	AC245014.3	3.4845904090436e-25	-0.284379589593651	0.113	0.394	5.49519907506176e-21
1179	DC	FAM107B	4.75602701159822e-25	0.255828445274031	0.614	0.368	7.50025459729039e-21
1180	DC	RAB31	8.45670132029302e-25	-0.268143428458733	0.213	0.516	1.33362179821021e-20
1181	DC	MAP3K8	6.53668239360657e-24	-0.273974898373456	0.411	0.661	1.03083481347176e-19
1182	DC	MS4A6A	1.03866814722106e-23	0.290401440616763	0.715	0.44	1.63797966816762e-19
1183	DC	XIST	1.50447203422423e-23	-0.286245008947518	0.072	0.357	2.37255239797161e-19
1184	DC	C12orf75	7.71507118184599e-23	-0.308832716220591	0.244	0.52	1.21666672537711e-18
1185	DC	SPINT2	2.30843402593524e-22	-0.255179195154539	0.321	0.622	3.64040045889987e-18
1186	DC	RPS4Y1	2.61662179923456e-22	0.279108598018595	0.823	0.505	4.12641257739289e-18
1187	DC	IGSF6	4.81146036438677e-22	-0.288022735607037	0.254	0.495	7.58767299463793e-18
1188	DC	PPP1R14B	2.19277422455596e-20	-0.255769968897579	0.53	0.74	3.45800495212475e-16
1189	DC	MNDA	1.94471087499202e-19	-0.287347342798731	0.316	0.512	3.06680904986242e-15
1190	DC	NCF1	3.1024769211183e-19	0.261224882173275	0.568	0.358	4.89260610460356e-15
1191	DC	CYBB	2.3002715379343e-18	-0.252831001551979	0.242	0.492	3.62752821532238e-14
1192	DC	AREG	1.94790163842265e-17	-0.309635305785611	0.257	0.467	3.07184088379252e-13
1193	DC	GZMB	2.34661429895194e-13	-0.308078000112925	0.087	0.245	3.70061074944721e-09
1194	DC	IGKC	2.50985015659391e-12	-0.27410634746569	0.1	0.269	3.9580336969486e-08
