gene_name,uniprot,hgnc_symbol,ensembl
A2M,P01023,A2M,ENSG00000175899
LRP1,Q07954,LRP1,ENSG00000123384
ACTR2,P61160,ACTR2,ENSG00000138071
ADRB2,P07550,ADRB2,ENSG00000169252
LDLR,P01130,LDLR,ENSG00000130164
LRP2,P98164,LRP2,ENSG00000081479
ADAM11,O75078,ADAM11,ENSG00000073670
CCR4,P51679,CCR4,ENSG00000183813
ITGA4,P13612,ITGA4,ENSG00000115232
ADCYAP1,P18509,ADCYAP1,ENSG00000141433
ADCYAP1R1,P41586,ADCYAP1R1,ENSG00000078549
ADRB3,P13945,ADRB3,ENSG00000188778
DPP4,P27487,DPP4,ENSG00000197635
GPR20,Q99678,GPR20,ENSG00000275181
GPR84,Q9NQS5,GPR84,ENSG00000139572
PTH1R,Q03431,PTH1R,ENSG00000160801
RAMP2,O60895,RAMP2,ENSG00000131477
RAMP3,O60896,RAMP3,ENSG00000122679
SCTR,P47872,SCTR,ENSG00000080293
TSHR,P16473,TSHR,ENSG00000165409
VIPR1,P32241,VIPR1,ENSG00000114812
VIPR2,P41587,VIPR2,ENSG00000106018
ADIPOQ,Q15848,ADIPOQ,ENSG00000181092
ADIPOR1,Q96A54,ADIPOR1,ENSG00000159346
ADIPOR2,Q86V24,ADIPOR2,ENSG00000285070
ASGR2,P07307,ASGR2,ENSG00000161944
CLEC2D,Q9UHP7,CLEC2D,ENSG00000069493
CNR2,P34972,CNR2,ENSG00000188822
GPR152,Q8TDT2,GPR152,ENSG00000175514
GPR42,O15529,GPR42,ENSG00000126251
PROKR2,Q8NFJ6,PROKR2,ENSG00000101292
ADM,P35318,ADM,ENSG00000148926
ACKR3,P25106,ACKR3,ENSG00000144476
CALCR,P30988,CALCR,ENSG00000004948
CALCRL,Q16602,CALCRL,ENSG00000064989
DCLK3,Q9C098,DCLK3,ENSG00000163673
GPR182,O15218,GPR182,ENSG00000166856
MRGPRX2,Q96LB1,MRGPRX2,ENSG00000183695
RAMP1,O60894,RAMP1,ENSG00000132329
ADM2,Q7Z4H4,ADM2,ENSG00000128165
ADO,Q96SZ5,ADO,ENSG00000181915
ADORA1,P30542,ADORA1,ENSG00000163485
ADORA2A,P29274,ADORA2A,ENSG00000128271
ADORA2B,P29275,ADORA2B,ENSG00000170425
ADORA3,P0DMS8,ADORA3,ENSG00000282608
AFDN,P55196,AFDN,ENSG00000130396
EPHA7,Q15375,EPHA7,ENSG00000135333
EPHB2,P29323,EPHB2,ENSG00000133216
EPHB3,P54753,EPHB3,ENSG00000182580
EPHB6,O15197,EPHB6,ENSG00000000010
NECTIN1,Q15223,NECTIN1,ENSG00000110400
NECTIN2,Q92692,NECTIN2,ENSG00000130202
NECTIN4,Q96NY8,NECTIN4,ENSG00000143217
NRXN2,P58401,NRXN2,ENSG00000110076
NRXN3,Q9Y4C0,NRXN3,ENSG00000021645
AGRN,O00468,AGRN,ENSG00000188157
DAG1,Q14118,DAG1,ENSG00000173402
ITGB1,P05556,ITGB1,ENSG00000150093
LRP4,O75096,LRP4,ENSG00000134569
MUSK,O15146,MUSK,ENSG00000030304
AGRP,O00253,AGRP,ENSG00000159723
ATRN,O75882,ATRN,ENSG00000088812
MC1R,Q01726,MC1R,ENSG00000258839
MC3R,P41968,MC3R,ENSG00000124089
MC4R,P32245,MC4R,ENSG00000166603
MC5R,P33032,MC5R,ENSG00000176136
SDC1,P18827,SDC1,ENSG00000115884
SDC3,O75056,SDC3,ENSG00000162512
AGT,P01019,AGT,ENSG00000135744
ADRA2A,P08913,ADRA2A,ENSG00000150594
AGTR1,P30556,AGTR1,ENSG00000144891
AGTR2,P50052,AGTR2,ENSG00000180772
GRM7,Q14831,GRM7,ENSG00000196277
MAS1,P04201,MAS1,ENSG00000130368
MTNR1A,P48039,MTNR1A,ENSG00000168412
AGTRAP,Q6RW13,AGTRAP,ENSG00000177674
RACK1,P63244,RACK1,ENSG00000204628
AHSG,P02765,AHSG,ENSG00000145192
INSR,P06213,INSR,ENSG00000171105
AIMP1,Q12904,AIMP1,ENSG00000164022
NTRK1,P04629,NTRK1,ENSG00000198400
ALB,P02768,ALB,ENSG00000163631
ALCAM,Q13740,ALCAM,ENSG00000170017
CD6,P30203,CD6,ENSG00000013725
CHL1,O00533,CHL1,ENSG00000134121
NRP1,O14786,NRP1,ENSG00000099250
ALKAL1,Q6UXT8,ALKAL1,ENSG00000196711
ALK,Q9UM73,ALK,ENSG00000171094
LTK,P29376,LTK,ENSG00000062524
ALKAL2,Q6UX46,ALKAL2,ENSG00000189292
AMBN,Q9NP70,AMBN,ENSG00000178522
CD63,P08962,CD63,ENSG00000135404
AMELX,Q99217,AMELX,ENSG00000125363
LAMP1,P11279,LAMP1,ENSG00000185896
LAMP2,P13473,LAMP2,ENSG00000005893
AMELY,Q99218,AMELY,ENSG00000099721
AMH,P03971,AMH,ENSG00000104899
ACVR1,Q04771,ACVR1,ENSG00000115170
AMHR2,Q16671,AMHR2,ENSG00000135409
BMPR1A,P36894,BMPR1A,ENSG00000107779
BMPR1B,O00238,BMPR1B,ENSG00000138696
EGFR,P00533,EGFR,ENSG00000146648
ANG,P03950,ANG,ENSG00000214274
PLXNB2,O15031,PLXNB2,ENSG00000196576
ANGPT1,Q15389,ANGPT1,ENSG00000154188
ITGA5,P08648,ITGA5,ENSG00000161638
TEK,Q02763,TEK,ENSG00000120156
TIE1,P35590,TIE1,ENSG00000066056
ANGPT2,O15123,ANGPT2,ENSG00000091879
ANGPT4,Q9Y264,ANGPT4,ENSG00000101280
ANGPTL1,O95841,ANGPTL1,ENSG00000116194
LILRB2,Q8N423,LILRB2,ENSG00000274513
LILRB3,O75022,LILRB3,ENSG00000275019
ANGPTL2,Q9UKU9,ANGPTL2,ENSG00000136859
TLR4,O00206,TLR4,ENSG00000136869
ANGPTL3,Q9Y5C1,ANGPTL3,ENSG00000132855
ITGAV,P06756,ITGAV,ENSG00000138448
ITGB3,P05106,ITGB3,ENSG00000259207
ANGPTL4,Q9BY76,ANGPTL4,ENSG00000167772
CDH11,P55287,CDH11,ENSG00000140937
CDH5,P33151,CDH5,ENSG00000179776
GPIHBP1,Q8IV16,GPIHBP1,ENSG00000277494
SDC2,P34741,SDC2,ENSG00000169439
ANGPTL5,Q86XS5,ANGPTL5,ENSG00000187151
ANGPTL6,Q8NI99,ANGPTL6,ENSG00000130812
ANGPTL7,O43827,ANGPTL7,ENSG00000171819
ANOS1,P23352,ANOS1,ENSG00000011201
FGFR1,P11362,FGFR1,ENSG00000077782
ANP32B,Q92688,ANP32B,ENSG00000136938
TNFRSF17,Q02223,TNFRSF17,ENSG00000048462
ANXA1,P04083,ANXA1,ENSG00000135046
FPR1,P21462,FPR1,ENSG00000171051
FPR2,P25090,FPR2,ENSG00000171049
FPR3,P25089,FPR3,ENSG00000187474
APELA,P0DMC3,APELA,ENSG00000248329
APLNR,P35414,APLNR,ENSG00000134817
APLN,Q9ULZ1,APLN,ENSG00000171388
APOA1,P02647,APOA1,ENSG00000118137
CD14,P08571,CD14,ENSG00000170458
APOA2,P02652,APOA2,ENSG00000158874
APOA4,P06727,APOA4,ENSG00000110244
APOB,P04114,APOB,ENSG00000084674
ENO1,P06733,ENO1,ENSG00000074800
ITGAM,P11215,ITGAM,ENSG00000169896
ITGB2,P05107,ITGB2,ENSG00000160255
LRP6,O75581,LRP6,ENSG00000281324
LRP8,Q14114,LRP8,ENSG00000157193
LSR,Q86X29,LSR,ENSG00000105699
OLR1,P78380,OLR1,ENSG00000173391
TLR6,Q9Y2C9,TLR6,ENSG00000174130
TREM2,Q9NZC2,TREM2,ENSG00000095970
VLDLR,P98155,VLDLR,ENSG00000147852
APOC1,P02654,APOC1,ENSG00000130208
APOC2,P02655,APOC2,ENSG00000234906
APOC3,P02656,APOC3,ENSG00000110245
TLR2,O60603,TLR2,ENSG00000137462
APOC4,P55056,APOC4,ENSG00000267467
APOD,P05090,APOD,ENSG00000189058
LEPR,P48357,LEPR,ENSG00000116678
APOE,P02649,APOE,ENSG00000130203
CHRNA4,P43681,CHRNA4,ENSG00000101204
LRP5,O75197,LRP5,ENSG00000162337
SCARB1,Q8WTV0,SCARB1,ENSG00000073060
APOO,Q9BUR5,APOO,ENSG00000184831
IL1RAPL1,Q9NZN1,IL1RAPL1,ENSG00000169306
IL1RAPL2,Q9NP60,IL1RAPL2,ENSG00000189108
AREG,P15514,AREG,ENSG00000109321
ERBB2,P04626,ERBB2,ENSG00000141736
ERBB3,P21860,ERBB3,ENSG00000065361
ARF4,P18085,ARF4,ENSG00000168374
ARF6,P62330,ARF6,ENSG00000165527
PLD1,Q13393,PLD1,ENSG00000075651
SMAP1,Q8IYB5,SMAP1,ENSG00000112305
ARPC5,O15511,ARPC5,ENSG00000162704
ARTN,Q5T4W7,ARTN,ENSG00000117407
GFRA1,P56159,GFRA1,ENSG00000151892
GFRA2,O00451,GFRA2,ENSG00000168546
GFRA3,O60609,GFRA3,ENSG00000146013
RET,P07949,RET,ENSG00000165731
ASIP,P42127,ASIP,ENSG00000101440
MC2R,Q01718,MC2R,ENSG00000185231
ASRGL1,Q7L266,ASRGL1,ENSG00000162174
CCR10,P46092,CCR10,ENSG00000184451
AVP,P01185,AVP,ENSG00000101200
AVPR1A,P37288,AVPR1A,ENSG00000166148
AVPR1B,P47901,AVPR1B,ENSG00000198049
AVPR2,P30518,AVPR2,ENSG00000126895
OXTR,P30559,OXTR,ENSG00000180914
AZGP1,P25311,AZGP1,ENSG00000160862
B2M,P61769,B2M,ENSG00000273686
CD1A,P06126,CD1A,ENSG00000158477
CD1C,P29017,CD1C,ENSG00000158481
CD247,P20963,CD247,ENSG00000198821
CD3D,P04234,CD3D,ENSG00000167286
CD3G,P09693,CD3G,ENSG00000160654
KIR2DL1,P43626,KIR2DL1,ENSG00000278495
KIR2DL3,P43628,KIR2DL3,ENSG00000284510
KIR3DL1,P43629,KIR3DL1,ENSG00000284426
KLRC1,P26715,KLRC1,ENSG00000134545
KLRC2,P26717,KLRC2,ENSG00000205809
KLRD1,Q13241,KLRD1,ENSG00000134539
LILRB1,Q8NHL6,LILRB1,ENSG00000274669
TFRC,P02786,TFRC,ENSG00000072274
BAG6,P46379,BAG6,ENSG00000234651
NCR3,O14931,NCR3,ENSG00000236979
BCAN,Q96GW7,BCAN,ENSG00000132692
NRCAM,Q92823,NRCAM,ENSG00000091129
BDNF,P23560,BDNF,ENSG00000176697
DDR1,Q08345,DDR1,ENSG00000234078
DRD4,P21917,DRD4,ENSG00000276825
NGFR,P08138,NGFR,ENSG00000064300
NTRK2,Q16620,NTRK2,ENSG00000148053
BGN,P21810,BGN,ENSG00000182492
FGFR3,P22607,FGFR3,ENSG00000068078
TLR1,Q15399,TLR1,ENSG00000174125
BMP1,P13497,BMP1,ENSG00000168487
BMPR2,Q13873,BMPR2,ENSG00000204217
BMP10,O95393,BMP10,ENSG00000163217
ACVR2A,P27037,ACVR2A,ENSG00000121989
ACVR2B,Q13705,ACVR2B,ENSG00000114739
ACVRL1,P37023,ACVRL1,ENSG00000139567
FFAR2,O15552,FFAR2,ENSG00000126262
KIR3DS1,Q14943,KIR3DS1,ENSG00000275434
VSIR,Q9H7M9,VSIR,ENSG00000107738
BMP15,O95972,BMP15,ENSG00000130385
TGFBR1,P36897,TGFBR1,ENSG00000106799
BMP2,P12643,BMP2,ENSG00000125845
GPC1,P35052,GPC1,ENSG00000063660
HJV,Q6ZVN8,HJV,ENSG00000168509
RGMB,Q6NW40,RGMB,ENSG00000174136
SMO,Q99835,SMO,ENSG00000128602
BMP3,P12645,BMP3,ENSG00000152785
ACVR1B,P36896,ACVR1B,ENSG00000135503
BMP4,P12644,BMP4,ENSG00000125378
CFC1,P0CG37,CFC1,ENSG00000136698
BMP5,P22003,BMP5,ENSG00000112175
PTPRD,P23468,PTPRD,ENSG00000282932
BMP6,P22004,BMP6,ENSG00000153162
BMP7,P18075,BMP7,ENSG00000101144
PTPRK,Q15262,PTPRK,ENSG00000273993
BMP8A,Q7Z5Y6,BMP8A,ENSG00000183682
TGFBR2,P37173,TGFBR2,ENSG00000163513
BMP8B,P34820,BMP8B,ENSG00000116985
PLAUR,Q03405,PLAUR,ENSG00000011422
BPI,P17213,BPI,ENSG00000101425
SLAMF9,Q96A28,SLAMF9,ENSG00000162723
BST2,Q10589,BST2,ENSG00000130303
LILRA4,P59901,LILRA4,ENSG00000276798
BTC,P35070,BTC,ENSG00000174808
ERBB4,Q15303,ERBB4,ENSG00000178568
C1QA,P02745,C1QA,ENSG00000173372
CD33,P20138,CD33,ENSG00000105383
CD93,Q9NPY3,CD93,ENSG00000125810
CR1,P17927,CR1,ENSG00000203710
CR1L,Q2VPA4,CR1L,ENSG00000197721
CSPG4,Q6UVK1,CSPG4,ENSG00000173546
C1QTNF1,Q9BXJ1,C1QTNF1,ENSG00000173918
C1QTNF5,Q9BXJ0,C1QTNF5,ENSG00000223953
MFRP,Q9BY79,MFRP,ENSG00000235718
C4A,P0C0L4,C4A,ENSG00000244731
C3AR1,Q16581,C3AR1,ENSG00000171860
C5AR2,Q9P296,C5AR2,ENSG00000134830
CD46,P15529,CD46,ENSG00000117335
CR2,P20023,CR2,ENSG00000117322
C4B_2,P0C0L5,C4B_2,ENSG00000236625
C4BPA,P04003,C4BPA,ENSG00000123838
CD40,P25942,CD40,ENSG00000101017
C5,P01031,C5,ENSG00000106804
C5AR1,P21730,C5AR1,ENSG00000197405
C6orf15,Q6UXA7,C6orf15,ENSG00000229432
CALCA,P01258,CALCA,ENSG00000110680
CALCB,P10092,CALCB,ENSG00000175868
CALR,P27797,CALR,ENSG00000179218
ITGA2B,P08514,ITGA2B,ENSG00000005961
ITGA3,P26006,ITGA3,ENSG00000005884
MPL,P40238,MPL,ENSG00000117400
SCARF1,Q14162,SCARF1,ENSG00000276336
CAMP,P49913,CAMP,ENSG00000164047
IGF1R,P08069,IGF1R,ENSG00000140443
P2RX7,Q99572,P2RX7,ENSG00000089041
CCK,P06307,CCK,ENSG00000187094
CCKAR,P32238,CCKAR,ENSG00000163394
CCKBR,P32239,CCKBR,ENSG00000110148
CCL1,P22362,CCL1,ENSG00000108702
ACKR1,Q16570,ACKR1,ENSG00000213088
ACKR4,Q9NPB9,ACKR4,ENSG00000129048
CCR8,P51685,CCR8,ENSG00000179934
CCL11,P51671,CCL11,ENSG00000172156
ACKR2,O00590,ACKR2,ENSG00000144648
CCR2,P41597,CCR2,ENSG00000121807
CCR3,P51677,CCR3,ENSG00000183625
CCR5,P51681,CCR5,ENSG00000160791
CXCR3,P49682,CXCR3,ENSG00000186810
CCL13,Q99616,CCL13,ENSG00000181374
CCR1,P32246,CCR1,ENSG00000163823
CCR9,P51686,CCR9,ENSG00000173585
CCL14,Q16627,CCL14,ENSG00000277236
CCL15,Q16663,CCL15,ENSG00000275718
CCL16,O15467,CCL16,ENSG00000275095
HRH4,Q9H3N8,HRH4,ENSG00000134489
CCL17,Q92583,CCL17,ENSG00000102970
CCL18,P55774,CCL18,ENSG00000275385
PITPNM3,Q9BZ71,PITPNM3,ENSG00000091622
CCL19,Q99731,CCL19,ENSG00000172724
CCR7,P32248,CCR7,ENSG00000126353
CCRL2,O00421,CCRL2,ENSG00000121797
CCL2,P13500,CCL2,ENSG00000108691
CCL20,P78556,CCL20,ENSG00000115009
CCR6,P51684,CCR6,ENSG00000112486
CCL21,O00585,CCL21,ENSG00000137077
CCL22,O00626,CCL22,ENSG00000102962
CCL23,P55773,CCL23,ENSG00000274736
CCL24,O00175,CCL24,ENSG00000106178
CCL25,O15444,CCL25,ENSG00000131142
CCL26,Q9Y258,CCL26,ENSG00000006606
CX3CR1,P49238,CX3CR1,ENSG00000168329
CCL27,Q9Y4X3,CCL27,ENSG00000213927
CCL28,Q9NRJ3,CCL28,ENSG00000151882
CCL3,P10147,CCL3,ENSG00000274221
CCL3L1,P16619,CCL3L1,ENSG00000277336
CCL4,P13236,CCL4,ENSG00000277943
GPRC5D,Q9NZD1,GPRC5D,ENSG00000111291
SLC7A1,P30825,SLC7A1,ENSG00000139514
CCL4L1,Q8NHW4,CCL4L1,ENSG00000275313
GPR101,Q96P66,GPR101,ENSG00000165370
GPR151,Q8TDV0,GPR151,ENSG00000173250
PGRMC2,O15173,PGRMC2,ENSG00000164040
CCL5,P13501,CCL5,ENSG00000274233
GPR75,O95800,GPR75,ENSG00000119737
CCL7,P80098,CCL7,ENSG00000108688
CCL8,P80075,CCL8,ENSG00000108700
CCN1,O00622,CCN1,ENSG00000142871
ITGB5,P18084,ITGB5,ENSG00000082781
CCN2,P29279,CCN2,ENSG00000118523
FGFR2,P21802,FGFR2,ENSG00000066468
IGF2R,P11717,IGF2R,ENSG00000197081
CCN3,P48745,CCN3,ENSG00000136999
NOTCH1,P46531,NOTCH1,ENSG00000148400
PLXNA1,Q9UIW2,PLXNA1,ENSG00000114554
CCN4,O95388,CCN4,ENSG00000104415
CD160,O95971,CD160,ENSG00000117281
TNFRSF14,Q92956,TNFRSF14,ENSG00000273936
CD1D,P15813,CD1D,ENSG00000158473
CD200,P41217,CD200,ENSG00000091972
CD200R1,Q8TD46,CD200R1,ENSG00000163606
CD200R1L,Q6Q8B3,CD200R1L,ENSG00000206531
CD274,Q9NZQ7,CD274,ENSG00000120217
CD80,P33681,CD80,ENSG00000121594
PDCD1,Q15116,PDCD1,ENSG00000276977
CD34,P28906,CD34,ENSG00000174059
SELL,P14151,SELL,ENSG00000188404
SELP,P16109,SELP,ENSG00000174175
CD40LG,P29965,CD40LG,ENSG00000102245
CD53,P19397,CD53,ENSG00000143119
CD48,P09326,CD48,ENSG00000117091
CD2,P06729,CD2,ENSG00000116824
CD244,Q9BZW8,CD244,ENSG00000122223
CD52,P31358,CD52,ENSG00000169442
SIGLEC10,Q96LC7,SIGLEC10,ENSG00000142512
CD58,P19256,CD58,ENSG00000116815
PTPRT,O14522,PTPRT,ENSG00000196090
CD59,P13987,CD59,ENSG00000085063
SIGLEC1,Q9BZZ2,SIGLEC1,ENSG00000088827
STAB1,Q9NY15,STAB1,ENSG00000010327
CD5L,O43866,CD5L,ENSG00000073754
CD5,P06127,CD5,ENSG00000110448
CD70,P32970,CD70,ENSG00000125726
CD27,P26842,CD27,ENSG00000139193
GPRC5B,Q9NZH0,GPRC5B,ENSG00000167191
TNFRSF13B,O14836,TNFRSF13B,ENSG00000240505
CD99,P14209,CD99,ENSG00000002586
CD81,P60033,CD81,ENSG00000110651
CD99L2,Q8TCZ2,CD99L2,ENSG00000102181
PILRA,Q9UKJ1,PILRA,ENSG00000085514
PILRB,Q9UKJ0,PILRB,ENSG00000121716
CEACAM16,Q2WEN9,CEACAM16,ENSG00000213892
TECTA,O75443,TECTA,ENSG00000109927
TECTB,Q96PL2,TECTB,ENSG00000119913
CEACAM5,P06731,CEACAM5,ENSG00000105388
CD8A,P01732,CD8A,ENSG00000153563
CEACAM1,P13688,CEACAM1,ENSG00000079385
CEACAM6,P40199,CEACAM6,ENSG00000086548
CEACAM8,P31997,CEACAM8,ENSG00000124469
BTN2A2,Q8WVV5,BTN2A2,ENSG00000124508
PTPRO,Q16827,PTPRO,ENSG00000151490
CER1,O95813,CER1,ENSG00000147869
MRC2,Q9UBG0,MRC2,ENSG00000011028
CFH,P08603,CFH,ENSG00000000971
CFP,P27918,CFP,ENSG00000126759
NCR1,O76036,NCR1,ENSG00000278362
CGA,P01215,CGA,ENSG00000135346
FSHR,P23945,FSHR,ENSG00000170820
LHCGR,P22888,LHCGR,ENSG00000138039
SIRPA,P78324,SIRPA,ENSG00000198053
CGB8,P0DN86,CGB8,ENSG00000213030
CGN,Q9P2M7,CGN,ENSG00000143375
CHAD,O15335,CHAD,ENSG00000136457
ITGA2,P17301,ITGA2,ENSG00000164171
CIRBP,Q14011,CIRBP,ENSG00000099622
TREM1,Q9NP99,TREM1,ENSG00000124731
CKLF,Q9UBR5,CKLF,ENSG00000217555
CLCF1,Q9UBD9,CLCF1,ENSG00000175505
CNTFR,P26992,CNTFR,ENSG00000122756
CRLF1,O75462,CRLF1,ENSG00000006016
IL6ST,P40189,IL6ST,ENSG00000134352
LIFR,P42702,LIFR,ENSG00000113594
CLDN19,Q8N6F1,CLDN19,ENSG00000164007
CLDN6,P56747,CLDN6,ENSG00000184697
CLDN7,O95471,CLDN7,ENSG00000288292
CLDN8,P56748,CLDN8,ENSG00000156284
CLDN9,O95484,CLDN9,ENSG00000213937
CLEC11A,Q9Y240,CLEC11A,ENSG00000105472
ITGA10,O75578,ITGA10,ENSG00000143127
ITGA11,Q9UKX5,ITGA11,ENSG00000137809
KIT,P10721,KIT,ENSG00000157404
CLEC2A,Q6UVW9,CLEC2A,ENSG00000188393
KLRB1,Q12918,KLRB1,ENSG00000111796
KLRF2,D3W0D1,KLRF2,ENSG00000256797
CLEC3A,O75596,CLEC3A,ENSG00000166509
CLEC10A,Q8IUN9,CLEC10A,ENSG00000132514
CLEC2B,Q92478,CLEC2B,ENSG00000110852
CLU,P10909,CLU,ENSG00000120885
CLUL1,Q15846,CLUL1,ENSG00000079101
GPR55,Q9Y2T6,GPR55,ENSG00000135898
CNMD,O75829,CNMD,ENSG00000136110
CNTF,P26441,CNTF,ENSG00000242689
IL6R,P08887,IL6R,ENSG00000160712
CNTN2,Q02246,CNTN2,ENSG00000184144
CNTN1,Q12860,CNTN1,ENSG00000018236
CNTNAP2,Q9UHC6,CNTNAP2,ENSG00000278728
KREMEN1,Q96MU8,KREMEN1,ENSG00000183762
CNTN3,Q9P232,CNTN3,ENSG00000113805
PTPRG,P23470,PTPRG,ENSG00000144724
CNTN4,Q8IWV2,CNTN4,ENSG00000144619
APLP1,P51693,APLP1,ENSG00000105290
APP,P05067,APP,ENSG00000142192
CNTN6,Q9UQ52,CNTN6,ENSG00000134115
COL10A1,Q03692,COL10A1,ENSG00000123500
LAIR1,Q6GTX8,LAIR1,ENSG00000276163
COL11A1,P12107,COL11A1,ENSG00000060718
ITGA1,P56199,ITGA1,ENSG00000213949
COL11A2,P13942,COL11A2,ENSG00000230930
COL14A1,Q05707,COL14A1,ENSG00000187955
CD44,P16070,CD44,ENSG00000026508
COL16A1,Q07092,COL16A1,ENSG00000084636
COL18A1,P39060,COL18A1,ENSG00000182871
GPC4,O75487,GPC4,ENSG00000076716
KDR,P35968,KDR,ENSG00000128052
PTPRS,Q13332,PTPRS,ENSG00000105426
COL1A1,P02452,COL1A1,ENSG00000108821
CD36,P16671,CD36,ENSG00000135218
DDR2,Q16832,DDR2,ENSG00000162733
FLT4,P35916,FLT4,ENSG00000037280
GP6,Q9HCN6,GP6,ENSG00000278316
ITGA9,Q13797,ITGA9,ENSG00000144668
ITGB8,P26012,ITGB8,ENSG00000105855
COL1A2,P08123,COL1A2,ENSG00000164692
COL2A1,P02458,COL2A1,ENSG00000139219
OR1E1,P30953,OR1E1,ENSG00000180016
TNFRSF10A,O00220,TNFRSF10A,ENSG00000104689
COL3A1,P02461,COL3A1,ENSG00000168542
COL4A1,P02462,COL4A1,ENSG00000187498
CD47,Q08722,CD47,ENSG00000196776
COL4A2,P08572,COL4A2,ENSG00000134871
COL4A3,Q01955,COL4A3,ENSG00000169031
COL4A4,P53420,COL4A4,ENSG00000081052
COL4A5,P29400,COL4A5,ENSG00000188153
COL4A6,Q14031,COL4A6,ENSG00000197565
COL5A1,P20908,COL5A1,ENSG00000130635
COL5A2,P05997,COL5A2,ENSG00000204262
COL5A3,P25940,COL5A3,ENSG00000080573
COL6A1,P12109,COL6A1,ENSG00000142156
ITGA6,P23229,ITGA6,ENSG00000091409
COL6A2,P12110,COL6A2,ENSG00000142173
COL6A3,P12111,COL6A3,ENSG00000163359
COL6A5,A8TX70,COL6A5,ENSG00000172752
COL6A6,A6NMZ7,COL6A6,ENSG00000206384
COL7A1,Q02388,COL7A1,ENSG00000114270
COL8A1,P27658,COL8A1,ENSG00000144810
COL8A2,P25067,COL8A2,ENSG00000171812
SLC4A11,Q8NBS3,SLC4A11,ENSG00000088836
COL9A1,P20849,COL9A1,ENSG00000112280
COL9A2,Q14055,COL9A2,ENSG00000049089
COL9A3,Q14050,COL9A3,ENSG00000092758
COLQ,Q9Y215,COLQ,ENSG00000206561
COMP,P49747,COMP,ENSG00000105664
ITGA7,Q13683,ITGA7,ENSG00000135424
COPA,P53621,COPA,ENSG00000122218
CD74,P04233,CD74,ENSG00000019582
MTNR1B,P49286,MTNR1B,ENSG00000134640
P2RY6,Q15077,P2RY6,ENSG00000171631
CORT,O00230,CORT,ENSG00000241563
GHSR,Q92847,GHSR,ENSG00000121853
SSTR1,P30872,SSTR1,ENSG00000139874
SSTR2,P30874,SSTR2,ENSG00000180616
SSTR3,P32745,SSTR3,ENSG00000278195
SSTR4,P31391,SSTR4,ENSG00000132671
SSTR5,P35346,SSTR5,ENSG00000162009
CPAMD8,Q8IZJ3,CPAMD8,ENSG00000160111
CRH,P06850,CRH,ENSG00000147571
CRHR1,P34998,CRHR1,ENSG00000276191
CRHR2,Q13324,CRHR2,ENSG00000106113
CRISP3,P54108,CRISP3,ENSG00000096006
A1BG,P04217,A1BG,ENSG00000121410
CRP,P02741,CRP,ENSG00000132693
CRTAM,O95727,CRTAM,ENSG00000109943
ILDR2,Q71H61,ILDR2,ENSG00000143195
CSF1,P09603,CSF1,ENSG00000184371
CELSR3,Q9NYQ7,CELSR3,ENSG00000008300
CSF1R,P07333,CSF1R,ENSG00000182578
CSF2,P04141,CSF2,ENSG00000164400
CSF2RA,P15509,CSF2RA,ENSG00000198223
CSF2RB,P32927,CSF2RB,ENSG00000100368
CSF3R,Q99062,CSF3R,ENSG00000119535
IL3RA,P26951,IL3RA,ENSG00000185291
CSF3,P09919,CSF3,ENSG00000108342
CSH1,P0DML2,CSH1,ENSG00000136488
PRLR,P16471,PRLR,ENSG00000113494
CSH2,P0DML3,CSH2,ENSG00000213218
CSHL1,Q14406,CSHL1,ENSG00000204414
GHR,P10912,GHR,ENSG00000112964
CTF1,Q16619,CTF1,ENSG00000150281
CTHRC1,Q96CG8,CTHRC1,ENSG00000164932
FZD3,Q9NPG1,FZD3,ENSG00000104290
FZD5,Q13467,FZD5,ENSG00000163251
FZD6,O60353,FZD6,ENSG00000164930
ROR2,Q01974,ROR2,ENSG00000169071
CTSG,P08311,CTSG,ENSG00000100448
F2R,P25116,F2R,ENSG00000181104
F2RL1,P55085,F2RL1,ENSG00000164251
F2RL2,O00254,F2RL2,ENSG00000164220
F2RL3,Q96RI0,F2RL3,ENSG00000127533
PARD3,Q8TEW0,PARD3,ENSG00000148498
CX3CL1,P78423,CX3CL1,ENSG00000006210
CXCL1,P09341,CXCL1,ENSG00000163739
CXCR1,P25024,CXCR1,ENSG00000163464
CXCR2,P25025,CXCR2,ENSG00000180871
CXCL10,P02778,CXCL10,ENSG00000169245
CXCL11,O14625,CXCL11,ENSG00000169248
CXCL12,P48061,CXCL12,ENSG00000107562
CD4,P01730,CD4,ENSG00000010610
CXCR4,P61073,CXCR4,ENSG00000121966
CXCL13,O43927,CXCL13,ENSG00000156234
CXCR5,P32302,CXCR5,ENSG00000160683
HTR2A,P28223,HTR2A,ENSG00000102468
OPRD1,P41143,OPRD1,ENSG00000116329
CXCL14,O95715,CXCL14,ENSG00000145824
CXCL17,Q6UXB2,CXCL17,ENSG00000189377
GPR35,Q9HC97,GPR35,ENSG00000178623
CXCL2,P19875,CXCL2,ENSG00000081041
XCR1,P46094,XCR1,ENSG00000173578
CXCL3,P19876,CXCL3,ENSG00000163734
CXCL5,P42830,CXCL5,ENSG00000163735
CXCL6,P80162,CXCL6,ENSG00000124875
CXCL8,P10145,CXCL8,ENSG00000169429
CD79A,P11912,CD79A,ENSG00000105369
CXCL9,Q07325,CXCL9,ENSG00000138755
FCGR2A,P12318,FCGR2A,ENSG00000143226
CYTL1,Q9NRR1,CYTL1,ENSG00000170891
DBP,Q10586,DBP,ENSG00000105516
DCN,P07585,DCN,ENSG00000011465
MET,P08581,MET,ENSG00000105976
DEFB1,P60022,DEFB1,ENSG00000284881
DEFB103A,P81534,DEFB103A,ENSG00000284978
DEFB106B,Q8N104,DEFB106B,ENSG00000285617
DEFB4B,O15263,DEFB4B,ENSG00000285433
DHH,O43323,DHH,ENSG00000139549
BOC,Q9BWV1,BOC,ENSG00000144857
CDON,Q4KMG0,CDON,ENSG00000064309
HHIP,Q96QV1,HHIP,ENSG00000164161
PTCH1,Q13635,PTCH1,ENSG00000185920
PTCH2,Q9Y6C5,PTCH2,ENSG00000117425
DKK1,O94907,DKK1,ENSG00000107984
KREMEN2,Q8NCW0,KREMEN2,ENSG00000131650
DKK2,Q9UBU2,DKK2,ENSG00000155011
DKK3,Q9UBP4,DKK3,ENSG00000050165
DKK4,Q9UBT3,DKK4,ENSG00000104371
DLK1,P80370,DLK1,ENSG00000185559
NOTCH2,Q04721,NOTCH2,ENSG00000134250
NOTCH3,Q9UM47,NOTCH3,ENSG00000074181
NOTCH4,Q99466,NOTCH4,ENSG00000234876
DLK2,Q6UY11,DLK2,ENSG00000171462
DLL1,O00548,DLL1,ENSG00000275555
DLL3,Q9NYJ7,DLL3,ENSG00000090932
DLL4,Q9NR61,DLL4,ENSG00000128917
DMP1,Q13316,DMP1,ENSG00000152592
DRAXIN,Q8NBI3,DRAXIN,ENSG00000162490
DCC,P43146,DCC,ENSG00000187323
DSC1,Q08554,DSC1,ENSG00000134765
DSG3,P32926,DSG3,ENSG00000134757
DSG4,Q86SJ6,DSG4,ENSG00000175065
DSC2,Q02487,DSC2,ENSG00000134755
DSC3,Q14574,DSC3,ENSG00000134762
DSPP,Q9NZW4,DSPP,ENSG00000152591
ITGB6,P18564,ITGB6,ENSG00000115221
DUSP18,Q8NEJ0,DUSP18,ENSG00000167065
ITGB4,P16144,ITGB4,ENSG00000132470
RPSA,P08865,RPSA,ENSG00000168028
EBI3,Q14213,EBI3,ENSG00000105246
IL27RA,Q6UWB1,IL27RA,ENSG00000288185
ECM1,Q16610,ECM1,ENSG00000143369
EDA,Q92838,EDA,ENSG00000158813
EDA2R,Q9HAV5,EDA2R,ENSG00000131080
EDAR,Q9UNE0,EDAR,ENSG00000135960
IL1RL1,Q01638,IL1RL1,ENSG00000115602
EDIL3,O43854,EDIL3,ENSG00000164176
EDN1,P05305,EDN1,ENSG00000078401
ADGRL4,Q9HBW9,ADGRL4,ENSG00000162618
EDNRA,P25101,EDNRA,ENSG00000151617
EDNRB,P24530,EDNRB,ENSG00000136160
EDN2,P20800,EDN2,ENSG00000127129
EDN3,P14138,EDN3,ENSG00000124205
EFEMP1,Q12805,EFEMP1,ENSG00000115380
EFEMP2,O95967,EFEMP2,ENSG00000172638
LINGO1,Q96FE5,LINGO1,ENSG00000169783
EFNA1,P20827,EFNA1,ENSG00000169242
EPHA1,P21709,EPHA1,ENSG00000284816
EPHA10,Q5JZY3,EPHA10,ENSG00000183317
EPHA2,P29317,EPHA2,ENSG00000142627
EPHA3,P29320,EPHA3,ENSG00000044524
EPHA4,P54764,EPHA4,ENSG00000116106
EPHA5,P54756,EPHA5,ENSG00000145242
EPHA6,Q9UF33,EPHA6,ENSG00000080224
EPHA8,P29322,EPHA8,ENSG00000070886
EPHB1,P54762,EPHB1,ENSG00000154928
EFNA2,O43921,EFNA2,ENSG00000099617
EFNA3,P52797,EFNA3,ENSG00000143590
EFNA4,P52798,EFNA4,ENSG00000243364
PDGFRB,P09619,PDGFRB,ENSG00000113721
EFNA5,P52803,EFNA5,ENSG00000184349
EFNB1,P98172,EFNB1,ENSG00000090776
EPHB4,P54760,EPHB4,ENSG00000196411
NAALAD2,Q9Y3Q0,NAALAD2,ENSG00000285516
TRHDE,Q9UKU6,TRHDE,ENSG00000072657
EFNB2,P52799,EFNB2,ENSG00000125266
FCRL1,Q96LA6,FCRL1,ENSG00000163534
GRM1,Q13255,GRM1,ENSG00000152822
GRM5,P41594,GRM5,ENSG00000168959
KIR2DS3,Q14952,KIR2DS3,ENSG00000288487
PECAM1,P16284,PECAM1,ENSG00000261371
RHBDL2,Q9NX52,RHBDL2,ENSG00000158315
EFNB3,Q15768,EFNB3,ENSG00000108947
EGF,P01133,EGF,ENSG00000138798
AXL,P30530,AXL,ENSG00000167601
PLD2,O14939,PLD2,ENSG00000129219
TNFRSF11B,O00300,TNFRSF11B,ENSG00000164761
EGFL8,Q99944,EGFL8,ENSG00000240592
ENAM,Q9NRM1,ENAM,ENSG00000132464
ENHO,Q6UWT2,ENHO,ENSG00000168913
GPR19,Q15760,GPR19,ENSG00000183150
EPGN,Q6UW88,EPGN,ENSG00000182585
EPO,P01588,EPO,ENSG00000130427
EPOR,P19235,EPOR,ENSG00000187266
EREG,O14944,EREG,ENSG00000124882
ERFE,Q4G0M1,ERFE,ENSG00000178752
ETV5,P41161,ETV5,ENSG00000244405
F13A1,P00488,F13A1,ENSG00000124491
F2,P00734,F2,ENSG00000180210
GP1BA,P07359,GP1BA,ENSG00000185245
GP1BB,P13224,GP1BB,ENSG00000203618
GP9,P14770,GP9,ENSG00000169704
THBD,P07204,THBD,ENSG00000178726
FAM3B,P58499,FAM3B,ENSG00000183844
FAM3C,Q92520,FAM3C,ENSG00000196937
ADGRG5,Q8IZF4,ADGRG5,ENSG00000159618
GLRA2,P23416,GLRA2,ENSG00000101958
FAM3D,Q96BQ1,FAM3D,ENSG00000198643
FASLG,P48023,FASLG,ENSG00000117560
FAS,P25445,FAS,ENSG00000026103
TNFRSF10B,O14763,TNFRSF10B,ENSG00000120889
TNFRSF1A,P19438,TNFRSF1A,ENSG00000067182
TNFRSF6B,O95407,TNFRSF6B,ENSG00000243509
FBLN1,P23142,FBLN1,ENSG00000077942
FBLN2,P98095,FBLN2,ENSG00000163520
FBN1,P35555,FBN1,ENSG00000166147
FCN2,Q15485,FCN2,ENSG00000160339
FGF1,P05230,FGF1,ENSG00000113578
FGFR4,P22455,FGFR4,ENSG00000160867
FGFRL1,Q8N441,FGFRL1,ENSG00000127418
TGFBR3,Q03167,TGFBR3,ENSG00000069702
FGF10,O15520,FGF10,ENSG00000070193
FGF11,Q92914,FGF11,ENSG00000283903
FGF12,P61328,FGF12,ENSG00000114279
FGF13,Q92913,FGF13,ENSG00000129682
FGF14,Q92915,FGF14,ENSG00000102466
FGF16,O43320,FGF16,ENSG00000196468
FGF17,O60258,FGF17,ENSG00000158815
FGF18,O76093,FGF18,ENSG00000156427
FGF19,O95750,FGF19,ENSG00000162344
KLB,Q86Z14,KLB,ENSG00000134962
FGF2,P09038,FGF2,ENSG00000138685
FGF20,Q9NP95,FGF20,ENSG00000078579
FGF21,Q9NSA1,FGF21,ENSG00000105550
FGF22,Q9HCT0,FGF22,ENSG00000070388
FGF23,Q9GZV9,FGF23,ENSG00000118972
FGF3,P11487,FGF3,ENSG00000186895
FGF4,P08620,FGF4,ENSG00000075388
FGF5,P12034,FGF5,ENSG00000138675
FGF6,P10767,FGF6,ENSG00000111241
FGF7,P21781,FGF7,ENSG00000140285
FGF8,P55075,FGF8,ENSG00000107831
FGF9,P31371,FGF9,ENSG00000102678
FGL1,Q08830,FGL1,ENSG00000104760
LAG3,P18627,LAG3,ENSG00000089692
FLRT2,O43155,FLRT2,ENSG00000185070
UNC5A,Q6ZN44,UNC5A,ENSG00000113763
UNC5B,Q8IZJ1,UNC5B,ENSG00000107731
UNC5D,Q6UXZ4,UNC5D,ENSG00000156687
FLRT3,Q9NZU0,FLRT3,ENSG00000125848
FLT3LG,P49771,FLT3LG,ENSG00000090554
FLT3,P36888,FLT3,ENSG00000122025
FN1,P02751,FN1,ENSG00000115414
IL17RC,Q8NAC3,IL17RC,ENSG00000163702
ITGA8,P53708,ITGA8,ENSG00000077943
ITGB7,P26010,ITGB7,ENSG00000139626
ROBO4,Q8WZ75,ROBO4,ENSG00000154133
FNDC5,Q8NAU1,FNDC5,ENSG00000160097
FRS3,O43559,FRS3,ENSG00000137218
FSHB,P01225,FSHB,ENSG00000131808
FST,P19883,FST,ENSG00000134363
FSTL1,Q12841,FSTL1,ENSG00000163430
DIP2A,Q14689,DIP2A,ENSG00000160305
FSTL5,Q8N475,FSTL5,ENSG00000168843
CD86,P42081,CD86,ENSG00000114013
CEACAM19,Q7Z692,CEACAM19,ENSG00000186567
LILRA1,O75019,LILRA1,ENSG00000274935
SDK2,Q58EX2,SDK2,ENSG00000069188
SIGLEC6,O43699,SIGLEC6,ENSG00000105492
FYN,P06241,FYN,ENSG00000010810
SPN,P16150,SPN,ENSG00000197471
THY1,P04216,THY1,ENSG00000154096
GAL,P22466,GAL,ENSG00000069482
GALR1,P47211,GALR1,ENSG00000166573
GALR2,O43603,GALR2,ENSG00000182687
GALR3,O60755,GALR3,ENSG00000128310
HLA-DPA1,P20036,HLA-DPA1,ENSG00000236177
GALP,Q9UBC7,GALP,ENSG00000197487
GAS6,Q14393,GAS6,ENSG00000183087
MERTK,Q12866,MERTK,ENSG00000153208
TYRO3,Q06418,TYRO3,ENSG00000092445
GAST,P01350,GAST,ENSG00000184502
GC,P02774,GC,ENSG00000145321
GCG,P01275,GCG,ENSG00000115263
GCGR,P47871,GCGR,ENSG00000288269
GIPR,P48546,GIPR,ENSG00000010310
GLP1R,P43220,GLP1R,ENSG00000112164
GLP2R,O95838,GLP2R,ENSG00000065325
GDF1,P27539,GDF1,ENSG00000130283
ACVR1C,Q8NER5,ACVR1C,ENSG00000123612
HTR4,Q13639,HTR4,ENSG00000164270
GDF10,P55107,GDF10,ENSG00000266524
GDF11,O95390,GDF11,ENSG00000135414
ANTXR1,Q9H6X2,ANTXR1,ENSG00000169604
GDF15,Q99988,GDF15,ENSG00000130513
GFRAL,Q6UXV0,GFRAL,ENSG00000187871
GDF2,Q9UK05,GDF2,ENSG00000263761
GDF3,Q9NR23,GDF3,ENSG00000184344
TDGF1,P13385,TDGF1,ENSG00000241186
GDF5,P43026,GDF5,ENSG00000125965
GDF6,Q6KF10,GDF6,ENSG00000156466
GDF7,Q7Z4P5,GDF7,ENSG00000143869
GDF9,O60383,GDF9,ENSG00000164404
FXYD6,Q9H0Q3,FXYD6,ENSG00000137726
GDNF,P39905,GDNF,ENSG00000168621
GH1,P01241,GH1,ENSG00000259384
GH2,P01242,GH2,ENSG00000136487
GHRH,P01286,GHRH,ENSG00000118702
GHRHR,Q02643,GHRHR,ENSG00000106128
GHRL,Q9UBU3,GHRL,ENSG00000157017
GPR39,O43194,GPR39,ENSG00000183840
MLNR,O43193,MLNR,ENSG00000102539
PTGER3,P43115,PTGER3,ENSG00000050628
PTGIR,P43119,PTGIR,ENSG00000160013
TBXA2R,P21731,TBXA2R,ENSG00000006638
GIP,P09681,GIP,ENSG00000159224
GNRH1,P01148,GNRH1,ENSG00000147437
GNRHR,P30968,GNRHR,ENSG00000109163
GNRH2,O43555,GNRH2,ENSG00000125787
GPHA2,Q96T91,GPHA2,ENSG00000149735
ADGRV1,Q8WXG9,ADGRV1,ENSG00000164199
GPHB5,Q86YW7,GPHB5,ENSG00000179600
GPI,P06744,GPI,ENSG00000105220
GPR15L,Q6UWK7,GPR15L,ENSG00000188373
GPR15,P49685,GPR15,ENSG00000154165
GREM1,O60565,GREM1,ENSG00000282046
GRN,P28799,GRN,ENSG00000030582
CLEC4M,Q9H2X3,CLEC4M,ENSG00000104938
TNFRSF1B,P20333,TNFRSF1B,ENSG00000028137
GRP,P07492,GRP,ENSG00000134443
BRS3,P32247,BRS3,ENSG00000102239
GRPR,P30550,GRPR,ENSG00000126010
NMBR,P28336,NMBR,ENSG00000135577
GSTM2,P28161,GSTM2,ENSG00000213366
RYR2,Q92736,RYR2,ENSG00000198626
GSTO1,P78417,GSTO1,ENSG00000148834
RYR1,P21817,RYR1,ENSG00000196218
GUCA1A,P43080,GUCA1A,ENSG00000048545
GUCY2F,P51841,GUCY2F,ENSG00000101890
GUCA1B,Q9UMX6,GUCA1B,ENSG00000112599
GUCA2A,Q02747,GUCA2A,ENSG00000197273
GUCY2C,P25092,GUCY2C,ENSG00000070019
GUCA2B,Q16661,GUCA2B,ENSG00000044012
GZMA,P12544,GZMA,ENSG00000145649
HAPLN1,P10915,HAPLN1,ENSG00000145681
ADGRA2,Q96PE1,ADGRA2,ENSG00000020181
AGER,Q15109,AGER,ENSG00000234729
IGDCC4,Q8TDY8,IGDCC4,ENSG00000103742
MPIG6B,O95866,MPIG6B,ENSG00000231003
PRTG,Q2VWP7,PRTG,ENSG00000166450
TREML2,Q5T2D2,TREML2,ENSG00000112195
HBEGF,Q99075,HBEGF,ENSG00000113070
MOG,Q16653,MOG,ENSG00000232641
HCRT,O43612,HCRT,ENSG00000161610
HCRTR1,O43613,HCRTR1,ENSG00000121764
HCRTR2,O43614,HCRTR2,ENSG00000137252
NPFFR2,Q9Y5X5,NPFFR2,ENSG00000056291
HGF,P14210,HGF,ENSG00000019991
HHLA2,Q9UM44,HHLA2,ENSG00000114455
TMIGD2,Q96BF3,TMIGD2,ENSG00000167664
VSTM2B,A6NLU5,VSTM2B,ENSG00000187135
HLA-A,P04439,HLA-A,ENSG00000206503
APLP2,Q06481,APLP2,ENSG00000084234
CD8B,P10966,CD8B,ENSG00000172116
CD8B2,A6NJW9,CD8B2,ENSG00000254126
KIR2DL2,P43627,KIR2DL2,ENSG00000276011
KIR2DS4,P43632,KIR2DS4,ENSG00000283882
KIR3DL2,P43630,KIR3DL2,ENSG00000284063
HLA-B,P01889,HLA-B,ENSG00000234745
HLA-C,P10321,HLA-C,ENSG00000204525
KIR2DL5A,Q8N109,KIR2DL5A,ENSG00000275596
KIR2DS1,Q14954,KIR2DS1,ENSG00000284120
KIR2DS2,P43631,KIR2DS2,ENSG00000278152
KIR2DS5,Q14953,KIR2DS5,ENSG00000288357
KIR3DL3,Q8N743,KIR3DL3,ENSG00000276196
LILRA3,Q8N6C8,LILRA3,ENSG00000276175
SLC9C2,Q5TAH2,SLC9C2,ENSG00000162753
HLA-DMA,P28067,HLA-DMA,ENSG00000243719
HLA-DMB,P28068,HLA-DMB,ENSG00000242386
HLA-DOA,P06340,HLA-DOA,ENSG00000235744
HLA-DOB,P13765,HLA-DOB,ENSG00000239457
HLA-DPB1,P04440,HLA-DPB1,ENSG00000237710
HLA-DQA1,P01909,HLA-DQA1,ENSG00000232062
HLA-DQA2,P01906,HLA-DQA2,ENSG00000231823
HLA-DQB1,P01920,HLA-DQB1,ENSG00000225824
HLA-DQB2,P05538,HLA-DQB2,ENSG00000229493
HLA-DRA,P01903,HLA-DRA,ENSG00000277263
CD19,P15391,CD19,ENSG00000177455
CD37,P11049,CD37,ENSG00000104894
HLA-DRB1,P01911,HLA-DRB1,ENSG00000196126
HLA-DRB3,P79483,HLA-DRB3,ENSG00000231679
HLA-DRB4,P13762,HLA-DRB4,ENSG00000231021
HLA-DRB5,Q30154,HLA-DRB5,ENSG00000198502
HLA-E,P13747,HLA-E,ENSG00000225201
KLRC3,Q07444,KLRC3,ENSG00000205810
KLRK1,P26718,KLRK1,ENSG00000213809
HLA-F,P30511,HLA-F,ENSG00000237508
HLA-G,P17693,HLA-G,ENSG00000276051
KIR2DL4,Q99706,KIR2DL4,ENSG00000284509
HP,P00738,HP,ENSG00000257017
ASGR1,P07306,ASGR1,ENSG00000141505
CD163,Q86VB7,CD163,ENSG00000177575
CD22,P20273,CD22,ENSG00000012124
HPX,P02790,HPX,ENSG00000110169
HSPA4,P34932,HSPA4,ENSG00000170606
HSPA8,P11142,HSPA8,ENSG00000109971
HSPG2,P98160,HSPG2,ENSG00000142798
CHRM3,P20309,CHRM3,ENSG00000133019
IAPP,P10997,IAPP,ENSG00000121351
IBSP,P21815,IBSP,ENSG00000029559
ICAM1,P05362,ICAM1,ENSG00000090339
EZR,P15311,EZR,ENSG00000092820
IL2RA,P01589,IL2RA,ENSG00000134460
IL2RG,P31785,IL2RG,ENSG00000147168
ITGAL,P20701,ITGAL,ENSG00000005844
ITGAX,P20702,ITGAX,ENSG00000140678
MUC1,P15941,MUC1,ENSG00000185499
ICAM2,P13598,ICAM2,ENSG00000108622
ICAM3,P32942,ICAM3,ENSG00000076662
CD209,Q9NNX6,CD209,ENSG00000090659
ITGAD,Q13349,ITGAD,ENSG00000156886
ICAM4,Q14773,ICAM4,ENSG00000105371
RHAG,Q02094,RHAG,ENSG00000112077
ICAM5,Q9UMF0,ICAM5,ENSG00000105376
ICOSLG,O75144,ICOSLG,ENSG00000160223
CD28,P10747,CD28,ENSG00000178562
CTLA4,P16410,CTLA4,ENSG00000163599
ICOS,Q9Y6W8,ICOS,ENSG00000163600
IFNA1,P01562,IFNA1,ENSG00000233816
IFNAR1,P17181,IFNAR1,ENSG00000142166
IFNAR2,P48551,IFNAR2,ENSG00000159110
IFNA10,P01566,IFNA10,ENSG00000186803
IFNA14,P01570,IFNA14,ENSG00000228083
IFNA16,P05015,IFNA16,ENSG00000147885
IFNA17,P01571,IFNA17,ENSG00000234829
IFNA2,P01563,IFNA2,ENSG00000188379
IFNA21,P01568,IFNA21,ENSG00000137080
IFNA4,P05014,IFNA4,ENSG00000236637
IFNA5,P01569,IFNA5,ENSG00000147873
IFNA6,P05013,IFNA6,ENSG00000120235
IFNA7,P01567,IFNA7,ENSG00000214042
IFNA8,P32881,IFNA8,ENSG00000120242
IFNB1,P01574,IFNB1,ENSG00000171855
IFNE,Q86WN2,IFNE,ENSG00000184995
IFNG,P01579,IFNG,ENSG00000111537
IFNGR1,P15260,IFNGR1,ENSG00000027697
IFNGR2,P38484,IFNGR2,ENSG00000262795
IFNK,Q9P0W0,IFNK,ENSG00000147896
IFNL1,Q8IU54,IFNL1,ENSG00000182393
IFNLR1,Q8IU57,IFNLR1,ENSG00000185436
IL10RB,Q08334,IL10RB,ENSG00000243646
IFNL2,Q8IZJ0,IFNL2,ENSG00000183709
IFNL3,Q8IZI9,IFNL3,ENSG00000197110
IFNL4,K9M1U5,IFNL4,ENSG0000000004
IFNW1,P05000,IFNW1,ENSG00000177047
IGF1,P05019,IGF1,ENSG00000017427
IGF2,P01344,IGF2,ENSG00000167244
IGFBP4,P22692,IGFBP4,ENSG00000141753
FZD8,Q9H461,FZD8,ENSG00000177283
IGFBP7,Q16270,IGFBP7,ENSG00000163453
IGFBPL1,Q8WX77,IGFBPL1,ENSG00000137142
IGFL1,Q6UW32,IGFL1,ENSG00000188293
IGFLR1,Q9H665,IGFLR1,ENSG00000126246
IGFL2,Q6UWQ7,IGFL2,ENSG00000204866
IGFL3,Q6UXB1,IGFL3,ENSG00000188624
IGSF10,Q6WRI0,IGSF10,ENSG00000152580
MILR1,Q7Z6M3,MILR1,ENSG00000271605
IHH,Q14623,IHH,ENSG00000163501
IL10,P22301,IL10,ENSG00000136634
IL10RA,Q13651,IL10RA,ENSG00000110324
SIRPG,Q9P1W8,SIRPG,ENSG00000089012
IL11,P20809,IL11,ENSG00000095752
IL11RA,Q14626,IL11RA,ENSG00000137070
IL12A,P29459,IL12A,ENSG00000168811
IL12RB1,P42701,IL12RB1,ENSG00000096996
IL12RB2,Q99665,IL12RB2,ENSG00000081985
IL12B,P29460,IL12B,ENSG00000113302
IL23R,Q5VWK5,IL23R,ENSG00000162594
IL13,P35225,IL13,ENSG00000169194
IL13RA1,P78552,IL13RA1,ENSG00000131724
IL13RA2,Q14627,IL13RA2,ENSG00000123496
IL4R,P24394,IL4R,ENSG00000077238
TMEM219,Q86XT9,TMEM219,ENSG00000149932
IL15,P40933,IL15,ENSG00000164136
IL15RA,Q13261,IL15RA,ENSG00000134470
IL2RB,P14784,IL2RB,ENSG00000100385
IL16,Q14005,IL16,ENSG00000172349
GRIN2A,Q12879,GRIN2A,ENSG00000183454
GRIN2B,Q13224,GRIN2B,ENSG00000273079
GRIN2C,Q14957,GRIN2C,ENSG00000161509
GRIN2D,O15399,GRIN2D,ENSG00000105464
KCNJ10,P78508,KCNJ10,ENSG00000177807
IL17A,Q16552,IL17A,ENSG00000112115
IL17RA,Q96F46,IL17RA,ENSG00000177663
IL17B,Q9UHF5,IL17B,ENSG00000127743
IL17RB,Q9NRM6,IL17RB,ENSG00000056736
IL17C,Q9P0M4,IL17C,ENSG00000124391
IL17RE,Q8NFR9,IL17RE,ENSG00000163701
IL17F,Q96PD4,IL17F,ENSG00000112116
IL18,Q14116,IL18,ENSG00000150782
IL18R1,Q13478,IL18R1,ENSG00000115604
IL18RAP,O95256,IL18RAP,ENSG00000115607
IL1RL2,Q9HB29,IL1RL2,ENSG00000115598
IL18BP,O95998,IL18BP,ENSG00000137496
IL19,Q9UHD0,IL19,ENSG00000142224
IL20RA,Q9UHF4,IL20RA,ENSG00000016402
IL20RB,Q6UXL0,IL20RB,ENSG00000174564
IL1A,P01583,IL1A,ENSG00000115008
IL1R1,P14778,IL1R1,ENSG00000115594
IL1R2,P27930,IL1R2,ENSG00000115590
IL1RAP,Q9NPH3,IL1RAP,ENSG00000196083
IL1B,P01584,IL1B,ENSG00000125538
SIGIRR,Q6IA17,SIGIRR,ENSG00000185187
IL1F10,Q8WWZ1,IL1F10,ENSG00000136697
IL1RN,P18510,IL1RN,ENSG00000136689
IL2,P60568,IL2,ENSG00000109471
GYPE,P15421,GYPE,ENSG00000197465
IL20,Q9NYY1,IL20,ENSG00000162891
IL22RA1,Q8N6P7,IL22RA1,ENSG00000142677
IL21,Q9HBE4,IL21,ENSG00000138684
IL21R,Q9HBE5,IL21R,ENSG00000103522
IL22,Q9GZX6,IL22,ENSG00000127318
IL22RA2,Q969J5,IL22RA2,ENSG00000164485
IL23A,Q9NPF7,IL23A,ENSG00000110944
IL24,Q13007,IL24,ENSG00000162892
IL25,Q9H293,IL25,ENSG00000166090
IL26,Q9NPH9,IL26,ENSG00000111536
IL27,Q8NEV9,IL27,ENSG00000197272
IL3,P08700,IL3,ENSG00000164399
IL31,Q6EBC2,IL31,ENSG00000204671
IL31RA,Q8NI17,IL31RA,ENSG00000164509
OSMR,Q99650,OSMR,ENSG00000145623
IL32,P24001,IL32,ENSG00000008517
IL33,O95760,IL33,ENSG00000137033
IL34,Q6ZMJ4,IL34,ENSG00000157368
PTPRZ1,P23471,PTPRZ1,ENSG00000106278
IL36A,Q9UHA7,IL36A,ENSG00000136694
IL36B,Q9NZH7,IL36B,ENSG00000136696
IL36G,Q9NZH8,IL36G,ENSG00000136688
IL36RN,Q9UBH0,IL36RN,ENSG00000136695
IL37,Q9NZH6,IL37,ENSG00000125571
IL4,P05112,IL4,ENSG00000113520
IL5,P05113,IL5,ENSG00000113525
IL5RA,Q01344,IL5RA,ENSG00000091181
IL6,P05231,IL6,ENSG00000136244
F3,P13726,F3,ENSG00000117525
FCGR3B,O75015,FCGR3B,ENSG00000162747
HRH1,P35367,HRH1,ENSG00000196639
IL7,P13232,IL7,ENSG00000104432
IL7R,P16871,IL7R,ENSG00000168685
IL9,P15248,IL9,ENSG00000145839
IL9R,Q01113,IL9R,ENSG00000124334
IMPG2,Q9BZV3,IMPG2,ENSG00000081148
INHA,P05111,INHA,ENSG00000123999
INHBA,P08476,INHBA,ENSG00000122641
BAMBI,Q13145,BAMBI,ENSG00000095739
INHBB,P09529,INHBB,ENSG00000163083
CFC1B,P0CG36,CFC1B,ENSG00000152093
INHBC,P55103,INHBC,ENSG00000175189
INHBE,P58166,INHBE,ENSG00000139269
INS,P01308,INS,ENSG00000254647
INSL3,P51460,INSL3,ENSG00000248099
RXFP1,Q9HBX9,RXFP1,ENSG00000171509
RXFP2,Q8WXD0,RXFP2,ENSG00000133105
RXFP3,Q9NSD7,RXFP3,ENSG00000277069
RXFP4,Q8TDU9,RXFP4,ENSG00000173080
INSL5,Q9Y5Q6,INSL5,ENSG00000172410
ITIH2,P19823,ITIH2,ENSG00000151655
FCER1A,P12319,FCER1A,ENSG00000179639
JAG1,P78504,JAG1,ENSG00000101384
JAG2,Q9Y219,JAG2,ENSG00000184916
JAM3,Q9BX67,JAM3,ENSG00000166086
KISS1,Q15726,KISS1,ENSG00000170498
KISS1R,Q969F8,KISS1R,ENSG00000116014
KITLG,P21583,KITLG,ENSG00000049130
LRRN3,Q9H3W5,LRRN3,ENSG00000173114
KL,Q9UEF7,KL,ENSG00000133116
KMT2E,Q8IZD2,KMT2E,ENSG00000005483
NCR2,O95944,NCR2,ENSG00000096264
KNG1,P01042,KNG1,ENSG00000113889
BDKRB1,P46663,BDKRB1,ENSG00000100739
BDKRB2,P30411,BDKRB2,ENSG00000168398
GPR135,Q8IZ08,GPR135,ENSG00000181619
KRTAP4-12,Q9BQ66,KRTAP4-12,ENSG00000263236
L1CAM,P32004,L1CAM,ENSG00000198910
LACRT,Q9GZZ8,LACRT,ENSG00000135413
LAIR2,Q6ISS4,LAIR2,ENSG00000277335
LAMA1,P25391,LAMA1,ENSG00000101680
SV2B,Q7L1I2,SV2B,ENSG00000185518
SV2C,Q496J9,SV2C,ENSG00000122012
LAMA2,P24043,LAMA2,ENSG00000196569
LAMA3,Q16787,LAMA3,ENSG00000053747
LAMA4,Q16363,LAMA4,ENSG00000112769
LAMA5,O15230,LAMA5,ENSG00000130702
BCAM,P50895,BCAM,ENSG00000187244
LAMB1,P07942,LAMB1,ENSG00000091136
LAMB2,P55268,LAMB2,ENSG00000172037
LAMB3,Q13751,LAMB3,ENSG00000196878
LAMC1,P11047,LAMC1,ENSG00000135862
LAMC2,Q13753,LAMC2,ENSG00000058085
LAMC3,Q9Y6N6,LAMC3,ENSG00000050555
LCN1,P31025,LCN1,ENSG00000160349
LMBR1L,Q6UX01,LMBR1L,ENSG00000139636
LCN2,P80188,LCN2,ENSG00000148346
LEAP2,Q969E1,LEAP2,ENSG00000164406
LEFTY1,O75610,LEFTY1,ENSG00000243709
LEFTY2,O00292,LEFTY2,ENSG00000143768
LEP,P41159,LEP,ENSG00000174697
ISLR2,Q6UXK2,ISLR2,ENSG00000167178
LGALS1,P09382,LGALS1,ENSG00000100097
CD69,Q07108,CD69,ENSG00000110848
PTPRC,P08575,PTPRC,ENSG00000262418
LGALS3,P17931,LGALS3,ENSG00000131981
ANXA2,P07355,ANXA2,ENSG00000182718
MCAM,P43121,MCAM,ENSG00000076706
LGALS3BP,Q08380,LGALS3BP,ENSG00000108679
VANGL1,Q8TAA9,VANGL1,ENSG00000173218
LGALS8,O00214,LGALS8,ENSG00000116977
LGALS9,O00182,LGALS9,ENSG00000168961
COLEC12,Q5KU26,COLEC12,ENSG00000158270
HAVCR2,Q8TDQ0,HAVCR2,ENSG00000135077
LGI1,O95970,LGI1,ENSG00000108231
ADAM23,O75077,ADAM23,ENSG00000114948
RTN4R,Q9BZR6,RTN4R,ENSG00000040608
LGI2,Q8N0V4,LGI2,ENSG00000153012
LGI3,Q8N145,LGI3,ENSG00000168481
FLOT1,O75955,FLOT1,ENSG00000230143
STX1A,Q16623,STX1A,ENSG00000106089
LGI4,Q8N135,LGI4,ENSG00000153902
LHB,P01229,LHB,ENSG00000104826
LIF,P15018,LIF,ENSG00000128342
LIPC,P11150,LIPC,ENSG00000166035
LMAN1,P49257,LMAN1,ENSG00000074695
MCFD2,Q8NI22,MCFD2,ENSG00000180398
LOC101059948,A0A1B0GTJ6,LOC101059948,ENSG00000268655
LPA,P08519,LPA,ENSG00000198670
LPAR1,Q92633,LPAR1,ENSG00000198121
LPAR2,Q9HBW0,LPAR2,ENSG00000064547
LPAR3,Q9UBY5,LPAR3,ENSG00000171517
LPAR4,Q99677,LPAR4,ENSG00000147145
LPL,P06858,LPL,ENSG00000175445
LRIG1,Q96JA1,LRIG1,ENSG00000144749
LRIG2,O94898,LRIG2,ENSG00000198799
LTA,P01374,LTA,ENSG00000231408
LTBR,P36941,LTBR,ENSG00000111321
RIPK1,Q13546,RIPK1,ENSG00000137275
LTB,Q06643,LTB,ENSG00000231314
LTBP3,Q9NS15,LTBP3,ENSG00000168056
LUM,P51884,LUM,ENSG00000139329
LY6G5C,Q5SRR4,LY6G5C,ENSG00000237495
PGAP6,Q9HCN3,PGAP6,ENSG00000129925
LY86,O95711,LY86,ENSG00000112799
CD180,Q99467,CD180,ENSG00000134061
LYZ,P61626,LYZ,ENSG00000090382
MANSC1,Q9H8J5,MANSC1,ENSG00000281818
MATN1,P21941,MATN1,ENSG00000162510
MDK,P21741,MDK,ENSG00000110492
GPC2,Q8N158,GPC2,ENSG00000213420
NCL,P19338,NCL,ENSG00000115053
PTPRB,P23467,PTPRB,ENSG00000127329
TSPAN1,O60635,TSPAN1,ENSG00000117472
MFAP2,P55001,MFAP2,ENSG00000117122
MFAP5,Q13361,MFAP5,ENSG00000197614
MFGE8,Q08431,MFGE8,ENSG00000140545
MIA,Q16674,MIA,ENSG00000261857
CDH19,Q9H159,CDH19,ENSG00000071991
CDH7,Q9ULB5,CDH7,ENSG00000081138
MICA,Q29983,MICA,ENSG00000235233
HCST,Q9UBK5,HCST,ENSG00000126264
MICB,Q29980,MICB,ENSG00000227772
MIF,P14174,MIF,ENSG00000276701
TNFRSF10D,Q9UBN6,TNFRSF10D,ENSG00000173530
MLN,P12872,MLN,ENSG00000096395
MMRN2,Q9H8L6,MMRN2,ENSG00000173269
CD248,Q9HCU0,CD248,ENSG00000174807
CLEC14A,Q86T13,CLEC14A,ENSG00000176435
MSMB,P08118,MSMB,ENSG00000263639
MSMP,Q1L6U9,MSMP,ENSG00000215183
MST1,P26927,MST1,ENSG0000000005
MST1R,Q04912,MST1R,ENSG00000164078
MSTN,O14793,MSTN,ENSG00000138379
MT-RNR2,Q8IVG9,MT-RNR2,ENSG0000000006
MUC7,Q8TAX7,MUC7,ENSG00000171195
MXRA5,Q9NR99,MXRA5,ENSG00000101825
ILDR1,Q86SU0,ILDR1,ENSG00000145103
MFAP3L,O75121,MFAP3L,ENSG00000198948
SCN2B,O60939,SCN2B,ENSG00000149575
MYL9,P24844,MYL9,ENSG00000101335
MYOC,Q99972,MYOC,ENSG00000034971
FZD1,Q9UP38,FZD1,ENSG00000157240
FZD10,Q9ULW2,FZD10,ENSG00000111432
FZD4,Q9ULV1,FZD4,ENSG00000174804
FZD7,O75084,FZD7,ENSG00000155760
NAMPT,P43490,NAMPT,ENSG00000105835
NAT10,Q9H0A0,NAT10,ENSG00000135372
NCAN,O14594,NCAN,ENSG00000130287
CDH2,P19022,CDH2,ENSG00000170558
NCR3LG1,Q68D85,NCR3LG1,ENSG00000188211
NDP,Q00604,NDP,ENSG00000124479
LGR4,Q9BXB1,LGR4,ENSG00000205213
NECTIN3,Q9NQS3,NECTIN3,ENSG00000177707
PVR,P15151,PVR,ENSG00000073008
TIGIT,Q495A1,TIGIT,ENSG00000181847
NELL2,Q99435,NELL2,ENSG00000184613
ROBO3,Q96MS0,ROBO3,ENSG00000154134
NGF,P01138,NGF,ENSG00000134259
MAGED1,Q9Y5V3,MAGED1,ENSG00000179222
SORCS2,Q96PQ0,SORCS2,ENSG00000184985
TRPV1,Q8NER1,TRPV1,ENSG00000196689
NID1,P14543,NID1,ENSG00000116962
PTPRF,P10586,PTPRF,ENSG00000142949
NLGN1,Q8N2Q7,NLGN1,ENSG00000169760
NRXN1,P58400,NRXN1,ENSG00000179915
NLGN2,Q8NFZ4,NLGN2,ENSG00000283859
NLGN3,Q9NZ94,NLGN3,ENSG00000196338
NMB,P08949,NMB,ENSG00000197696
NMS,Q5H8A3,NMS,ENSG00000204640
NMUR1,Q9HB89,NMUR1,ENSG00000171596
NMUR2,Q9GZQ4,NMUR2,ENSG00000132911
NMU,P48645,NMU,ENSG00000109255
NODAL,Q96S42,NODAL,ENSG00000156574
NPB,Q8NG41,NPB,ENSG00000183979
NPBWR1,P48145,NPBWR1,ENSG00000288611
NPBWR2,P48146,NPBWR2,ENSG00000277339
NPFF,O15130,NPFF,ENSG00000139574
NPFFR1,Q9GZQ6,NPFFR1,ENSG00000148734
NPNT,Q6UXI9,NPNT,ENSG00000168743
NPPA,P01160,NPPA,ENSG00000175206
NPR1,P16066,NPR1,ENSG00000169418
NPR2,P20594,NPR2,ENSG00000159899
NPR3,P17342,NPR3,ENSG00000113389
NPPB,P16860,NPPB,ENSG00000120937
NPPC,P23582,NPPC,ENSG00000163273
NPS,P0C0P6,NPS,ENSG00000214285
NPSR1,Q6W5P4,NPSR1,ENSG00000187258
NPTX1,Q15818,NPTX1,ENSG00000171246
NPTXR,O95502,NPTXR,ENSG00000221890
NPTX2,P47972,NPTX2,ENSG00000106236
NPVF,Q9HCQ7,NPVF,ENSG00000105954
NPW,Q8N729,NPW,ENSG00000183971
NPY,P01303,NPY,ENSG00000122585
ADRB1,P08588,ADRB1,ENSG00000043591
GPR83,Q9NYM4,GPR83,ENSG00000123901
NPY1R,P25929,NPY1R,ENSG00000164128
NPY2R,P49146,NPY2R,ENSG00000185149
NPY4R,P50391,NPY4R,ENSG00000204174
NPY5R,Q15761,NPY5R,ENSG00000164129
NPY6R,Q99463,NPY6R,ENSG00000000017
PRLHR,P49683,PRLHR,ENSG00000119973
NRG1,Q02297,NRG1,ENSG00000157168
ADGRL1,O94910,ADGRL1,ENSG00000288324
FCAMR,Q8WWV6,FCAMR,ENSG00000162897
MS4A4A,Q96JQ5,MS4A4A,ENSG00000110079
NETO2,Q8NC67,NETO2,ENSG00000171208
NRG2,O14511,NRG2,ENSG00000158458
LRRTM2,O43300,LRRTM2,ENSG00000146006
NRP2,O60462,NRP2,ENSG00000118257
NRG3,P56975,NRG3,ENSG00000185737
NRG4,Q8WWG1,NRG4,ENSG00000169752
NRTN,Q99748,NRTN,ENSG00000171119
NTF3,P20783,NTF3,ENSG00000185652
NTRK3,Q16288,NTRK3,ENSG00000140538
NTF4,P34130,NTF4,ENSG00000225950
NTN1,O95631,NTN1,ENSG00000065320
DSCAM,O60469,DSCAM,ENSG00000171587
NEO1,Q92859,NEO1,ENSG00000067141
UNC5C,O95185,UNC5C,ENSG00000182168
NTN3,O00634,NTN3,ENSG00000162068
NTN4,Q9HB63,NTN4,ENSG00000074527
NTNG2,Q96CW9,NTNG2,ENSG00000196358
LRRC4,Q9HBW1,LRRC4,ENSG00000128594
LRRC4C,Q9HCJ2,LRRC4C,ENSG00000148948
NTS,P30990,NTS,ENSG00000133636
NTSR1,P30989,NTSR1,ENSG00000101188
NTSR2,O95665,NTSR2,ENSG00000169006
NXPH1,P58417,NXPH1,ENSG00000122584
NXPH2,O95156,NXPH2,ENSG00000144227
NXPH3,O95157,NXPH3,ENSG00000182575
OBP2A,Q9NY56,OBP2A,ENSG00000122136
OR1G1,P47890,OR1G1,ENSG00000183024
OCLN,Q16625,OCLN,ENSG00000197822
OLFM2,O95897,OLFM2,ENSG00000105088
ROBO2,Q9HCK4,ROBO2,ENSG00000185008
ORM1,P02763,ORM1,ENSG00000229314
OSM,P13725,OSM,ENSG00000099985
OSTN,P61366,OSTN,ENSG00000188729
OXT,P01178,OXT,ENSG00000101405
PAM,P19021,PAM,ENSG00000145730
PAPLN,O95428,PAPLN,ENSG00000100767
PCNA,P12004,PCNA,ENSG00000132646
PCSK1N,Q9UHG2,PCSK1N,ENSG00000102109
GPR171,O14626,GPR171,ENSG00000174946
PCSK9,Q8NBP7,PCSK9,ENSG00000169174
PDCD1LG2,Q9BQ51,PDCD1LG2,ENSG00000197646
PDGFA,P04085,PDGFA,ENSG00000197461
PDGFRA,P16234,PDGFRA,ENSG00000134853
PDGFB,P01127,PDGFB,ENSG00000100311
S1PR1,P21453,S1PR1,ENSG00000170989
PDGFC,Q9NRA1,PDGFC,ENSG00000145431
FLT1,P17948,FLT1,ENSG00000102755
PDGFD,Q9GZP0,PDGFD,ENSG00000170962
PDLIM3,Q53GG5,PDLIM3,ENSG00000154553
PDYN,P01213,PDYN,ENSG00000101327
OPRK1,P41145,OPRK1,ENSG00000082556
OPRL1,P41146,OPRL1,ENSG00000125510
OPRM1,P35372,OPRM1,ENSG00000112038
PENK,P01210,PENK,ENSG00000181195
MRGPRX1,Q96LB2,MRGPRX1,ENSG00000170255
MRGPRX4,Q96LA9,MRGPRX4,ENSG00000179817
OGFR,Q9NZT2,OGFR,ENSG00000060491
PF4,P02776,PF4,ENSG00000163737
PROCR,Q9UNN8,PROCR,ENSG00000101000
PF4V1,P10720,PF4V1,ENSG00000109272
PGF,P49763,PGF,ENSG00000119630
PGLYRP1,O75594,PGLYRP1,ENSG00000008438
PI16,Q6UXB8,PI16,ENSG00000164530
TNFRSF21,O75509,TNFRSF21,ENSG00000146072
PI3,P19957,PI3,ENSG00000124102
PIGA,P37287,PIGA,ENSG00000165195
PIGR,P01833,PIGR,ENSG00000162896
PIP,P12273,PIP,ENSG00000159763
AQP5,P55064,AQP5,ENSG00000161798
NPTN,Q9Y639,NPTN,ENSG00000156642
PLA2G2A,P14555,PLA2G2A,ENSG00000188257
PLG,P00747,PLG,ENSG00000122194
PLGRKT,Q9HBL7,PLGRKT,ENSG00000107020
PMCH,P20382,PMCH,ENSG00000183395
MCHR1,Q99705,MCHR1,ENSG00000128285
MCHR2,Q969V1,MCHR2,ENSG00000152034
PNOC,Q13519,PNOC,ENSG00000168081
PODXL2,Q9NZ53,PODXL2,ENSG00000114631
POMC,P01189,POMC,ENSG00000115138
POSTN,Q15063,POSTN,ENSG00000133110
PTK7,Q13308,PTK7,ENSG00000112655
PPBP,P02775,PPBP,ENSG00000163736
PPY,P01298,PPY,ENSG00000108849
PRG4,Q92954,PRG4,ENSG00000116690
PRL,P01236,PRL,ENSG00000172179
PRLH,P81277,PRLH,ENSG00000071677
PRND,Q9UKY0,PRND,ENSG00000171864
PROK1,P58294,PROK1,ENSG00000143125
PROKR1,Q8TCW9,PROKR1,ENSG00000169618
PROK2,Q9HC23,PROK2,ENSG00000163421
PROS1,P07225,PROS1,ENSG00000184500
PRSS1,P07477,PRSS1,ENSG00000274247
PRSS2,P07478,PRSS2,ENSG00000282049
PRSS3,P35030,PRSS3,ENSG00000010438
PSAP,P07602,PSAP,ENSG00000197746
AR,P10275,AR,ENSG00000169083
CELSR1,Q9NYQ6,CELSR1,ENSG00000075275
GPR37,O15354,GPR37,ENSG00000170775
GPR37L1,O60883,GPR37L1,ENSG00000170075
PSG4,Q00888,PSG4,ENSG00000243137
PSG5,Q15238,PSG5,ENSG00000204941
TNFRSF12A,Q9NP84,TNFRSF12A,ENSG00000006327
PSG6,Q00889,PSG6,ENSG00000170848
PSG7,Q13046,PSG7,ENSG00000221878
CLEC4A,Q9UMR7,CLEC4A,ENSG00000111729
PSG9,Q00887,PSG9,ENSG00000183668
PSPN,O60542,PSPN,ENSG00000125650
GFRA4,Q9GZZ7,GFRA4,ENSG00000125861
PTH,P01270,PTH,ENSG00000152266
PTH2R,P49190,PTH2R,ENSG00000144407
PTH2,Q96A98,PTH2,ENSG00000142538
PTHLH,P12272,PTHLH,ENSG00000087494
PTN,P21246,PTN,ENSG00000105894
CDH10,Q9Y6N8,CDH10,ENSG00000040731
PTPN11,Q06124,PTPN11,ENSG00000179295
FCRL4,Q96PJ5,FCRL4,ENSG00000163518
PTPN6,P29350,PTPN6,ENSG00000111679
CD300LF,Q8TDQ1,CD300LF,ENSG00000186074
CLEC12A,Q5QGZ9,CLEC12A,ENSG00000172322
PYY,P10082,PYY,ENSG00000131096
QRFP,P83859,QRFP,ENSG00000188710
P2RY14,Q15391,P2RY14,ENSG00000174944
QRFPR,Q96P65,QRFPR,ENSG00000186867
RAET1E,Q8TD07,RAET1E,ENSG00000164520
RAET1G,Q6H3X3,RAET1G,ENSG00000203722
RAET1L,Q5VY80,RAET1L,ENSG00000155918
RARRES1,P49788,RARRES1,ENSG00000118849
RARRES2,Q99969,RARRES2,ENSG00000106538
CMKLR1,Q99788,CMKLR1,ENSG00000174600
CMKLR2,P46091,CMKLR2,ENSG00000283448
RBP3,P10745,RBP3,ENSG00000265203
RELN,P78509,RELN,ENSG00000189056
RETN,Q9HD89,RETN,ENSG00000104918
CAP1,Q01518,CAP1,ENSG00000131236
GPR25,O00155,GPR25,ENSG00000170128
RGMA,Q96B86,RGMA,ENSG00000182175
TFR2,Q9UP52,TFR2,ENSG00000106327
RLF,Q13129,RLF,ENSG00000117000
RLN1,P04808,RLN1,ENSG00000107018
RLN2,P04090,RLN2,ENSG00000107014
RLN3,Q8WXF3,RLN3,ENSG00000288474
RPH3A,Q9Y2J0,RPH3A,ENSG00000089169
RSPO1,Q2MKA7,RSPO1,ENSG00000169218
LGR5,O75473,LGR5,ENSG00000139292
LGR6,Q9HBX8,LGR6,ENSG00000133067
RNF43,Q68DV7,RNF43,ENSG00000108375
RSPO2,Q6UXX9,RSPO2,ENSG00000147655
RSPO3,Q9BXY4,RSPO3,ENSG00000146374
RSPO4,Q2I0M5,RSPO4,ENSG00000101282
S100A1,P23297,S100A1,ENSG00000160678
TRPM3,Q9HCF6,TRPM3,ENSG00000083067
S100A10,P60903,S100A10,ENSG00000197747
HTR1B,P28222,HTR1B,ENSG00000135312
TRPV6,Q9H1D0,TRPV6,ENSG00000165125
S100A12,P80511,S100A12,ENSG00000163221
S100A4,P26447,S100A4,ENSG00000196154
S100A8,P05109,S100A8,ENSG00000143546
CD68,P34810,CD68,ENSG00000129226
S100A9,P06702,S100A9,ENSG00000163220
S100B,P04271,S100B,ENSG00000160307
SAA1,P0DJI8,SAA1,ENSG00000173432
SCGB1A1,P11684,SCGB1A1,ENSG00000149021
SCGB3A1,Q96QR1,SCGB3A1,ENSG00000161055
MARCO,Q9UEW3,MARCO,ENSG00000019169
SCGB3A2,Q96PL1,SCGB3A2,ENSG00000164265
SCT,P09683,SCT,ENSG00000274473
SCUBE2,Q9NQ36,SCUBE2,ENSG00000175356
SECTM1,Q8WVN6,SECTM1,ENSG00000141574
CD7,P09564,CD7,ENSG00000173762
SEMA3A,Q14563,SEMA3A,ENSG00000075213
PLXNA2,O75051,PLXNA2,ENSG00000076356
PLXNA3,P51805,PLXNA3,ENSG00000130827
PLXNA4,Q9HCM2,PLXNA4,ENSG00000221866
SEMA3B,Q13214,SEMA3B,ENSG00000012171
SEMA3C,Q99985,SEMA3C,ENSG00000075223
PLXND1,Q9Y4D7,PLXND1,ENSG00000004399
SEMA3D,O95025,SEMA3D,ENSG00000153993
SEMA3E,O15041,SEMA3E,ENSG00000170381
SEMA3F,Q13275,SEMA3F,ENSG00000001617
SEMA3G,Q9NS98,SEMA3G,ENSG00000010319
SEMA4B,Q9NPR2,SEMA4B,ENSG00000185033
DCBLD2,Q96PD2,DCBLD2,ENSG00000057019
SEMA5A,Q13591,SEMA5A,ENSG00000112902
PLXNB3,Q9ULL4,PLXNB3,ENSG00000198753
SEMA5B,Q9P283,SEMA5B,ENSG00000082684
SEMA6B,Q9H3T3,SEMA6B,ENSG00000167680
SEMA6C,Q9H3T2,SEMA6C,ENSG00000143434
SEMA6D,Q8NFY4,SEMA6D,ENSG00000137872
PLXNC1,O60486,PLXNC1,ENSG00000136040
SEMA7A,O75326,SEMA7A,ENSG00000288455
SERPINA1,P01009,SERPINA1,ENSG00000197249
SERPINE1,P05121,SERPINE1,ENSG00000106366
SERPINF1,P36955,SERPINF1,ENSG00000132386
PLXDC2,Q6UX71,PLXDC2,ENSG00000120594
SERPING1,P05155,SERPING1,ENSG00000149131
SFRP2,Q96HF1,SFRP2,ENSG00000145423
SFTPA1,Q8IWL2,SFTPA1,ENSG00000122852
SFTPD,P35247,SFTPD,ENSG00000133661
SHANK2,Q9UPX8,SHANK2,ENSG00000162105
ADGRL2,O95490,ADGRL2,ENSG00000117114
SHBG,P04278,SHBG,ENSG00000129214
CD177,Q8N6Q3,CD177,ENSG00000204936
GPRC6A,Q5T6X5,GPRC6A,ENSG00000173612
SHH,Q15465,SHH,ENSG00000164690
GAS1,P54826,GAS1,ENSG00000180447
GPC5,P78333,GPC5,ENSG00000179399
SI,P14410,SI,ENSG00000090402
SIRPB2,Q5JXA9,SIRPB2,ENSG00000196209
SLC6A8,P48029,SLC6A8,ENSG00000130821
SLIT1,O75093,SLIT1,ENSG00000187122
ROBO1,Q9Y6N7,ROBO1,ENSG00000169855
SLIT2,O94813,SLIT2,ENSG00000145147
SLIT3,O75094,SLIT3,ENSG00000184347
SLITRK1,Q96PX8,SLITRK1,ENSG00000178235
SLPI,P03973,SLPI,ENSG00000124107
SLURP1,P55000,SLURP1,ENSG00000126233
CHRNA1,P02708,CHRNA1,ENSG00000138435
CHRNA10,Q9GZZ6,CHRNA10,ENSG00000129749
CHRNA2,Q15822,CHRNA2,ENSG00000120903
CHRNA3,P32297,CHRNA3,ENSG00000080644
CHRNA5,P30532,CHRNA5,ENSG00000169684
CHRNA6,Q15825,CHRNA6,ENSG00000147434
CHRNA7,P36544,CHRNA7,ENSG00000274542
CHRNA9,Q9UGM1,CHRNA9,ENSG00000174343
CHRNB1,P11230,CHRNB1,ENSG00000283946
CHRNB2,P17787,CHRNB2,ENSG00000160716
CHRNB3,Q05901,CHRNB3,ENSG00000147432
CHRNB4,P30926,CHRNB4,ENSG00000117971
CHRND,Q07001,CHRND,ENSG00000135902
CHRNE,Q04844,CHRNE,ENSG00000108556
CHRNG,P07510,CHRNG,ENSG00000196811
SLURP2,P0DP57,SLURP2,ENSG00000283992
SNCA,P37840,SNCA,ENSG00000145335
SNX14,Q9Y5W7,SNX14,ENSG00000135317
HTR6,P50406,HTR6,ENSG00000158748
SOCS2,O14508,SOCS2,ENSG00000120833
SORL1,Q92673,SORL1,ENSG00000137642
SOST,Q9BQB4,SOST,ENSG00000167941
SOSTDC1,Q6X4U4,SOSTDC1,ENSG00000171243
SPAG11B,Q08648,SPAG11B,ENSG00000288309
SPARC,P09486,SPARC,ENSG00000113140
SPINK1,P00995,SPINK1,ENSG00000164266
NRSN1,Q8IZ57,NRSN1,ENSG00000152954
SPON1,Q9HCB6,SPON1,ENSG00000262655
SPON2,Q9BUD6,SPON2,ENSG00000159674
SPP1,P10451,SPP1,ENSG00000118785
PTGER4,P35408,PTGER4,ENSG00000171522
SPX,Q9BT56,SPX,ENSG00000134548
SST,P61278,SST,ENSG00000157005
TAC1,P20366,TAC1,ENSG00000006128
TACR1,P25103,TACR1,ENSG00000115353
TACR2,P21452,TACR2,ENSG00000075073
TACR3,P29371,TACR3,ENSG00000169836
TAC3,Q9UHF0,TAC3,ENSG00000166863
TAC4,Q86UU9,TAC4,ENSG00000176358
TAFA4,Q96LR4,TAFA4,ENSG00000163377
TCN1,P20061,TCN1,ENSG00000134827
CD320,Q9NPF0,CD320,ENSG00000167775
TCN2,P20062,TCN2,ENSG00000185339
CNR1,P21554,CNR1,ENSG00000118432
TCTN1,Q2MV58,TCTN1,ENSG00000204852
TMEM67,Q5HYA8,TMEM67,ENSG00000164953
TF,P02787,TF,ENSG00000091513
GPR162,Q16538,GPR162,ENSG00000250510
TFF1,P04155,TFF1,ENSG00000160182
MUC5AC,P98088,MUC5AC,ENSG00000283158
TFF2,Q03403,TFF2,ENSG00000160181
MUC6,Q6W4X9,MUC6,ENSG00000283350
TFF3,Q07654,TFF3,ENSG00000160180
TFPI,P10646,TFPI,ENSG00000003436
TG,P01266,TG,ENSG00000042832
TPO,P07202,TPO,ENSG00000115705
TGFA,P01135,TGFA,ENSG00000163235
TGFB1,P01137,TGFB1,ENSG0000000001
CD109,Q6YHK3,CD109,ENSG00000156535
LPP,Q93052,LPP,ENSG00000145012
VASN,Q6EMK4,VASN,ENSG00000274334
TGFB2,P61812,TGFB2,ENSG00000092969
TGFB3,P10600,TGFB3,ENSG00000119699
TGS1,Q96RS0,TGS1,ENSG00000137574
RXRA,P19793,RXRA,ENSG00000186350
THBS1,P07996,THBS1,ENSG00000137801
GP5,P40197,GP5,ENSG00000178732
PTPRJ,Q12913,PTPRJ,ENSG00000149177
THBS2,P35442,THBS2,ENSG00000186340
THBS3,P49746,THBS3,ENSG00000169231
THBS4,P35443,THBS4,ENSG00000113296
THPO,P40225,THPO,ENSG00000090534
SIRPB1,O00241,SIRPB1,ENSG00000101307
TIMP1,P01033,TIMP1,ENSG00000102265
TIMP2,P16035,TIMP2,ENSG00000035862
TIMP3,P35625,TIMP3,ENSG00000100234
TLN1,Q9Y490,TLN1,ENSG00000137076
TNC,P24821,TNC,ENSG00000041982
TNF,P01375,TNF,ENSG00000232810
CELSR2,Q9HCU4,CELSR2,ENSG00000143126
SEMA4C,Q9C0C4,SEMA4C,ENSG00000168758
TRPM2,O94759,TRPM2,ENSG00000142185
TNFSF10,P50591,TNFSF10,ENSG00000121858
TNFRSF10C,O14798,TNFRSF10C,ENSG00000173535
TNFSF11,O14788,TNFSF11,ENSG00000120659
TNFRSF11A,Q9Y6Q6,TNFRSF11A,ENSG00000141655
TNFSF12,O43508,TNFSF12,ENSG00000239697
TNFRSF25,Q93038,TNFRSF25,ENSG00000215788
TNFRSF8,P28908,TNFRSF8,ENSG00000120949
TNFSF13,O75888,TNFSF13,ENSG00000161955
TNFSF13B,Q9Y275,TNFSF13B,ENSG00000102524
TNFRSF13C,Q96RJ3,TNFRSF13C,ENSG00000159958
TNFSF14,O43557,TNFSF14,ENSG00000125735
TNFSF15,O95150,TNFSF15,ENSG00000181634
TNFSF18,Q9UNG2,TNFSF18,ENSG00000120337
TNFRSF18,Q9Y5U5,TNFRSF18,ENSG00000186891
TNFSF4,P23510,TNFSF4,ENSG00000117586
TNFRSF4,P43489,TNFRSF4,ENSG00000186827
TNFSF8,P32971,TNFSF8,ENSG00000106952
TNFSF9,P41273,TNFSF9,ENSG00000125657
KLRG2,A4D1S0,KLRG2,ENSG00000188883
TNFRSF9,Q07011,TNFRSF9,ENSG00000049249
TNR,Q92752,TNR,ENSG00000116147
TNXB,P22105,TNXB,ENSG00000229353
TOR2A,Q8N2E6,TOR2A,ENSG00000160404
ATP5F1B,P06576,ATP5F1B,ENSG00000110955
TP53,P04637,TP53,ENSG00000141510
TPSAB1,Q15661,TPSAB1,ENSG00000172236
TPSB2,P20231,TPSB2,ENSG00000197253
TRH,P20396,TRH,ENSG00000170893
TRHR,P34981,TRHR,ENSG00000174417
TSHB,P01222,TSHB,ENSG00000134200
TSLP,Q969D9,TSLP,ENSG00000145777
CRLF2,Q9HC73,CRLF2,ENSG00000205755
TTR,P02766,TTR,ENSG00000118271
TXLNA,P40222,TXLNA,ENSG00000084652
STX3,Q13277,STX3,ENSG00000166900
STX4,Q12846,STX4,ENSG00000103496
TYK2,P29597,TYK2,ENSG00000105397
JAK1,P23458,JAK1,ENSG00000162434
UCN,P55089,UCN,ENSG00000163794
UCN2,Q96RP3,UCN2,ENSG00000145040
UCN3,Q969E3,UCN3,ENSG00000178473
ULBP1,Q9BZM6,ULBP1,ENSG00000111981
ULBP2,Q9BZM5,ULBP2,ENSG00000131015
ULBP3,Q9BZM4,ULBP3,ENSG00000131019
UTS2,O95399,UTS2,ENSG00000049247
UTS2R,Q9UKP6,UTS2R,ENSG00000181408
UTS2B,Q765I0,UTS2B,ENSG00000188958
VCAM1,P19320,VCAM1,ENSG00000162692
VCAN,P13611,VCAN,ENSG00000038427
TLR3,O15455,TLR3,ENSG00000164342
VCL,P18206,VCL,ENSG00000035403
VEGFA,P15692,VEGFA,ENSG00000112715
VEGFB,P49765,VEGFB,ENSG00000173511
VEGFC,P49767,VEGFC,ENSG00000150630
LYVE1,Q9Y5Y7,LYVE1,ENSG00000133800
VEGFD,O43915,VEGFD,ENSG00000165197
VGF,O15240,VGF,ENSG00000128564
VIP,P01282,VIP,ENSG00000146469
VSTM1,Q6UX27,VSTM1,ENSG00000276363
ADGRG3,Q86Y34,ADGRG3,ENSG00000182885
VTN,P04004,VTN,ENSG00000109072
VWF,P04275,VWF,ENSG00000110799
SCARA5,Q6ZMJ2,SCARA5,ENSG00000168079
STAB2,Q8WWQ8,STAB2,ENSG00000136011
WFIKKN2,Q8TEU8,WFIKKN2,ENSG00000173714
IGDCC3,Q8IVU1,IGDCC3,ENSG00000174498
WIF1,Q9Y5W5,WIF1,ENSG00000156076
RYK,P34925,RYK,ENSG00000163785
WNT1,P04628,WNT1,ENSG00000125084
FZD2,Q14332,FZD2,ENSG00000180340
FZD9,O00144,FZD9,ENSG00000188763
WNT10A,Q9GZT5,WNT10A,ENSG00000135925
WNT10B,O00744,WNT10B,ENSG00000169884
WNT11,O96014,WNT11,ENSG00000085741
WNT16,Q9UBV4,WNT16,ENSG00000002745
WNT2,P09544,WNT2,ENSG00000105989
WNT2B,Q93097,WNT2B,ENSG00000134245
WNT3,P56703,WNT3,ENSG00000277641
WNT3A,P56704,WNT3A,ENSG00000154342
APCDD1,Q8J025,APCDD1,ENSG00000154856
ATP6AP2,O75787,ATP6AP2,ENSG00000182220
ROR1,Q01973,ROR1,ENSG00000185483
WNT4,P56705,WNT4,ENSG00000162552
WNT5A,P41221,WNT5A,ENSG00000114251
VANGL2,Q9ULK5,VANGL2,ENSG00000162738
WNT5B,Q9H1J7,WNT5B,ENSG00000111186
WNT6,Q9Y6F9,WNT6,ENSG00000115596
WNT7A,O00755,WNT7A,ENSG00000154764
RECK,O95980,RECK,ENSG00000122707
WNT7B,P56706,WNT7B,ENSG00000188064
TMED5,Q9Y3A6,TMED5,ENSG00000117500
WNT8A,Q9H1J5,WNT8A,ENSG00000061492
WNT8B,Q93098,WNT8B,ENSG00000075290
WNT9A,O14904,WNT9A,ENSG00000143816
WNT9B,O14905,WNT9B,ENSG00000276799
XCL1,P47992,XCL1,ENSG00000143184
XCL2,Q9UBD3,XCL2,ENSG00000143185
YBX1,P67809,YBX1,ENSG00000065978
ZG16B,Q96DA0,ZG16B,ENSG00000283056
TLR5,O60602,TLR5,ENSG00000187554
ZP3,P21754,ZP3,ENSG00000188372
ZPBP2,Q6X784,ZPBP2,ENSG00000186075
ABCA1,O95477,ABCA1,ENSG00000165029
SHANK1,Q9Y566,SHANK1,ENSG00000161681
GNAI2,P04899,GNAI2,ENSG00000114353
ADRA2B,P18089,ADRA2B,ENSG00000274286
BACE1,P56817,BACE1,ENSG00000186318
CAV1,Q03135,CAV1,ENSG00000105974
NCSTN,Q92542,NCSTN,ENSG00000162736
CACNA1C,Q13936,CACNA1C,ENSG00000285479
RIMS1,Q86UR5,RIMS1,ENSG00000079841
CADM1,Q9BY67,CADM1,ENSG00000182985
CADM3,Q8N126,CADM3,ENSG00000162706
CD226,Q15762,CD226,ENSG00000150637
CD72,P21854,CD72,ENSG00000137101
SEMA4D,Q92854,SEMA4D,ENSG00000187764
CD9,P21926,CD9,ENSG00000010278
CD96,P40200,CD96,ENSG00000153283
SELE,P16581,SELE,ENSG00000007908
NFASC,O94856,NFASC,ENSG00000163531
CNTNAP1,P78357,CNTNAP1,ENSG00000108797
RTN4,Q9NQC3,RTN4,ENSG00000115310
CXADR,P78310,CXADR,ENSG00000154639
JAML,Q86YT9,JAML,ENSG00000160593
DCHS1,Q96JQ0,DCHS1,ENSG00000166341
FAT4,Q6V0I7,FAT4,ENSG00000196159
DSG2,Q14126,DSG2,ENSG00000046604
DSG1,Q02413,DSG1,ENSG00000134760
JAM2,P57087,JAM2,ENSG00000154721
NCAM1,P13591,NCAM1,ENSG00000149294
LCK,P06239,LCK,ENSG00000182866
LRP1B,Q9NZR2,LRP1B,ENSG00000168702
LRPAP1,P30533,LRPAP1,ENSG00000163956
MRC1,P22897,MRC1,ENSG00000260314
SIGLEC9,Q9Y336,SIGLEC9,ENSG00000129450
SEMA4F,O95754,SEMA4F,ENSG00000135622
ADAM12,O43184,ADAM12,ENSG00000148848
SDC4,P31431,SDC4,ENSG00000124145
ADAM15,Q13444,ADAM15,ENSG00000143537
ADAM17,P78536,ADAM17,ENSG00000151694
ADAM2,Q99965,ADAM2,ENSG00000276286
ADAM9,Q13443,ADAM9,ENSG00000168615
CD55,P08174,CD55,ENSG00000196352
ADGRE5,P48960,ADGRE5,ENSG00000123146
CDH1,P12830,CDH1,ENSG00000039068
ADCY1,Q08828,ADCY1,ENSG00000164742
HAS2,Q92819,HAS2,ENSG00000170961
HMMR,O75330,HMMR,ENSG00000072571
LRRC4B,Q9NT99,LRRC4B,ENSG00000131409
NTNG1,Q9Y2I2,NTNG1,ENSG00000162631
OMG,P23515,OMG,ENSG00000126861
CD38,P28907,CD38,ENSG00000004468
PLAU,P00749,PLAU,ENSG00000122861
PROC,P04070,PROC,ENSG00000115718
PSEN1,P49768,PSEN1,ENSG00000080815
PTDSS1,P48651,PTDSS1,ENSG00000156471
JMJD6,Q6NYC1,JMJD6,ENSG00000070495
SELPLG,Q14242,SELPLG,ENSG00000110876
PLXNB1,O43157,PLXNB1,ENSG00000164050
TIMD4,Q96H15,TIMD4,ENSG00000145850
HAVCR1,Q96D42,HAVCR1,ENSG00000113249
IGSF11,Q5DX21,IGSF11,ENSG00000144847
ADAM10,O14672,ADAM10,ENSG00000137845
ADAM28,Q9UKQ2,ADAM28,ENSG00000042980
ATP1A3,P13637,ATP1A3,ENSG00000105409
GREM2,Q9H772,GREM2,ENSG00000180875
SEMA6A,Q9H2E6,SEMA6A,ENSG00000092421
SEMA4G,Q9NTN9,SEMA4G,ENSG00000095539
SEMA4A,Q9H3S1,SEMA4A,ENSG00000196189
VTCN1,Q7Z7D3,VTCN1,ENSG00000134258
BTLA,Q7Z6A9,BTLA,ENSG00000186265
ARF1,P84077,ARF1,ENSG00000143761
PTPRM,P28827,PTPRM,ENSG00000173482
F11R,Q9Y624,F11R,ENSG00000158769
KLRF1,Q9NZS2,KLRF1,ENSG00000150045
CUBN,O60494,CUBN,ENSG00000107611
CHRM1,P11229,CHRM1,ENSG00000168539
DRD2,P14416,DRD2,ENSG00000149295
GPC3,P51654,GPC3,ENSG00000147257
HRAS,P01112,HRAS,ENSG00000276536
TLR9,Q9NR96,TLR9,ENSG00000239732
LIN7C,Q9NUP9,LIN7C,ENSG00000148943
HTR2C,P28335,HTR2C,ENSG00000147246
PDPN,Q86YL7,PDPN,ENSG00000162493
CLEC1B,Q9P126,CLEC1B,ENSG00000165682
PODXL,O00592,PODXL,ENSG00000128567
GLG1,Q92896,GLG1,ENSG00000090863
TYROBP,O43914,TYROBP,ENSG00000011600
SLITRK2,Q9H156,SLITRK2,ENSG00000185985
SLITRK3,O94933,SLITRK3,ENSG00000121871
SLITRK6,Q9H5Y7,SLITRK6,ENSG00000184564
TRAF2,Q12933,TRAF2,ENSG00000127191
AANAT,Q16613,AANAT,ENSG00000129673
ACE,P12821,ACE,ENSG00000159640
ACE2,Q9BYF1,ACE2,ENSG00000130234
SLC6A19,Q695T7,SLC6A19,ENSG00000174358
ACP4,Q9BZG2,ACP4,ENSG00000142513
ADA,P00813,ADA,ENSG00000196839
CLDN11,O75508,CLDN11,ENSG00000013297
GPNMB,Q14956,GPNMB,ENSG00000136235
TSPAN10,Q9H1Z9,TSPAN10,ENSG00000000014
TSPAN12,O95859,TSPAN12,ENSG00000106025
TSPAN14,Q8NG11,TSPAN14,ENSG00000108219
TSPAN15,O95858,TSPAN15,ENSG00000099282
TSPAN17,Q96FV3,TSPAN17,ENSG00000048140
TSPAN33,Q86UF1,TSPAN33,ENSG00000158457
TSPAN5,P62079,TSPAN5,ENSG00000168785
RHBDF2,Q6PJF5,RHBDF2,ENSG00000129667
ADAM20,O43506,ADAM20,ENSG00000134007
ADAM21,Q9UKJ8,ADAM21,ENSG00000139985
CLEC12B,Q2HXU8,CLEC12B,ENSG00000256660
IGSF21,Q96ID5,IGSF21,ENSG00000117154
ADAM29,Q9UKF5,ADAM29,ENSG00000168594
ADAM7,Q9H2U9,ADAM7,ENSG00000069206
ADAMTS3,O15072,ADAMTS3,ENSG00000156140
CCBE1,Q6UXH8,CCBE1,ENSG00000183287
ADGRA3,Q8IWK6,ADGRA3,ENSG00000152990
ADGRB1,O14514,ADGRB1,ENSG00000181790
RTN4RL1,Q86UN2,RTN4RL1,ENSG00000185924
RTN4RL2,Q86UN3,RTN4RL2,ENSG00000186907
ADRA1A,P35348,ADRA1A,ENSG00000120907
ADRA1B,P35368,ADRA1B,ENSG00000170214
HNRNPK,P61978,HNRNPK,ENSG00000165119
MBP,P02686,MBP,ENSG00000197971
MGLL,Q99685,MGLL,ENSG00000074416
PRNP,F7VJQ1,PRNP,ENSG00000000011
SLC52A2,Q9HAB3,SLC52A2,ENSG00000285112
TMEM259,Q4ZIN3,TMEM259,ENSG00000182087
VAPA,Q9P0L0,VAPA,ENSG00000101558
YWHAQ,P27348,YWHAQ,ENSG00000134308
ENPEP,Q07075,ENPEP,ENSG00000138792
ATP1B1,P05026,ATP1B1,ENSG00000143153
CERS6,Q6ZMG9,CERS6,ENSG00000172292
ALOX5AP,P20292,ALOX5AP,ENSG00000132965
ALOX5,P09917,ALOX5,ENSG00000275565
ANPEP,P15144,ANPEP,ENSG00000166825
DYSF,O75923,DYSF,ENSG00000135636
APC,P25054,APC,ENSG00000134982
MTTP,P55157,MTTP,ENSG00000138823
LRP10,Q7Z4F1,LRP10,ENSG00000197324
PTGER2,P43116,PTGER2,ENSG00000125384
SLC45A3,Q96JT2,SLC45A3,ENSG00000158715
ARRB2,P32121,ARRB2,ENSG00000141480
ENG,P17813,ENG,ENSG00000106991
MGRN1,O60291,MGRN1,ENSG00000102858
NEGR1,Q7Z3B1,NEGR1,ENSG00000172260
VSIG10L,Q86VR7,VSIG10L,ENSG00000186806
CD1B,P29016,CD1B,ENSG00000158485
HFE,Q30201,HFE,ENSG00000010704
BEX3,Q00994,BEX3,ENSG00000166681
SORT1,Q99523,SORT1,ENSG00000134243
LY96,Q9Y6Y9,LY96,ENSG00000154589
BICD1,Q96G01,BICD1,ENSG00000151746
LILRA6,Q6PI73,LILRA6,ENSG00000275539
BSG,P35613,BSG,ENSG00000172270
SLC16A1,P53985,SLC16A1,ENSG00000281917
SLC16A7,O60669,SLC16A7,ENSG00000118596
BST1,Q10588,BST1,ENSG00000109743
BTK,Q06187,BTK,ENSG00000010671
JAK2,O60674,JAK2,ENSG00000096968
CD276,Q5ZPR3,CD276,ENSG00000103855
BTN1A1,Q13410,BTN1A1,ENSG00000124557
TARM1,B6A8C7,TARM1,ENSG00000274889
BTN2A1,Q7KYR7,BTN2A1,ENSG00000112763
FAM187B,Q17R55,FAM187B,ENSG00000177558
BTN3A1,O00481,BTN3A1,ENSG00000026950
VSIG8,P0DPA2,VSIG8,ENSG00000243284
BTN3A2,P78410,BTN3A2,ENSG00000186470
BTN3A3,O00478,BTN3A3,ENSG00000111801
BTNL8,Q6UX41,BTNL8,ENSG00000113303
BTNL9,Q6UXG8,BTNL9,ENSG00000165810
LRFN5,Q96NI6,LRFN5,ENSG00000165379
C1orf112,Q9NSG2,C1orf112,ENSG00000000460
PLSCR4,Q9NRQ2,PLSCR4,ENSG00000114698
C1orf194,Q5T5A4,C1orf194,ENSG00000179902
C1QB,P02746,C1QB,ENSG00000000012
C1QBP,Q07021,C1QBP,ENSG00000108561
C3,P01024,C3,ENSG00000125730
IFITM1,P13164,IFITM1,ENSG00000185885
CA12,O43570,CA12,ENSG00000074410
CA2,P00918,CA2,ENSG00000104267
AQP1,P29972,AQP1,ENSG00000240583
PTPN13,Q12923,PTPN13,ENSG00000163629
CADM2,Q8N3J6,CADM2,ENSG00000175161
PEAR1,Q5VY43,PEAR1,ENSG00000187800
CADM4,Q8NFZ8,CADM4,ENSG00000105767
MAG,P20916,MAG,ENSG00000105695
CALM1,P0DP23,CALM1,ENSG00000198668
ADCY8,P40145,ADCY8,ENSG00000155897
AQP6,Q13520,AQP6,ENSG00000086159
CNGA2,Q16280,CNGA2,ENSG00000183862
GRM3,Q14832,GRM3,ENSG00000198822
GRM4,Q14833,GRM4,ENSG00000124493
KCNN4,O15554,KCNN4,ENSG00000104783
KCNQ1,P51787,KCNQ1,ENSG00000053918
KCNQ3,O43525,KCNQ3,ENSG00000184156
KCNQ5,Q9NR82,KCNQ5,ENSG00000185760
MIP,P30301,MIP,ENSG00000135517
MYLK,Q15746,MYLK,ENSG00000065534
MYLK2,Q9H1R3,MYLK2,ENSG00000101306
PDE1A,P54750,PDE1A,ENSG00000115252
PDE1B,Q01064,PDE1B,ENSG00000123360
PDE1C,Q14123,PDE1C,ENSG00000154678
PLPP6,Q8IY26,PLPP6,ENSG00000205808
PTPRA,P18433,PTPRA,ENSG00000132670
SCN10A,Q9Y5Y9,SCN10A,ENSG00000185313
SCN4A,P35499,SCN4A,ENSG00000007314
TRPC3,Q13507,TRPC3,ENSG00000138741
TRPC5,Q9UL62,TRPC5,ENSG00000072315
CALM2,P0DP24,CALM2,ENSG00000143933
CALM3,P0DP25,CALM3,ENSG00000160014
ESR1,P03372,ESR1,ENSG00000091831
CALML3,P27482,CALML3,ENSG00000178363
CARD11,Q9BXL7,CARD11,ENSG00000198286
CASP8,Q14790,CASP8,ENSG00000064012
FADD,Q13158,FADD,ENSG00000168040
ERG28,Q9UKR5,ERG28,ENSG00000133935
CCN6,O95389,CCN6,ENSG00000112761
CD24,P25063,CD24,ENSG00000272398
IYD,Q6PHW0,IYD,ENSG00000009765
MUC15,Q8N387,MUC15,ENSG00000169550
TMEM95,Q3KNT9,TMEM95,ENSG00000288511
CD300A,Q9UGN4,CD300A,ENSG00000167851
IGSF5,Q9NSI5,IGSF5,ENSG00000183067
CD300C,Q08708,CD300C,ENSG00000167850
CD300LB,A8K4G0,CD300LB,ENSG00000178789
LRRC52,Q8N7C0,LRRC52,ENSG00000162763
SIGLEC14,Q08ET2,SIGLEC14,ENSG00000254415
SIGLEC5,O15389,SIGLEC5,ENSG00000268500
CD300LG,Q6UXG3,CD300LG,ENSG00000161649
TMEM167A,Q8TBQ9,TMEM167A,ENSG00000174695
KIRREL3,Q8IZU9,KIRREL3,ENSG00000149571
CDHR2,Q9BYE9,CDHR2,ENSG00000074276
TRAF3,Q13114,TRAF3,ENSG00000131323
EPCAM,P16422,EPCAM,ENSG00000119888
PCSK4,Q6UW60,PCSK4,ENSG00000115257
SCN1B,Q07699,SCN1B,ENSG00000105711
ADGRE2,Q9UHX3,ADGRE2,ENSG00000127507
SIGLEC8,Q9NYZ4,SIGLEC8,ENSG00000105366
NCAM2,O15394,NCAM2,ENSG00000154654
CD79B,P40259,CD79B,ENSG00000007312
NTM,Q9P121,NTM,ENSG00000182667
CLDN1,O95832,CLDN1,ENSG00000163347
CLDN12,P56749,CLDN12,ENSG00000157224
CD82,P27701,CD82,ENSG00000085117
CDC37,Q16543,CDC37,ENSG00000105401
CDCP1,Q9H5V8,CDCP1,ENSG00000163814
ITGAE,P38570,ITGAE,ENSG00000083457
KLRG1,Q96E93,KLRG1,ENSG00000139187
CDH13,P55290,CDH13,ENSG00000140945
CDH6,P55285,CDH6,ENSG00000113361
PTGFRN,Q9P2B2,PTGFRN,ENSG00000134247
CDH9,Q9ULB4,CDH9,ENSG00000113100
KIRREL1,Q96J84,KIRREL1,ENSG00000183853
CEACAM20,Q6UY09,CEACAM20,ENSG00000273777
CEACAM21,Q3KPI0,CEACAM21,ENSG00000278565
CEACAM3,P40198,CEACAM3,ENSG00000170956
CEACAM7,Q14002,CEACAM7,ENSG00000007306
CEACAM4,O75871,CEACAM4,ENSG00000274131
CEL,P19835,CEL,ENSG00000170835
CELA3B,P08861,CELA3B,ENSG00000219073
SMAD3,P84022,SMAD3,ENSG00000166949
TMEM132A,Q24JP5,TMEM132A,ENSG00000006118
CHRD,Q9H2X0,CHRD,ENSG00000090539
CISH,Q9NSE2,CISH,ENSG00000114737
CLDN2,P57739,CLDN2,ENSG00000165376
CLDN14,O95500,CLDN14,ENSG00000159261
CLDN16,Q9Y5I7,CLDN16,ENSG00000113946
CLDN3,O15551,CLDN3,ENSG00000165215
CLDN4,O14493,CLDN4,ENSG00000189143
CLEC2L,P0C7M8,CLEC2L,ENSG00000236279
CLEC4G,Q6UXB4,CLEC4G,ENSG00000182566
CLMP,Q9H6B4,CLMP,ENSG00000166250
LILRB4,Q8NHJ6,LILRB4,ENSG00000275730
FCGRT,P55899,FCGRT,ENSG00000104870
PCDHB7,Q9Y5E2,PCDHB7,ENSG00000113212
SGCG,Q13326,SGCG,ENSG00000102683
LVRN,Q6Q4G3,LVRN,ENSG00000172901
CNTN5,O94779,CNTN5,ENSG00000149972
FAM187A,A6NFU0,FAM187A,ENSG00000214447
SLAMF1,Q13291,SLAMF1,ENSG00000117090
SPACA6,W5XKT8,SPACA6,ENSG00000182310
TMEM81,Q6P7N7,TMEM81,ENSG00000174529
TMPRSS6,Q8IU80,TMPRSS6,ENSG00000187045
CORIN,Q9Y5Q5,CORIN,ENSG00000145244
CP,P00450,CP,ENSG00000047457
SLC40A1,Q9NP59,SLC40A1,ENSG00000138449
CPNE3,O75131,CPNE3,ENSG00000085719
CRISP2,P16562,CRISP2,ENSG00000124490
CATSPER1,Q8NEC5,CATSPER1,ENSG00000175294
CRKL,P46109,CRKL,ENSG00000099942
LY6G6F,Q5SQ64,LY6G6F,ENSG00000243003
FAM200A,Q8TCP9,FAM200A,ENSG00000221909
PCDHGB4,Q9UN71,PCDHGB4,ENSG00000253953
WBP1,Q96G27,WBP1,ENSG00000239779
CTNNB1,P35222,CTNNB1,ENSG00000168036
CTTN,Q14247,CTTN,ENSG00000288401
CXCL16,Q9H2A7,CXCL16,ENSG00000161921
CXCR6,O00574,CXCR6,ENSG00000172215
SARAF,Q96BY9,SARAF,ENSG00000133872
VSIG4,Q9Y279,VSIG4,ENSG00000155659
PHEX,P78562,PHEX,ENSG00000102174
DNAJA3,Q96EY1,DNAJA3,ENSG00000276726
DNAJB11,Q9UBS4,DNAJB11,ENSG00000090520
DSCAML1,Q8TD84,DSCAML1,ENSG00000177103
CD151,P48509,CD151,ENSG00000177697
DYM,Q7RTS9,DYM,ENSG00000141627
CACHD1,Q5VU97,CACHD1,ENSG00000158966
KEL,P23276,KEL,ENSG00000276615
GNA11,P29992,GNA11,ENSG00000088256
EVC2,Q86UK5,EVC2,ENSG00000173040
ITLN1,Q8WWA0,ITLN1,ENSG00000179914
HIDE1,A8MVS5,HIDE1,ENSG00000214212
TCTN2,Q96GX1,TCTN2,ENSG00000168778
EMILIN1,Q9Y6C2,EMILIN1,ENSG00000138080
ENPP1,P22413,ENPP1,ENSG00000197594
ENTPD1,P49961,ENTPD1,ENSG00000138185
TMIGD3,P0DMS9,TMIGD3,ENSG00000121933
EPN1,Q9Y6I3,EPN1,ENSG00000063245
CRLF3,Q8IUI8,CRLF3,ENSG00000176390
EXOC3-AS1,Q8N2X6,EXOC3-AS1,ENSG0000000003
F10,P00742,F10,ENSG00000126218
F11,P03951,F11,ENSG00000088926
F12,P00748,F12,ENSG00000131187
ATP2A2,P16615,ATP2A2,ENSG00000174437
F7,P08709,F7,ENSG00000057593
F8,P00451,F8,ENSG00000185010
F9,P00740,F9,ENSG00000101981
FABP5,Q01469,FABP5,ENSG00000164687
TRADD,Q15628,TRADD,ENSG00000102871
FAM126B,Q8IXS8,FAM126B,ENSG00000155744
FAP,Q12884,FAP,ENSG00000078098
FARP2,O94887,FARP2,ENSG00000006607
FCAR,P24071,FCAR,ENSG00000283750
FCER2,P06734,FCER2,ENSG00000104921
FCGR1A,P12314,FCGR1A,ENSG00000150337
MPZ,P25189,MPZ,ENSG00000158887
CD300E,Q496F6,CD300E,ENSG00000186407
LILRA2,Q8N149,LILRA2,ENSG00000278634
SHISA4,Q96DD7,SHISA4,ENSG00000198892
FCN1,O00602,FCN1,ENSG00000085265
FGA,P02671,FGA,ENSG00000171560
FGB,P02675,FGB,ENSG00000171564
SCN5A,Q14524,SCN5A,ENSG00000183873
SCN8A,Q9UQD0,SCN8A,ENSG00000196876
CD83,Q01151,CD83,ENSG00000112149
PTPRR,Q15256,PTPRR,ENSG00000153233
ROS1,P08922,ROS1,ENSG00000047936
XPR1,Q9UBH6,XPR1,ENSG00000143324
GPC6,Q9Y625,GPC6,ENSG00000183098
SIGLEC15,Q6ZMC9,SIGLEC15,ENSG00000197046
PLVAP,Q9BX97,PLVAP,ENSG00000130300
FGG,P02679,FGG,ENSG00000171557
FLNA,P21333,FLNA,ENSG00000196924
CASR,P41180,CASR,ENSG00000036828
DRD3,P35462,DRD3,ENSG00000151577
GRM8,O00222,GRM8,ENSG00000179603
FLRT1,Q9NZU1,FLRT1,ENSG0000000008
ELFN1,P0C7U0,ELFN1,ENSG00000225968
FMOD,Q06828,FMOD,ENSG00000122176
COL13A1,Q5TAT6,COL13A1,ENSG00000197467
NT5E,P21589,NT5E,ENSG00000135318
FRZB,Q92765,FRZB,ENSG00000162998
CKAP4,Q07065,CKAP4,ENSG00000136026
GABRB2,P47870,GABRB2,ENSG00000145864
HTR1A,P08908,HTR1A,ENSG00000178394
GAD1,Q99259,GAD1,ENSG00000128683
ORAI2,Q96SN7,ORAI2,ENSG00000160991
SLC44A5,Q8NCS7,SLC44A5,ENSG00000137968
GFAP,P14136,GFAP,ENSG00000131095
GGT1,P19440,GGT1,ENSG00000100031
GGT2,P36268,GGT2,ENSG0000000007
GNA13,Q14344,GNA13,ENSG00000120063
GNA15,P30679,GNA15,ENSG00000060558
GRM2,Q14416,GRM2,ENSG00000164082
GNAI1,P63096,GNAI1,ENSG00000127955
ADCY7,P51828,ADCY7,ENSG00000121281
ADCY9,O60503,ADCY9,ENSG00000162104
P2RY12,Q9H244,P2RY12,ENSG00000169313
PTPRU,Q92729,PTPRU,ENSG00000060656
S1PR3,Q99500,S1PR3,ENSG00000213694
S1PR4,O95977,S1PR4,ENSG00000125910
S1PR5,Q9H228,S1PR5,ENSG00000180739
GNAI3,P08754,GNAI3,ENSG00000065135
GNAS,O95467,GNAS,ENSG00000087460
PTGDR,Q13258,PTGDR,ENSG00000168229
GNB1,P62873,GNB1,ENSG00000078369
GNB3,P16520,GNB3,ENSG00000111664
GABBR2,O75899,GABBR2,ENSG00000136928
LAYN,Q6UX15,LAYN,ENSG00000204381
AMFR,Q9UKV5,AMFR,ENSG00000159461
GPR26,Q8NDV2,GPR26,ENSG00000154478
FA2H,Q7L5A8,FA2H,ENSG00000103089
GABBR1,Q9UBS5,GABBR1,ENSG00000237051
SLC3A2,P08195,SLC3A2,ENSG00000168003
TMEM161A,Q9NX61,TMEM161A,ENSG00000064545
TTYH1,Q9H313,TTYH1,ENSG00000276537
YIF1A,O95070,YIF1A,ENSG00000174851
YIF1B,Q5BJH7,YIF1B,ENSG00000167645
GRB7,Q14451,GRB7,ENSG00000141738
GRK2,P25098,GRK2,ENSG00000173020
GRK5,P34947,GRK5,ENSG00000198873
GSTP1,P09211,GSTP1,ENSG00000084207
GUCY2D,Q02846,GUCY2D,ENSG00000132518
GZMB,P10144,GZMB,ENSG00000100453
PGRMC1,O00264,PGRMC1,ENSG00000101856
HAS1,Q92839,HAS1,ENSG00000105509
HDC,P19113,HDC,ENSG00000140287
HRH2,P25021,HRH2,ENSG00000113749
HRH3,Q9Y5N1,HRH3,ENSG00000101180
HEBP1,Q9NRV9,HEBP1,ENSG00000013583
ST14,Q9Y5Y6,ST14,ENSG00000149418
HHIPL2,Q6UWX4,HHIPL2,ENSG00000143512
HHLA3,Q9XRX5,HHLA3,ENSG0000000002
CANX,P27824,CANX,ENSG00000283777
SLC16A4,O15374,SLC16A4,ENSG00000168679
HMGB1,P09429,HMGB1,ENSG00000189403
HRG,P04196,HRG,ENSG00000113905
HSP90AA1,P07900,HSP90AA1,ENSG00000080824
CFTR,P13569,CFTR,ENSG00000001626
HSP90AB1,P08238,HSP90AB1,ENSG00000096384
HSP90B1,P14625,HSP90B1,ENSG00000166598
TLR7,Q9NYK1,TLR7,ENSG00000196664
HSPA1A,P0DMV8,HSPA1A,ENSG00000237724
HTR1D,P28221,HTR1D,ENSG00000179546
ATXN10,Q9UBB4,ATXN10,ENSG00000130638
MSN,P26038,MSN,ENSG00000147065
PLB1,Q6P1J6,PLB1,ENSG00000163803
IGFBP1,P08833,IGFBP1,ENSG00000146678
IGFBP2,P18065,IGFBP2,ENSG00000115457
IGFBP3,P17936,IGFBP3,ENSG00000146674
IGFBP5,P24593,IGFBP5,ENSG00000115461
IGFBP6,P24592,IGFBP6,ENSG00000167779
IGKV1-16,P04430,IGKV1-16,ENSG00000282282
IGSF1,Q8N6C5,IGSF1,ENSG00000147255
IGSF3,O75054,IGSF3,ENSG00000143061
KCNA3,P22001,KCNA3,ENSG00000177272
KCND1,Q9NSA2,KCND1,ENSG00000102057
KCND2,Q9NZV8,KCND2,ENSG00000184408
KCNJ15,Q99712,KCNJ15,ENSG00000157551
KCNJ4,P48050,KCNJ4,ENSG00000168135
IGSF8,Q969P0,IGSF8,ENSG00000162729
IL17RD,Q8NFM7,IL17RD,ENSG00000144730
SIGLEC12,Q96PQ1,SIGLEC12,ENSG00000254521
LYPD6,Q86Y78,LYPD6,ENSG00000187123
PCDHAC1,Q9H158,PCDHAC1,ENSG00000248383
PCDHGB6,Q9Y5F9,PCDHGB6,ENSG00000253305
LRTM2,Q8N967,LRTM2,ENSG00000285383
VSIG10,Q8N0Z9,VSIG10,ENSG00000176834
IRAK4,Q9NWZ3,IRAK4,ENSG00000198001
IRS4,O14654,IRS4,ENSG00000133124
ITGB3BP,Q13352,ITGB3BP,ENSG00000142856
ITM2B,Q9Y287,ITM2B,ENSG00000136156
IZUMO1,Q8IYV9,IZUMO1,ENSG00000182264
IZUMO1R,A6ND01,IZUMO1R,ENSG00000183560
KCNA1,Q09470,KCNA1,ENSG00000111262
KCNA2,P16389,KCNA2,ENSG00000177301
KCNAB1,Q14722,KCNAB1,ENSG00000169282
KIAA0319L,Q8IZA0,KIAA0319L,ENSG00000142687
MPZL3,Q6UWV2,MPZL3,ENSG00000160588
TREML1,Q86YW5,TREML1,ENSG00000161911
MMP24,Q9Y5R2,MMP24,ENSG00000125966
KLK3,P07288,KLK3,ENSG00000142515
SV2A,Q7L0J3,SV2A,ENSG00000159164
COL17A1,Q9UMD9,COL17A1,ENSG00000065618
LILRB5,O75023,LILRB5,ENSG00000273991
LRP3,O75074,LRP3,ENSG00000130881
SLC1A5,Q15758,SLC1A5,ENSG00000105281
ADAM22,Q9P0K1,ADAM22,ENSG00000008277
IGSF9B,Q9UPX0,IGSF9B,ENSG00000080854
LILRA5,A6NI73,LILRA5,ENSG00000275404
LCTL,Q6UWM7,LCTL,ENSG00000188501
LIN7B,Q9HAP6,LIN7B,ENSG00000104863
LINGO4,Q6UY18,LINGO4,ENSG00000213171
LIPH,Q8WWY8,LIPH,ENSG00000163898
LNX1,Q8TBB1,LNX1,ENSG00000072201
LRFN3,Q9BTN0,LRFN3,ENSG00000126243
LRIT1,Q9P2V4,LRIT1,ENSG00000148602
LRIT2,A6NDA9,LRIT2,ENSG00000204033
PARD6A,Q9NPB6,PARD6A,ENSG00000102981
PRKCZ,Q05513,PRKCZ,ENSG00000067606
PRSS55,Q6UWB4,PRSS55,ENSG00000184647
LRRTM4,Q86VH4,LRRTM4,ENSG00000176204
TMEM53,Q6P2H8,TMEM53,ENSG00000126106
LRRN1,Q6UXK5,LRRN1,ENSG00000175928
LRRN2,O75325,LRRN2,ENSG00000170382
TMEM123,Q8N131,TMEM123,ENSG00000152558
OSCAR,Q8IYS5,OSCAR,ENSG00000278378
LSAMP,Q13449,LSAMP,ENSG00000185565
OPCML,Q14982,OPCML,ENSG00000183715
LTBP1,Q14766,LTBP1,ENSG00000049323
LTF,P02788,LTF,ENSG00000012223
LRP11,Q86VZ4,LRP11,ENSG00000120256
LYN,P07948,LYN,ENSG00000254087
LYPD3,O95274,LYPD3,ENSG00000124466
AGR2,O95994,AGR2,ENSG00000106541
MADCAM1,Q13477,MADCAM1,ENSG00000099866
SIGLEC7,Q9Y286,SIGLEC7,ENSG00000168995
MAGI1,Q96QZ7,MAGI1,ENSG00000282956
ESAM,Q96AP7,ESAM,ENSG00000149564
MAPK1,P28482,MAPK1,ENSG00000100030
ACAN,P16112,ACAN,ENSG00000157766
MBL2,P11226,MBL2,ENSG00000165471
MEGF10,Q96KG7,MEGF10,ENSG00000145794
MELTF,P08582,MELTF,ENSG00000163975
MEPE,Q9NQ76,MEPE,ENSG00000152595
MUC20,Q8N307,MUC20,ENSG00000275501
MPZL2,O60487,MPZL2,ENSG00000149573
MFNG,O00587,MFNG,ENSG00000100060
MMP1,P03956,MMP1,ENSG00000196611
MMP12,P39900,MMP12,ENSG00000262406
MMP13,P45452,MMP13,ENSG00000137745
MMP14,P50281,MMP14,ENSG00000157227
MMP15,P51511,MMP15,ENSG00000102996
MMP16,P51512,MMP16,ENSG00000156103
MMP2,P08253,MMP2,ENSG00000087245
MMP7,P09237,MMP7,ENSG00000137673
MMP9,P14780,MMP9,ENSG00000100985
LRRTM3,Q86VH5,LRRTM3,ENSG00000198739
VSTM4,Q8IW00,VSTM4,ENSG00000165633
MPDZ,O75970,MPDZ,ENSG00000107186
CLDN5,O00501,CLDN5,ENSG00000184113
MPZL1,O95297,MPZL1,ENSG00000197965
MS4A1,P11836,MS4A1,ENSG00000156738
MTMR4,Q9NYA4,MTMR4,ENSG00000108389
MUC2,Q02817,MUC2,ENSG0000000009
MXRA8,Q9BRK3,MXRA8,ENSG00000162576
MYO1D,O94832,MYO1D,ENSG00000176658
NAALADL1,Q9UQQ1,NAALADL1,ENSG00000168060
NBL1,P41271,NBL1,ENSG00000158747
NCOR1,O75376,NCOR1,ENSG00000141027
PVRIG,Q6DKI7,PVRIG,ENSG00000213413
KIDINS220,Q9ULH0,KIDINS220,ENSG00000134313
SORCS3,Q9UPU3,SORCS3,ENSG00000156395
NID2,Q14112,NID2,ENSG00000087303
MDGA1,Q8NFP4,MDGA1,ENSG00000112139
NLGN4X,Q8N0W4,NLGN4X,ENSG00000146938
NOG,Q13253,NOG,ENSG00000183691
NOTUM,Q6P988,NOTUM,ENSG00000185269
NR0B2,Q15466,NR0B2,ENSG00000131910
FCRL6,Q6DN72,FCRL6,ENSG00000181036
AMIGO2,Q86SJ2,AMIGO2,ENSG00000139211
THSD7A,Q9UPZ6,THSD7A,ENSG00000005108
NUCB2,P80303,NUCB2,ENSG00000070081
ERAP1,Q9NZ08,ERAP1,ENSG00000164307
TJP1,Q07157,TJP1,ENSG00000277401
OGN,P20774,OGN,ENSG00000106809
OLAH,Q9NV23,OLAH,ENSG00000152463
GJA4,P35212,GJA4,ENSG00000187513
WLS,Q5T9L3,WLS,ENSG00000116729
P4HB,P07237,P4HB,ENSG00000185624
PA2G4,Q9UQ80,PA2G4,ENSG00000170515
PATJ,Q8NI35,PATJ,ENSG00000132849
PCDHB3,Q9Y5E6,PCDHB3,ENSG00000113205
PLXDC1,Q8IUK5,PLXDC1,ENSG00000161381
PDAP1,Q13442,PDAP1,ENSG00000106244
PDCD2,Q16342,PDCD2,ENSG00000071994
ART1,P52961,ART1,ENSG00000129744
PDX1,P52945,PDX1,ENSG00000139515
SLC2A2,P11168,SLC2A2,ENSG00000163581
PEPD,P12955,PEPD,ENSG00000124299
PIGF,Q07326,PIGF,ENSG00000151665
PIK3CA,P42336,PIK3CA,ENSG00000121879
PIK3CD,O00329,PIK3CD,ENSG00000171608
LY6G6C,O95867,LY6G6C,ENSG00000235925
PIK3R1,P27986,PIK3R1,ENSG00000145675
CBL,P22681,CBL,ENSG00000110395
PKM,P14618,PKM,ENSG00000067225
PLA2G10,O15496,PLA2G10,ENSG00000276870
PLA2R1,Q13018,PLA2R1,ENSG00000153246
PLAT,P00750,PLAT,ENSG00000104368
PLTP,P55058,PLTP,ENSG00000100979
MRAP,Q8TCY5,MRAP,ENSG00000170262
PON2,Q15165,PON2,ENSG00000105854
PORCN,Q9H237,PORCN,ENSG00000102312
PPP2R2B,Q00005,PPP2R2B,ENSG00000156475
EMC1,Q8N766,EMC1,ENSG00000127463
PRRG4,Q9BZD6,PRRG4,ENSG00000135378
PRSS23,O95084,PRSS23,ENSG00000150687
TMEM222,Q9H0R3,TMEM222,ENSG00000186501
PTAFR,P25105,PTAFR,ENSG00000169403
TMEM59L,Q9UK28,TMEM59L,ENSG00000105696
PTGS2,P35354,PTGS2,ENSG00000073756
PTGDR2,Q9Y5Y4,PTGDR2,ENSG00000183134
PTK2,Q05397,PTK2,ENSG00000169398
PTMA,P06454,PTMA,ENSG00000187514
LRFN1,Q9P244,LRFN1,ENSG00000128011
LRFN4,Q6PJG9,LRFN4,ENSG00000173621
SLITRK4,Q8IW52,SLITRK4,ENSG00000179542
QDPR,P09417,QDPR,ENSG00000151552
RBP4,P02753,RBP4,ENSG00000138207
STRA6,Q9BX79,STRA6,ENSG00000288257
REN,P00797,REN,ENSG00000143839
ASIC3,Q9UHC3,ASIC3,ENSG00000213199
RGS19,P49795,RGS19,ENSG00000171700
SLC17A7,Q9P2U7,SLC17A7,ENSG00000104888
SLC18A2,Q05940,SLC18A2,ENSG00000165646
SLC18A3,Q16572,SLC18A3,ENSG00000187714
RIMS2,Q9UQ26,RIMS2,ENSG00000176406
RNASE2,P10153,RNASE2,ENSG00000169385
RPS19,P39019,RPS19,ENSG00000105372
RPS27A,P62979,RPS27A,ENSG00000143947
ZNRF3,Q9ULT6,ZNRF3,ENSG00000183579
GJB2,P29033,GJB2,ENSG00000165474
S1PR2,O95136,S1PR2,ENSG00000267534
TNFRSF19,Q9NS68,TNFRSF19,ENSG00000127863
SCEL,O95171,SCEL,ENSG00000136155
GLYCAM1,Q8IVK1,GLYCAM1,ENSG00000000016
SERPINA7,P05543,SERPINA7,ENSG00000123561
SLC16A2,P36021,SLC16A2,ENSG00000147100
SERPINC1,P01008,SERPINC1,ENSG00000117601
SERPINE2,P07093,SERPINE2,ENSG00000135919
SERTAD1,Q9UHV2,SERTAD1,ENSG00000197019
SFRP1,Q8N474,SFRP1,ENSG00000104332
SFRP4,Q6FHJ7,SFRP4,ENSG00000106483
SFRP5,Q5T4F7,SFRP5,ENSG00000120057
SFTPA2,Q8IWL1,SFTPA2,ENSG00000185303
SH2B3,Q9UQQ2,SH2B3,ENSG00000111252
ADGRB2,O60241,ADGRB2,ENSG00000121753
SLC37A1,P57057,SLC37A1,ENSG00000160190
LRP12,Q9Y561,LRP12,ENSG00000147650
LRFN2,Q9ULH4,LRFN2,ENSG00000156564
PCDHGA7,Q9Y5G6,PCDHGA7,ENSG00000253537
TEX101,Q9BY14,TEX101,ENSG00000131126
SLAMF6,Q96DU3,SLAMF6,ENSG00000162739
SLC7A5,Q01650,SLC7A5,ENSG00000103257
SLITRK5,O94991,SLITRK5,ENSG00000165300
PLSCR1,O15162,PLSCR1,ENSG00000188313
SORBS1,Q9BX66,SORBS1,ENSG00000095637
SPINT1,O43278,SPINT1,ENSG00000166145
SPTAN1,Q13813,SPTAN1,ENSG00000197694
SPTBN2,O15020,SPTBN2,ENSG00000173898
SRC,P12931,SRC,ENSG00000197122
SRGN,P10124,SRGN,ENSG00000122862
ST6GAL1,P15907,ST6GAL1,ENSG00000073849
STUB1,Q9UNE7,STUB1,ENSG00000103266
SYK,P43405,SYK,ENSG00000165025
LAT,O43561,LAT,ENSG00000213658
SYT1,P21579,SYT1,ENSG00000067715
SYTL3,Q4VX76,SYTL3,ENSG00000164674
TBC1D24,Q9ULP9,TBC1D24,ENSG00000162065
B9D1,Q9UPM9,B9D1,ENSG00000108641
CC2D2A,Q9P2K1,CC2D2A,ENSG00000048342
CEP290,O15078,CEP290,ENSG00000198707
MKS1,Q9NXB0,MKS1,ENSG00000011143
TCTN3,Q6NUS6,TCTN3,ENSG00000119977
TMEM216,Q9P0N5,TMEM216,ENSG00000187049
CNIH1,O95406,CNIH1,ENSG00000100528
NKD2,Q969F2,NKD2,ENSG00000276920
TGM2,P21980,TGM2,ENSG00000198959
ADGRG1,Q9Y653,ADGRG1,ENSG00000205336
TGOLN2,O43493,TGOLN2,ENSG00000152291
TJP2,Q9UDY2,TJP2,ENSG00000119139
TJP3,O95049,TJP3,ENSG00000105289
SLC5A11,Q8WWX8,SLC5A11,ENSG00000288216
ARMH4,Q86TY3,ARMH4,ENSG00000139971
LY9,Q9HBG7,LY9,ENSG00000122224
TNN,Q9UQP3,TNN,ENSG00000120332
TPH1,P17752,TPH1,ENSG00000129167
HTR1E,P28566,HTR1E,ENSG00000168830
HTR1F,P30939,HTR1F,ENSG00000179097
HTR2B,P41595,HTR2B,ENSG00000135914
HTR5A,P47898,HTR5A,ENSG00000157219
HTR7,P34969,HTR7,ENSG00000148680
TPSG1,Q9NRR2,TPSG1,ENSG00000116176
ADGRF5,Q8IZF2,ADGRF5,ENSG00000069122
TREML4,Q6UXN2,TREML4,ENSG00000188056
TRIP6,Q15654,TRIP6,ENSG00000087077
TRPV5,Q9NQA5,TRPV5,ENSG00000127412
TSPAN3,O60637,TSPAN3,ENSG00000140391
TSPAN13,O95857,TSPAN13,ENSG00000106537
UBA52,P62987,UBA52,ENSG00000221983
UBB,P0CG47,UBB,ENSG00000170315
UBC,P0CG48,UBC,ENSG00000150991
VASP,P50552,VASP,ENSG00000125753
VIM,P08670,VIM,ENSG00000026025
VSTM2L,Q96N03,VSTM2L,ENSG00000132821
YARS1,P54577,YARS1,ENSG00000134684
ZYX,Q15942,ZYX,ENSG00000285443
HPGDS,O60760,HPGDS,ENSG00000163106
MAML2,Q8IZL2,MAML2,ENSG00000184384
