id_gene,ensembl,gene_name,hgnc_symbol,protein_id
1,ENSG00000165029,ABCA1,ABCA1,127
2,ENSG00000130234,ACE2,ACE2,1136
3,ENSG00000213088,ACKR1,ACKR1,929
4,ENSG00000144648,ACKR2,ACKR2,35
5,ENSG00000144476,ACKR3,ACKR3,516
6,ENSG00000129048,ACKR4,ACKR4,1188
7,ENSG00000115170,ACVR1,ACVR1,831
8,ENSG00000135503,ACVR1B,ACVR1B,634
9,ENSG00000123612,ACVR1C,ACVR1C,1027
10,ENSG00000121989,ACVR2A,ACVR2A,532
11,ENSG00000114739,ACVR2B,ACVR2B,878
12,ENSG00000139567,ACVRL1,ACVRL1,637
13,ENSG00000141433,ADCYAP1,ADCYAP1,432
14,ENSG00000078549,ADCYAP1R1,ADCYAP1R1,662
15,ENSG00000123146,ADGRE5,ADGRE5,713
16,ENSG00000182885,ADGRG3,ADGRG3,1004
17,ENSG00000159618,ADGRG5,ADGRG5,1011
18,ENSG00000072071,ADGRL1,ADGRL1,116
19,ENSG00000164199,ADGRV1,ADGRV1,1054
20,ENSG00000181092,ADIPOQ,ADIPOQ,926
21,ENSG00000159346,ADIPOR1,ADIPOR1,1077
22,ENSG00000006831,ADIPOR2,ADIPOR2,998
23,ENSG00000285070,ADIPOR2,ADIPOR2,998
24,ENSG00000148926,ADM,ADM,615
25,ENSG00000128165,ADM2,ADM2,992
26,ENSG00000163485,ADORA1,ADORA1,568
27,ENSG00000128271,ADORA2A,ADORA2A,549
28,ENSG00000170425,ADORA2B,ADORA2B,550
29,ENSG00000282608,ADORA3,ADORA3,321
30,ENSG00000120907,ADRA1A,ADRA1A,617
31,ENSG00000170214,ADRA1B,ADRA1B,619
32,ENSG00000171873,ADRA1D,ADRA1D,513
33,ENSG00000150594,ADRA2A,ADRA2A,300
34,ENSG00000274286,ADRA2B,ADRA2B,430
35,ENSG00000184160,ADRA2C,ADRA2C,436
36,ENSG00000043591,ADRB1,ADRB1,291
37,ENSG00000169252,ADRB2,ADRB2,274
38,ENSG00000188778,ADRB3,ADRB3,377
39,ENSG00000229058,AGER,AGER,906
40,ENSG00000230514,AGER,AGER,906
41,ENSG00000204305,AGER,AGER,906
42,ENSG00000231268,AGER,AGER,906
43,ENSG00000237405,AGER,AGER,906
44,ENSG00000206320,AGER,AGER,906
45,ENSG00000234729,AGER,AGER,906
46,ENSG00000188157,AGRN,AGRN,30
47,ENSG00000159723,AGRP,AGRP,24
48,ENSG00000135744,AGT,AGT,146
49,ENSG00000144891,AGTR1,AGTR1,570
50,ENSG00000180772,AGTR2,AGTR2,728
51,ENSG00000164022,AIMP1,AIMP1,854
52,ENSG00000085662,AKR1B1,AKR1B1,391
53,ENSG00000196139,AKR1C3,AKR1C3,669
54,ENSG00000122787,AKR1D1,AKR1D1,745
55,ENSG00000163631,ALB,ALB,212
56,ENSG00000170017,ALCAM,ALCAM,879
57,ENSG00000165092,ALDH1A1,ALDH1A1,139
58,ENSG00000128918,ALDH1A2,ALDH1A2,113
59,ENSG00000184254,ALDH1A3,ALDH1A3,698
60,ENSG00000171094,ALK,ALK,1255
61,ENSG00000108839,ALOX12,ALOX12,427
62,ENSG00000275565,ALOX5,ALOX5,313
63,ENSG00000012779,ALOX5,ALOX5,313
64,ENSG00000132965,ALOX5AP,ALOX5AP,451
65,ENSG00000104899,AMH,AMH,221
66,ENSG00000135409,AMHR2,AMHR2,937
67,ENSG00000166126,AMN,AMN,1133
68,ENSG00000154188,ANGPT1,ANGPT1,914
69,ENSG00000091879,ANGPT2,ANGPT2,56
70,ENSG00000101280,ANGPT4,ANGPT4,1264
71,ENSG00000169604,ANTXR1,ANTXR1,1163
72,ENSG00000135046,ANXA1,ANXA1,224
73,ENSG00000248329,APELA,APELA,320
74,ENSG00000171388,APLN,APLN,1253
75,ENSG00000134817,APLNR,APLNR,623
76,ENSG00000118137,APOA1,APOA1,202
77,ENSG00000158874,APOA2,APOA2,204
78,ENSG00000084674,APOB,APOB,227
79,ENSG00000184730,APOBR,APOBR,849
80,ENSG00000130203,APOE,APOE,203
81,ENSG00000142192,APP,APP,243
82,ENSG00000169083,AR,AR,327
83,ENSG00000109321,AREG,AREG,397
84,ENSG00000143761,ARF1,ARF1,804
85,ENSG00000117407,ARTN,ARTN,955
86,ENSG00000161944,ASGR2,ASGR2,270
87,ENSG00000101440,ASIP,ASIP,668
88,ENSG00000196433,ASMT,ASMT,693
89,ENSG00000182220,ATP6AP2,ATP6AP2,110
90,ENSG00000101200,AVP,AVP,160
91,ENSG00000166148,AVPR1A,AVPR1A,641
92,ENSG00000198049,AVPR1B,AVPR1B,700
93,ENSG00000126895,AVPR2,AVPR2,564
94,ENSG00000167601,AXL,AXL,565
95,ENSG00000273686,B2M,B2M,787
96,ENSG00000166710,B2M,B2M,787
97,ENSG00000228760,BAG6,BAG6,691
98,ENSG00000233348,BAG6,BAG6,691
99,ENSG00000234651,BAG6,BAG6,691
100,ENSG00000096155,BAG6,BAG6,691
101,ENSG00000204463,BAG6,BAG6,691
102,ENSG00000227761,BAG6,BAG6,691
103,ENSG00000229524,BAG6,BAG6,691
104,ENSG00000186716,BCR,BCR,345
105,ENSG00000100739,BDKRB1,BDKRB1,694
106,ENSG00000168398,BDKRB2,BDKRB2,562
107,ENSG00000176697,BDNF,BDNF,499
108,ENSG00000163217,BMP10,BMP10,124
109,ENSG00000130385,BMP15,BMP15,137
110,ENSG00000125845,BMP2,BMP2,359
111,ENSG00000125378,BMP4,BMP4,360
112,ENSG00000112175,BMP5,BMP5,484
113,ENSG00000153162,BMP6,BMP6,485
114,ENSG00000101144,BMP7,BMP7,428
115,ENSG00000183682,BMP8A,BMP8A,996
116,ENSG00000116985,BMP8B,BMP8B,606
117,ENSG00000107779,BMPR1A,BMPR1A,633
118,ENSG00000138696,BMPR1B,BMPR1B,22
119,ENSG00000204217,BMPR2,BMPR2,881
120,ENSG00000144857,BOC,BOC,1129
121,ENSG00000172270,BSG,BSG,627
122,ENSG00000130303,BST2,BST2,850
123,ENSG00000174808,BTC,BTC,613
124,ENSG00000186265,BTLA,BTLA,997
125,ENSG00000188373,C10orf99,C10orf99,972
126,ENSG00000125730,C3,C3,147
127,ENSG00000171860,C3AR1,C3AR1,930
128,ENSG00000227746,C4A,C4A,316
129,ENSG00000244731,C4A,C4A,316
130,ENSG00000206340,C4A,C4A,316
131,ENSG00000244207,C4A,C4A,316
132,ENSG00000106804,C5,C5,148
133,ENSG00000197405,C5AR1,C5AR1,475
134,ENSG00000134830,C5AR2,C5AR2,1223
135,ENSG00000182985,CADM1,CADM1,1135
136,ENSG00000162706,CADM3,CADM3,1015
137,ENSG00000105767,CADM4,CADM4,1033
138,ENSG00000110680,CALCA,CALCA,171
139,ENSG00000175868,CALCB,CALCB,323
140,ENSG00000004948,CALCR,CALCR,578
141,ENSG00000064989,CALCRL,CALCRL,931
142,ENSG00000164047,CAMP,CAMP,726
143,ENSG00000175294,CATSPER1,CATSPER1,1026
144,ENSG00000166762,CATSPER2,CATSPER2,1094
145,ENSG00000152705,CATSPER3,CATSPER3,1002
146,ENSG00000188782,CATSPER4,CATSPER4,991
147,ENSG00000133962,CATSPERB,CATSPERB,1165
148,ENSG00000274338,CATSPERB,CATSPERB,1165
149,ENSG00000174898,CATSPERD,CATSPERD,1001
150,ENSG00000159228,CBR1,CBR1,407
151,ENSG00000187094,CCK,CCK,258
152,ENSG00000163394,CCKAR,CCKAR,588
153,ENSG00000110148,CCKBR,CCKBR,589
154,ENSG00000108702,CCL1,CCL1,488
155,ENSG00000172156,CCL11,CCL11,736
156,ENSG00000181374,CCL13,CCL13,1113
157,ENSG00000277236,CCL14,CCL14,933
158,ENSG00000276409,CCL14,CCL14,933
159,ENSG00000275528,CCL15,CCL15,936
160,ENSG00000275718,CCL15,CCL15,936
161,ENSG00000275152,CCL16,CCL16,64
162,ENSG00000275095,CCL16,CCL16,64
163,ENSG00000102970,CCL17,CCL17,1057
164,ENSG00000275385,CCL18,CCL18,770
165,ENSG00000278006,CCL18,CCL18,770
166,ENSG00000278167,CCL18,CCL18,770
167,ENSG00000172724,CCL19,CCL19,1118
168,ENSG00000108691,CCL2,CCL2,367
169,ENSG00000115009,CCL20,CCL20,796
170,ENSG00000137077,CCL21,CCL21,34
171,ENSG00000102962,CCL22,CCL22,37
172,ENSG00000274736,CCL23,CCL23,769
173,ENSG00000276114,CCL23,CCL23,769
174,ENSG00000106178,CCL24,CCL24,18
175,ENSG00000131142,CCL25,CCL25,63
176,ENSG00000006606,CCL26,CCL26,1263
177,ENSG00000213927,CCL27,CCL27,1270
178,ENSG00000151882,CCL28,CCL28,1199
179,ENSG00000277632,CCL3,CCL3,326
180,ENSG00000278567,CCL3,CCL3,326
181,ENSG00000274221,CCL3,CCL3,326
182,ENSG00000276085,CCL3L1,CCL3L1,415
183,ENSG00000277796,CCL3L3,CCL3L3,415
184,ENSG00000277768,CCL3L3,CCL3L3,415
185,ENSG00000277336,CCL3L3,CCL3L3,415
186,ENSG00000276085,CCL3L1,CCL3L1,5
187,ENSG00000275824,CCL4,CCL4,365
188,ENSG00000277943,CCL4,CCL4,365
189,ENSG00000275302,CCL4,CCL4,365
190,ENSG00000275313,CCL4L2,CCL4L2,1037
191,ENSG00000276070,CCL4L2,CCL4L2,1037
192,ENSG00000271503,CCL5,CCL5,368
193,ENSG00000274233,CCL5,CCL5,368
194,ENSG00000108688,CCL7,CCL7,798
195,ENSG00000108700,CCL8,CCL8,797
196,ENSG00000163823,CCR1,CCR1,592
197,ENSG00000184451,CCR10,CCR10,688
198,ENSG00000121807,CCR2,CCR2,665
199,ENSG00000183625,CCR3,CCR3,737
200,ENSG00000183813,CCR4,CCR4,738
201,ENSG00000160791,CCR5,CCR5,739
202,ENSG00000112486,CCR6,CCR6,740
203,ENSG00000126353,CCR7,CCR7,593
204,ENSG00000179934,CCR8,CCR8,741
205,ENSG00000173585,CCR9,CCR9,742
206,ENSG00000121797,CCRL2,CCRL2,28
207,ENSG00000117281,CD160,CD160,136
208,ENSG00000204936,CD177,CD177,1020
209,ENSG00000158473,CD1D,CD1D,401
210,ENSG00000116824,CD2,CD2,260
211,ENSG00000091972,CD200,CD200,659
212,ENSG00000163606,CD200R1,CD200R1,1041
213,ENSG00000090659,CD209,CD209,1185
214,ENSG00000012124,CD22,CD22,450
215,ENSG00000150637,CD226,CD226,922
216,ENSG00000272398,CD24,CD24,508
217,ENSG00000122223,CD244,CD244,1140
218,ENSG00000139193,CD27,CD27,528
219,ENSG00000120217,CD274,CD274,1217
220,ENSG00000103855,CD276,CD276,959
221,ENSG00000178562,CD28,CD28,332
222,ENSG00000174059,CD34,CD34,546
223,ENSG00000135218,CD36,CD36,416
224,ENSG00000004468,CD38,CD38,547
225,ENSG00000101017,CD40,CD40,520
226,ENSG00000102245,CD40LG,CD40LG,560
227,ENSG00000026508,CD44,CD44,403
228,ENSG00000117335,CD46,CD46,398
229,ENSG00000196776,CD47,CD47,847
230,ENSG00000117091,CD48,CD48,305
231,ENSG00000169442,CD52,CD52,582
232,ENSG00000196352,CD55,CD55,283
233,ENSG00000116815,CD58,CD58,441
234,ENSG00000013725,CD6,CD6,561
235,ENSG00000125726,CD70,CD70,600
236,ENSG00000137101,CD72,CD72,480
237,ENSG00000019582,CD74,CD74,232
238,ENSG00000121594,CD80,CD80,604
239,ENSG00000112149,CD83,CD83,809
240,ENSG00000114013,CD86,CD86,667
241,ENSG00000153563,CD8A,CD8A,197
242,ENSG00000172116,CD8B,CD8B,339
243,ENSG00000153283,CD96,CD96,651
244,ENSG00000002586,CD99,CD99,382
245,ENSG00000039068,CDH1,CDH1,361
246,ENSG00000170558,CDH2,CDH2,437
247,ENSG00000062038,CDH3,CDH3,486
248,ENSG00000179776,CDH5,CDH5,603
249,ENSG00000113361,CDH6,CDH6,768
250,ENSG00000081138,CDH7,CDH7,1249
251,ENSG00000064309,CDON,CDON,949
252,ENSG00000079385,CEACAM1,CEACAM1,373
253,ENSG00000105388,CEACAM5,CEACAM5,261
254,ENSG00000086548,CEACAM6,CEACAM6,650
255,ENSG00000124469,CEACAM8,CEACAM8,586
256,ENSG00000170835,CEL,CEL,446
257,ENSG00000143126,CELSR2,CELSR2,1183
258,ENSG00000008300,CELSR3,CELSR3,1207
259,ENSG00000147869,CER1,CER1,134
260,ENSG00000136698,CFC1,CFC1,318
261,ENSG00000135346,CGA,CGA,164
262,ENSG00000070748,CHAT,CHAT,540
263,ENSG00000168539,CHRM1,CHRM1,344
264,ENSG00000181072,CHRM2,CHRM2,281
265,ENSG00000133019,CHRM3,CHRM3,452
266,ENSG00000180720,CHRM4,CHRM4,282
267,ENSG00000184984,CHRM5,CHRM5,299
268,ENSG00000138435,CHRNA1,CHRNA1,208
269,ENSG00000120903,CHRNA2,CHRNA2,924
270,ENSG00000080644,CHRNA3,CHRNA3,594
271,ENSG00000101204,CHRNA4,CHRNA4,686
272,ENSG00000169684,CHRNA5,CHRNA5,566
273,ENSG00000147434,CHRNA6,CHRNA6,925
274,ENSG00000175344,CHRNA7,CHRNA7,631
275,ENSG00000160716,CHRNB2,CHRNB2,423
276,ENSG00000147432,CHRNB3,CHRNB3,834
277,ENSG00000117971,CHRNB4,CHRNB4,575
278,ENSG00000175505,CLCF1,CLCF1,1226
279,ENSG00000188393,CLEC2A,CLEC2A,968
280,ENSG00000110852,CLEC2B,CLEC2B,1055
281,ENSG00000069493,CLEC2D,CLEC2D,1243
282,ENSG00000104938,CLEC4M,CLEC4M,1155
283,ENSG00000120885,CLU,CLU,337
284,ENSG00000174600,CMKLR1,CMKLR1,1120
285,ENSG00000118432,CNR1,CNR1,471
286,ENSG00000188822,CNR2,CNR2,609
287,ENSG00000242689,CNTF,CNTF,524
288,ENSG00000122756,CNTFR,CNTFR,531
289,ENSG00000018236,CNTN1,CNTN1,851
290,ENSG00000123500,COL10A1,COL10A1,829
291,ENSG00000060718,COL11A1,COL11A1,353
292,ENSG00000227801,COL11A2,COL11A2,376
293,ENSG00000204248,COL11A2,COL11A2,376
294,ENSG00000232541,COL11A2,COL11A2,376
295,ENSG00000230930,COL11A2,COL11A2,376
296,ENSG00000206290,COL11A2,COL11A2,376
297,ENSG00000223699,COL11A2,COL11A2,376
298,ENSG00000235708,COL11A2,COL11A2,376
299,ENSG00000111799,COL12A1,COL12A1,1117
300,ENSG00000197467,COL13A1,COL13A1,956
301,ENSG00000187955,COL14A1,COL14A1,833
302,ENSG00000204291,COL15A1,COL15A1,646
303,ENSG00000084636,COL16A1,COL16A1,839
304,ENSG00000065618,COL17A1,COL17A1,1256
305,ENSG00000182871,COL18A1,COL18A1,647
306,ENSG00000082293,COL19A1,COL19A1,904
307,ENSG00000108821,COL1A1,COL1A1,198
308,ENSG00000164692,COL1A2,COL1A2,279
309,ENSG00000101203,COL20A1,COL20A1,1222
310,ENSG00000124749,COL21A1,COL21A1,1093
311,ENSG00000169436,COL22A1,COL22A1,1031
312,ENSG00000171502,COL24A1,COL24A1,940
313,ENSG00000160963,COL26A1,COL26A1,1078
314,ENSG00000196739,COL27A1,COL27A1,1010
315,ENSG00000215018,COL28A1,COL28A1,945
316,ENSG00000139219,COL2A1,COL2A1,199
317,ENSG00000168542,COL3A1,COL3A1,200
318,ENSG00000187498,COL4A1,COL4A1,201
319,ENSG00000134871,COL4A2,COL4A2,288
320,ENSG00000169031,COL4A3,COL4A3,814
321,ENSG00000081052,COL4A4,COL4A4,750
322,ENSG00000188153,COL4A5,COL4A5,557
323,ENSG00000197565,COL4A6,COL4A6,883
324,ENSG00000130635,COL5A1,COL5A1,467
325,ENSG00000204262,COL5A2,COL5A2,255
326,ENSG00000080573,COL5A3,COL5A3,519
327,ENSG00000142156,COL6A1,COL6A1,354
328,ENSG00000142173,COL6A2,COL6A2,355
329,ENSG00000163359,COL6A3,COL6A3,356
330,ENSG00000172752,COL6A5,COL6A5,4
331,ENSG00000206384,COL6A6,COL6A6,3
332,ENSG00000114270,COL7A1,COL7A1,819
333,ENSG00000144810,COL8A1,COL8A1,535
334,ENSG00000171812,COL8A2,COL8A2,509
335,ENSG00000112280,COL9A1,COL9A1,466
336,ENSG00000049089,COL9A2,COL9A2,885
337,ENSG00000092758,COL9A3,COL9A3,884
338,ENSG00000158270,COLEC12,COLEC12,952
339,ENSG00000122218,COPA,COPA,751
340,ENSG00000241563,CORT,CORT,21
341,ENSG00000117322,CR2,CR2,449
342,ENSG00000143320,CRABP2,CRABP2,556
343,ENSG00000147571,CRH,CRH,265
344,ENSG00000120088,CRHR1,CRHR1,612
345,ENSG00000278232,CRHR1,CRHR1,612
346,ENSG00000276191,CRHR1,CRHR1,612
347,ENSG00000106113,CRHR2,CRHR2,865
348,ENSG00000205755,CRLF2,CRLF2,1177
349,ENSG00000109943,CRTAM,CRTAM,130
350,ENSG00000184371,CSF1,CSF1,309
351,ENSG00000182578,CSF1R,CSF1R,271
352,ENSG00000164400,CSF2,CSF2,228
353,ENSG00000198223,CSF2RA,CSF2RA,396
354,ENSG00000100368,CSF2RB,CSF2RB,598
355,ENSG00000108342,CSF3,CSF3,314
356,ENSG00000119535,CSF3R,CSF3R,1107
357,ENSG00000204414,CSHL1,CSHL1,894
358,ENSG00000173546,CSPG4,CSPG4,967
359,ENSG00000163599,CTLA4,CTLA4,410
360,ENSG00000107611,CUBN,CUBN,89
361,ENSG00000006210,CX3CL1,CX3CL1,792
362,ENSG00000168329,CX3CR1,CX3CR1,716
363,ENSG00000154639,CXADR,CXADR,790
364,ENSG00000163739,CXCL1,CXCL1,306
365,ENSG00000169245,CXCL10,CXCL10,215
366,ENSG00000169248,CXCL11,CXCL11,40
367,ENSG00000107562,CXCL12,CXCL12,704
368,ENSG00000156234,CXCL13,CXCL13,82
369,ENSG00000145824,CXCL14,CXCL14,129
370,ENSG00000161921,CXCL16,CXCL16,1153
371,ENSG00000189377,CXCL17,CXCL17,977
372,ENSG00000081041,CXCL2,CXCL2,447
373,ENSG00000163734,CXCL3,CXCL3,448
374,ENSG00000163735,CXCL5,CXCL5,672
375,ENSG00000124875,CXCL6,CXCL6,799
376,ENSG00000169429,CXCL8,CXCL8,325
377,ENSG00000138755,CXCL9,CXCL9,840
378,ENSG00000163464,CXCR1,CXCR1,506
379,ENSG00000180871,CXCR2,CXCR2,507
380,ENSG00000186810,CXCR3,CXCR3,718
381,ENSG00000121966,CXCR4,CXCR4,784
382,ENSG00000160683,CXCR5,CXCR5,595
383,ENSG00000172215,CXCR6,CXCR6,32
384,ENSG00000140459,CYP11A1,CYP11A1,247
385,ENSG00000160882,CYP11B1,CYP11B1,399
386,ENSG00000179142,CYP11B2,CYP11B2,438
387,ENSG00000148795,CYP17A1,CYP17A1,244
388,ENSG00000137869,CYP19A1,CYP19A1,350
389,ENSG00000232414,CYP21A2,CYP21A2,295
390,ENSG00000198457,CYP21A2,CYP21A2,295
391,ENSG00000206338,CYP21A2,CYP21A2,295
392,ENSG00000231852,CYP21A2,CYP21A2,295
393,ENSG00000235134,CYP21A2,CYP21A2,295
394,ENSG00000233151,CYP21A2,CYP21A2,295
395,ENSG00000111012,CYP27B1,CYP27B1,66
396,ENSG00000160868,CYP3A4,CYP3A4,294
397,ENSG00000173198,CYSLTR1,CYSLTR1,1265
398,ENSG00000152207,CYSLTR2,CYSLTR2,1202
399,ENSG00000173402,DAG1,DAG1,888
400,ENSG00000134780,DAGLA,DAGLA,1268
401,ENSG00000164535,DAGLB,DAGLB,1024
402,ENSG00000123454,DBH,DBH,304
403,ENSG00000187323,DCC,DCC,678
404,ENSG00000132437,DDC,DDC,460
405,ENSG00000223680,DDR1,DDR1,845
406,ENSG00000215522,DDR1,DDR1,845
407,ENSG00000230456,DDR1,DDR1,845
408,ENSG00000229767,DDR1,DDR1,845
409,ENSG00000234078,DDR1,DDR1,845
410,ENSG00000204580,DDR1,DDR1,845
411,ENSG00000137332,DDR1,DDR1,845
412,ENSG00000116133,DHCR24,DHCR24,915
413,ENSG00000172893,DHCR7,DHCR7,1231
414,ENSG00000139549,DHH,DHH,71
415,ENSG00000073737,DHRS9,DHRS9,1126
416,ENSG00000197406,DIO3,DIO3,763
417,ENSG00000107984,DKK1,DKK1,115
418,ENSG00000155011,DKK2,DKK2,1233
419,ENSG00000185559,DLK1,DLK1,801
420,ENSG00000275555,DLL1,DLL1,31
421,ENSG00000198719,DLL1,DLL1,31
422,ENSG00000090932,DLL3,DLL3,1206
423,ENSG00000128917,DLL4,DLL4,1196
424,ENSG00000015413,DPEP1,DPEP1,411
425,ENSG00000167261,DPEP2,DPEP2,1159
426,ENSG00000141096,DPEP3,DPEP3,1160
427,ENSG00000197635,DPP4,DPP4,533
428,ENSG00000184845,DRD1,DRD1,474
429,ENSG00000149295,DRD2,DRD2,384
430,ENSG00000151577,DRD3,DRD3,625
431,ENSG00000276825,DRD4,DRD4,482
432,ENSG00000069696,DRD4,DRD4,482
433,ENSG00000169676,DRD5,DRD5,483
434,ENSG00000134765,DSC1,DSC1,846
435,ENSG00000134755,DSC2,DSC2,821
436,ENSG00000134762,DSC3,DSC3,896
437,ENSG00000171587,DSCAM,DSCAM,87
438,ENSG00000134760,DSG1,DSG1,820
439,ENSG00000046604,DSG2,DSG2,889
440,ENSG00000105246,EBI3,EBI3,890
441,ENSG00000158813,EDA,EDA,1064
442,ENSG00000131080,EDA2R,EDA2R,1168
443,ENSG00000135960,EDAR,EDAR,1257
444,ENSG00000127129,EDN2,EDN2,463
445,ENSG00000151617,EDNRA,EDNRA,514
446,ENSG00000169242,EFNA1,EFNA1,465
447,ENSG00000099617,EFNA2,EFNA2,81
448,ENSG00000143590,EFNA3,EFNA3,746
449,ENSG00000243364,EFNA4,EFNA4,747
450,ENSG00000184349,EFNA5,EFNA5,749
451,ENSG00000090776,EFNB1,EFNB1,806
452,ENSG00000125266,EFNB2,EFNB2,748
453,ENSG00000108947,EFNB3,EFNB3,923
454,ENSG00000138798,EGF,EGF,153
455,ENSG00000146648,EGFR,EGFR,140
456,ENSG00000168913,ENHO,ENHO,974
457,ENSG00000138185,ENTPD1,ENTPD1,727
458,ENSG00000088367,EPB41L1,EPB41L1,1161
459,ENSG00000182585,EPGN,EPGN,970
460,ENSG00000284816,EPHA1,EPHA1,473
461,ENSG00000146904,EPHA1,EPHA1,473
462,ENSG00000142627,EPHA2,EPHA2,551
463,ENSG00000044524,EPHA3,EPHA3,552
464,ENSG00000116106,EPHA4,EPHA4,759
465,ENSG00000145242,EPHA5,EPHA5,756
466,ENSG00000135333,EPHA7,EPHA7,913
467,ENSG00000070886,EPHA8,EPHA8,553
468,ENSG00000154928,EPHB1,EPHB1,758
469,ENSG00000133216,EPHB2,EPHB2,554
470,ENSG00000182580,EPHB3,EPHB3,755
471,ENSG00000196411,EPHB4,EPHB4,757
472,ENSG00000106123,EPHB6,EPHB6,59
473,ENSG00000275482,EPHB6,EPHB6,59
474,ENSG00000130427,EPO,EPO,195
475,ENSG00000187266,EPOR,EPOR,440
476,ENSG00000141736,ERBB2,ERBB2,234
477,ENSG00000065361,ERBB3,ERBB3,481
478,ENSG00000178568,ERBB4,ERBB4,912
479,ENSG00000124882,EREG,EREG,53
480,ENSG00000178752,ERFE,ERFE,948
481,to_be_reviewed,ERVH48-1,ERVH48-1,15
482,ENSG00000149564,ESAM,ESAM,1080
483,ENSG00000091831,ESR1,ESR1,220
484,ENSG00000140009,ESR2,ESR2,1061
485,ENSG00000092820,EZR,EZR,395
486,ENSG00000126218,F10,F10,142
487,ENSG00000158769,F11R,F11R,1276
488,ENSG00000180210,F2,F2,141
489,ENSG00000183662,FAM19A1,FAM19A1,995
490,ENSG00000183662,TAFA1,TAFA1,995
491,ENSG00000163377,FAM19A4,FAM19A4,1089
492,ENSG00000163377,TAFA4,TAFA4,1089
493,ENSG00000219438,FAM19A5,FAM19A5,994
494,ENSG00000219438,TAFA5,TAFA5,994
495,ENSG00000157870,FAM213B,FAM213B,1038
496,ENSG00000275125,FAM213B,FAM213B,1038
497,ENSG00000157870,PRXL2B,PRXL2B,1038
498,ENSG00000196937,FAM3C,FAM3C,1056
499,ENSG00000026103,FAS,FAS,517
500,ENSG00000117560,FASLG,FASLG,702
501,ENSG00000166147,FBN1,FBN1,626
502,ENSG00000104921,FCER2,FCER2,262
503,ENSG00000143226,FCGR2A,FCGR2A,358
504,ENSG00000104870,FCGRT,FCGRT,771
505,ENSG00000163518,FCRL4,FCRL4,1099
506,ENSG00000137714,FDX1,FDX1,324
507,ENSG00000267673,FDX2,FDX2,966
508,ENSG00000161513,FDXR,FDXR,491
509,ENSG00000126262,FFAR2,FFAR2,68
510,ENSG00000171560,FGA,FGA,205
511,ENSG00000171564,FGB,FGB,206
512,ENSG00000113578,FGF1,FGF1,251
513,ENSG00000070193,FGF10,FGF10,65
514,ENSG00000158815,FGF17,FGF17,83
515,ENSG00000156427,FGF18,FGF18,112
516,ENSG00000162344,FGF19,FGF19,131
517,ENSG00000138685,FGF2,FGF2,303
518,ENSG00000078579,FGF20,FGF20,1187
519,ENSG00000105550,FGF21,FGF21,1203
520,ENSG00000070388,FGF22,FGF22,1182
521,ENSG00000118972,FGF23,FGF23,1147
522,ENSG00000186895,FGF3,FGF3,349
523,ENSG00000075388,FGF4,FGF4,292
524,ENSG00000138675,FGF5,FGF5,352
525,ENSG00000111241,FGF6,FGF6,333
526,ENSG00000140285,FGF7,FGF7,478
527,ENSG00000107831,FGF8,FGF8,764
528,ENSG00000102678,FGF9,FGF9,583
529,ENSG00000077782,FGFR1,FGFR1,347
530,ENSG00000066468,FGFR2,FGFR2,479
531,ENSG00000068078,FGFR3,FGFR3,492
532,ENSG00000160867,FGFR4,FGFR4,489
533,ENSG00000127418,FGFRL1,FGFRL1,1017
534,ENSG00000171557,FGG,FGG,207
535,ENSG00000104760,FGL1,FGL1,848
536,ENSG00000102755,FLT1,FLT1,426
537,ENSG00000122025,FLT3,FLT3,632
538,ENSG00000090554,FLT3LG,FLT3LG,724
539,ENSG00000037280,FLT4,FLT4,628
540,ENSG00000115414,FN1,FN1,209
541,ENSG00000171051,FPR1,FPR1,470
542,ENSG00000171049,FPR2,FPR2,511
543,ENSG00000187474,FPR3,FPR3,510
544,ENSG00000162998,FRZB,FRZB,1063
545,ENSG00000131808,FSHB,FSHB,166
546,ENSG00000170820,FSHR,FSHR,501
547,ENSG00000167996,FTH1,FTH1,219
548,ENSG00000087086,FTL,FTL,218
549,ENSG00000157240,FZD1,FZD1,1260
550,ENSG00000111432,FZD10,FZD10,1252
551,ENSG00000180340,FZD2,FZD2,892
552,ENSG00000104290,FZD3,FZD3,1191
553,ENSG00000174804,FZD4,FZD4,1251
554,ENSG00000163251,FZD5,FZD5,868
555,ENSG00000164930,FZD6,FZD6,84
556,ENSG00000155760,FZD7,FZD7,98
557,ENSG00000177283,FZD8,FZD8,1158
558,ENSG00000188763,FZD9,FZD9,16
559,ENSG00000069482,GAL,GAL,490
560,ENSG00000197487,GALP,GALP,1224
561,ENSG00000166573,GALR1,GALR1,695
562,ENSG00000182687,GALR2,GALR2,75
563,ENSG00000128310,GALR3,GALR3,92
564,ENSG00000180447,GAS1,GAS1,760
565,ENSG00000183087,GAS6,GAS6,893
566,ENSG00000184502,GAST,GAST,180
567,ENSG00000115263,GCG,GCG,174
568,ENSG00000215644,GCGR,GCGR,696
569,ENSG00000130283,GDF1,GDF1,534
570,ENSG00000266524,GDF10,GDF10,767
571,ENSG00000135414,GDF11,GDF11,123
572,ENSG00000130513,GDF15,GDF15,1125
573,ENSG00000263761,GDF2,GDF2,1245
574,ENSG00000184344,GDF3,GDF3,1195
575,ENSG00000125965,GDF5,GDF5,673
576,ENSG00000156466,GDF6,GDF6,965
577,ENSG00000143869,GDF7,GDF7,993
578,ENSG00000164404,GDF9,GDF9,85
579,ENSG00000168621,GDNF,GDNF,648
580,ENSG00000151892,GFRA1,GFRA1,772
581,ENSG00000168546,GFRA2,GFRA2,29
582,ENSG00000146013,GFRA3,GFRA3,91
583,ENSG00000125861,GFRA4,GFRA4,1149
584,ENSG00000187871,GFRAL,GFRAL,979
585,ENSG00000100031,GGT1,GGT1,444
586,ENSG00000286070,GGT1,GGT1,444
587,ENSG00000099998,GGT5,GGT5,630
588,ENSG00000259384,GH1,GH1,169
589,ENSG00000136487,GH2,GH2,170
590,ENSG00000112964,GHR,GHR,338
591,ENSG00000118702,GHRH,GHRH,176
592,ENSG00000106128,GHRHR,GHRHR,822
593,ENSG00000157017,GHRL,GHRL,1234
594,ENSG00000121853,GHSR,GHSR,1065
595,ENSG00000159224,GIP,GIP,311
596,ENSG00000010310,GIPR,GIPR,709
597,ENSG00000090863,GLG1,GLG1,1067
598,ENSG00000112164,GLP1R,GLP1R,679
599,ENSG00000065325,GLP2R,GLP2R,135
600,ENSG00000101958,GLRA2,GLRA2,496
601,ENSG00000147437,GNRH1,GNRH1,157
602,ENSG00000125787,GNRH2,GNRH2,73
603,ENSG00000109163,GNRHR,GNRHR,577
604,to_be_reviewed,GNRHR2,GNRHR2,1097
605,ENSG00000185245,GP1BA,GP1BA,272
606,ENSG00000203618,GP1BB,GP1BB,363
607,ENSG00000147257,GPC3,GPC3,735
608,ENSG00000164850,GPER1,GPER1,1112
609,ENSG00000149735,GPHA2,GPHA2,1106
610,ENSG00000179600,GPHB5,GPHB5,1005
611,ENSG00000105220,GPI,GPI,263
612,ENSG00000282019,GPI,GPI,263
613,ENSG00000183671,GPR1,GPR1,687
614,ENSG00000283448,GPR1,GPR1,687
615,ENSG00000165370,GPR101,GPR101,1096
616,ENSG00000101850,GPR143,GPR143,744
617,ENSG00000154165,GPR15,GPR15,720
618,ENSG00000173250,GPR151,GPR151,1046
619,ENSG00000175514,GPR152,GPR152,1044
620,ENSG00000144230,GPR17,GPR17,864
621,ENSG00000183150,GPR19,GPR19,920
622,ENSG00000170128,GPR25,GPR25,17
623,ENSG00000178623,GPR35,GPR35,1178
624,ENSG00000170775,GPR37,GPR37,61
625,ENSG00000170075,GPR37L1,GPR37L1,93
626,ENSG00000126251,GPR42,GPR42,67
627,ENSG00000135898,GPR55,GPR55,1267
628,ENSG00000119737,GPR75,GPR75,133
629,ENSG00000167191,GPRC5B,GPRC5B,1212
630,ENSG00000111291,GPRC5D,GPRC5D,1211
631,ENSG00000183454,GRIN2A,GRIN2A,853
632,ENSG00000273079,GRIN2B,GRIN2B,858
633,ENSG00000161509,GRIN2C,GRIN2C,903
634,ENSG00000105464,GRIN2D,GRIN2D,62
635,ENSG00000030582,GRN,GRN,545
636,ENSG00000134443,GRP,GRP,273
637,ENSG00000126010,GRPR,GRPR,569
638,ENSG00000197273,GUCA2A,GUCA2A,823
639,ENSG00000044012,GUCA2B,GUCA2B,935
640,ENSG00000070019,GUCY2C,GUCY2C,512
641,ENSG00000135077,HAVCR2,HAVCR2,1042
642,ENSG00000113070,HBEGF,HBEGF,1108
643,ENSG00000161610,HCRT,HCRT,76
644,ENSG00000121764,HCRTR1,HCRTR1,77
645,ENSG00000137252,HCRTR2,HCRTR2,78
646,ENSG00000126264,HCST,HCST,1230
647,ENSG00000140287,HDC,HDC,439
648,ENSG00000013583,HEBP1,HEBP1,1201
649,ENSG00000010704,HFE,HFE,946
650,ENSG00000019991,HGF,HGF,383
651,ENSG00000164161,HHIP,HHIP,1101
652,ENSG00000235657,HLA-A,HLA-A,7
653,ENSG00000231834,HLA-A,HLA-A,7
654,ENSG00000224320,HLA-A,HLA-A,7
655,ENSG00000223980,HLA-A,HLA-A,7
656,ENSG00000206505,HLA-A,HLA-A,7
657,ENSG00000206503,HLA-A,HLA-A,7
658,ENSG00000229215,HLA-A,HLA-A,7
659,ENSG00000223532,HLA-B,HLA-B,8
660,ENSG00000206450,HLA-B,HLA-B,8
661,ENSG00000234745,HLA-B,HLA-B,8
662,ENSG00000228964,HLA-B,HLA-B,8
663,ENSG00000224608,HLA-B,HLA-B,8
664,ENSG00000232126,HLA-B,HLA-B,8
665,ENSG00000206452,HLA-C,HLA-C,9
666,ENSG00000206435,HLA-C,HLA-C,9
667,ENSG00000228299,HLA-C,HLA-C,9
668,ENSG00000204525,HLA-C,HLA-C,9
669,ENSG00000237022,HLA-C,HLA-C,9
670,ENSG00000225691,HLA-C,HLA-C,9
671,ENSG00000231389,HLA-DPA1,HLA-DPA1,10
672,ENSG00000223865,HLA-DPB1,HLA-DPB1,11
673,ENSG00000232629,HLA-DQB2,HLA-DQB2,12
674,ENSG00000196126,HLA-DRB1,HLA-DRB1,13
675,ENSG00000229252,HLA-E,HLA-E,375
676,ENSG00000236632,HLA-E,HLA-E,375
677,ENSG00000206493,HLA-E,HLA-E,375
678,ENSG00000230254,HLA-E,HLA-E,375
679,ENSG00000204592,HLA-E,HLA-E,375
680,ENSG00000233904,HLA-E,HLA-E,375
681,ENSG00000225201,HLA-E,HLA-E,375
682,ENSG00000204642,HLA-F,HLA-F,563
683,ENSG00000229698,HLA-F,HLA-F,563
684,ENSG00000237508,HLA-F,HLA-F,563
685,ENSG00000235220,HLA-F,HLA-F,563
686,ENSG00000206509,HLA-F,HLA-F,563
687,ENSG00000137403,HLA-F,HLA-F,563
688,ENSG00000233095,HLA-G,HLA-G,422
689,ENSG00000206506,HLA-G,HLA-G,422
690,ENSG00000237216,HLA-G,HLA-G,422
691,ENSG00000235346,HLA-G,HLA-G,422
692,ENSG00000276051,HLA-G,HLA-G,422
693,ENSG00000230413,HLA-G,HLA-G,422
694,ENSG00000235680,HLA-G,HLA-G,422
695,ENSG00000204632,HLA-G,HLA-G,422
696,ENSG00000196639,HRH1,HRH1,618
697,ENSG00000113749,HRH2,HRH2,505
698,ENSG00000101180,HRH3,HRH3,1271
699,ENSG00000134489,HRH4,HRH4,1156
700,ENSG00000108786,HSD17B1,HSD17B1,379
701,ENSG00000149084,HSD17B12,HSD17B12,950
702,ENSG00000130948,HSD17B3,HSD17B3,638
703,ENSG00000025423,HSD17B6,HSD17B6,42
704,ENSG00000203857,HSD3B1,HSD3B1,378
705,ENSG00000178394,HTR1A,HTR1A,298
706,ENSG00000135312,HTR1B,HTR1B,538
707,ENSG00000179546,HTR1D,HTR1D,537
708,ENSG00000168830,HTR1E,HTR1E,543
709,ENSG00000179097,HTR1F,HTR1F,576
710,ENSG00000102468,HTR2A,HTR2A,539
711,ENSG00000135914,HTR2B,HTR2B,664
712,ENSG00000147246,HTR2C,HTR2C,541
713,ENSG00000166736,HTR3A,HTR3A,690
714,ENSG00000149305,HTR3B,HTR3B,121
715,ENSG00000178084,HTR3C,HTR3C,1051
716,ENSG00000186090,HTR3D,HTR3D,989
717,ENSG00000186038,HTR3E,HTR3E,2
718,ENSG00000164270,HTR4,HTR4,875
719,ENSG00000157219,HTR5A,HTR5A,699
720,ENSG00000158748,HTR6,HTR6,731
721,ENSG00000148680,HTR7,HTR7,608
722,ENSG00000121351,IAPP,IAPP,340
723,ENSG00000090339,ICAM1,ICAM1,253
724,ENSG00000108622,ICAM2,ICAM2,370
725,ENSG00000076662,ICAM3,ICAM3,599
726,ENSG00000105371,ICAM4,ICAM4,900
727,ENSG00000163600,ICOS,ICOS,1281
728,ENSG00000160223,ICOSLG,ICOSLG,101
729,ENSG00000119912,IDE,IDE,387
730,ENSG00000197919,IFNA1,IFNA1,183
731,ENSG00000233816,IFNA13,IFNA13,183
732,ENSG00000197919,IFNA1,IFNA1,14
733,ENSG00000186803,IFNA10,IFNA10,185
734,ENSG00000228083,IFNA14,IFNA14,189
735,ENSG00000147885,IFNA16,IFNA16,241
736,ENSG00000234829,IFNA17,IFNA17,190
737,ENSG00000188379,IFNA2,IFNA2,184
738,ENSG00000137080,IFNA21,IFNA21,187
739,ENSG00000236637,IFNA4,IFNA4,240
740,ENSG00000147873,IFNA5,IFNA5,188
741,ENSG00000120235,IFNA6,IFNA6,239
742,ENSG00000214042,IFNA7,IFNA7,186
743,ENSG00000120242,IFNA8,IFNA8,597
744,ENSG00000142166,IFNAR1,IFNAR1,419
745,ENSG00000159110,IFNAR2,IFNAR2,710
746,ENSG00000171855,IFNB1,IFNB1,191
747,ENSG00000184995,IFNE,IFNE,999
748,ENSG00000111537,IFNG,IFNG,192
749,ENSG00000027697,IFNGR1,IFNGR1,394
750,ENSG00000262795,IFNGR2,IFNGR2,642
751,ENSG00000159128,IFNGR2,IFNGR2,642
752,ENSG00000147896,IFNK,IFNK,1220
753,ENSG00000182393,IFNL1,IFNL1,1007
754,ENSG00000183709,IFNL2,IFNL2,1013
755,ENSG00000197110,IFNL3,IFNL3,1012
756,ENSG00000185436,IFNLR1,IFNLR1,1008
757,ENSG00000177047,IFNW1,IFNW1,238
758,ENSG00000017427,IGF1,IGF1,242
759,ENSG00000140443,IGF1R,IGF1R,278
760,ENSG00000167244,IGF2,IGF2,179
761,ENSG00000284779,IGF2,,179
762,ENSG00000197081,IGF2R,IGF2R,351
763,ENSG00000146674,IGFBP3,IGFBP3,425
764,ENSG00000188293,IGFL1,IGFL1,969
765,ENSG00000204866,IGFL2,IGFL2,973
766,ENSG00000188624,IGFL3,IGFL3,976
767,ENSG00000126246,IGFLR1,IGFLR1,1162
768,ENSG00000163501,IHH,IHH,897
769,ENSG00000136634,IL10,IL10,487
770,ENSG00000110324,IL10RA,IL10RA,876
771,ENSG00000243646,IL10RB,IL10RB,844
772,ENSG00000095752,IL11,IL11,464
773,ENSG00000137070,IL11RA,IL11RA,898
774,ENSG00000168811,IL12A,IL12A,558
775,ENSG00000113302,IL12B,IL12B,559
776,ENSG00000096996,IL12RB1,IL12RB1,670
777,ENSG00000081985,IL12RB2,IL12RB2,1115
778,ENSG00000169194,IL13,IL13,614
779,ENSG00000131724,IL13RA1,IL13RA1,795
780,ENSG00000123496,IL13RA2,IL13RA2,899
781,ENSG00000164136,IL15,IL15,654
782,ENSG00000134470,IL15RA,IL15RA,861
783,ENSG00000172349,IL16,IL16,882
784,ENSG00000112115,IL17A,IL17A,928
785,ENSG00000124391,IL17C,IL17C,1219
786,ENSG00000112116,IL17F,IL17F,1098
787,ENSG00000177663,IL17RA,IL17RA,1083
788,ENSG00000056736,IL17RB,IL17RB,1200
789,ENSG00000163702,IL17RC,IL17RC,1022
790,ENSG00000163701,IL17RE,IL17RE,1030
791,ENSG00000150782,IL18,IL18,887
792,ENSG00000115604,IL18R1,IL18R1,870
793,ENSG00000115607,IL18RAP,IL18RAP,120
794,ENSG00000142224,IL19,IL19,1240
795,ENSG00000115008,IL1A,IL1A,193
796,ENSG00000125538,IL1B,IL1B,194
797,ENSG00000136697,IL1F10,IL1F10,1050
798,ENSG00000115594,IL1R1,IL1R1,388
799,ENSG00000115590,IL1R2,IL1R2,536
800,ENSG00000196083,IL1RAP,IL1RAP,1192
801,ENSG00000169306,IL1RAPL1,IL1RAPL1,1216
802,ENSG00000115602,IL1RL1,IL1RL1,811
803,ENSG00000115598,IL1RL2,IL1RL2,1169
804,ENSG00000136689,IL1RN,IL1RN,433
805,ENSG00000109471,IL2,IL2,783
806,ENSG00000162891,IL20,IL20,1208
807,ENSG00000016402,IL20RA,IL20RA,1242
808,ENSG00000174564,IL20RB,IL20RB,978
809,ENSG00000138684,IL21,IL21,1172
810,ENSG00000103522,IL21R,IL21R,1173
811,ENSG00000127318,IL22,IL22,1148
812,ENSG00000142677,IL22RA1,IL22RA1,1019
813,ENSG00000110944,IL23A,IL23A,1190
814,ENSG00000162594,IL23R,IL23R,957
815,ENSG00000162892,IL24,IL24,856
816,ENSG00000166090,IL25,IL25,1152
817,ENSG00000111536,IL26,IL26,1193
818,ENSG00000197272,IL27,IL27,1028
819,ENSG00000104998,IL27RA,IL27RA,971
820,ENSG00000134460,IL2RA,IL2RA,196
821,ENSG00000100385,IL2RB,IL2RB,389
822,ENSG00000147168,IL2RG,IL2RG,585
823,ENSG00000164399,IL3,IL3,296
824,ENSG00000137033,IL33,IL33,132
825,ENSG00000157368,IL34,IL34,987
826,ENSG00000136694,IL36A,IL36A,1239
827,ENSG00000136696,IL36B,IL36B,1214
828,ENSG00000136688,IL36G,IL36G,1215
829,ENSG00000136695,IL36RN,IL36RN,1228
830,ENSG00000125571,IL37,IL37,1213
831,ENSG00000185291,IL3RA,IL3RA,530
832,ENSG00000113520,IL4,IL4,249
833,ENSG00000077238,IL4R,IL4R,502
834,ENSG00000113525,IL5,IL5,250
835,ENSG00000091181,IL5RA,IL5RA,810
836,ENSG00000136244,IL6,IL6,252
837,ENSG00000160712,IL6R,IL6R,297
838,ENSG00000134352,IL6ST,IL6ST,649
839,ENSG00000104432,IL7,IL7,364
840,ENSG00000168685,IL7R,IL7R,418
841,ENSG00000145839,IL9,IL9,393
842,ENSG00000124334,IL9R,IL9R,808
843,ENSG00000123999,INHA,INHA,248
844,ENSG00000122641,INHBA,INHBA,286
845,ENSG00000163083,INHBB,INHBB,307
846,ENSG00000175189,INHBC,INHBC,766
847,ENSG00000139269,INHBE,INHBE,780
848,ENSG00000254647,INS,INS,178
849,ENSG00000248099,INSL3,INSL3,734
850,ENSG00000172410,INSL5,INSL5,1272
851,ENSG00000171105,INSR,INSR,256
852,ENSG00000213949,ITGA1,ITGA1,773
853,ENSG00000143127,ITGA10,ITGA10,107
854,ENSG00000137809,ITGA11,ITGA11,1248
855,ENSG00000164171,ITGA2,ITGA2,420
856,ENSG00000005961,ITGA2B,ITGA2B,287
857,ENSG00000005884,ITGA3,ITGA3,521
858,ENSG00000115232,ITGA4,ITGA4,371
859,ENSG00000161638,ITGA5,ITGA5,293
860,ENSG00000091409,ITGA6,ITGA6,495
861,ENSG00000135424,ITGA7,ITGA7,877
862,ENSG00000077943,ITGA8,ITGA8,752
863,ENSG00000144668,ITGA9,ITGA9,880
864,ENSG00000156886,ITGAD,ITGAD,867
865,ENSG00000083457,ITGAE,ITGAE,643
866,ENSG00000005844,ITGAL,ITGAL,458
867,ENSG00000169896,ITGAM,ITGAM,343
868,ENSG00000138448,ITGAV,ITGAV,264
869,ENSG00000140678,ITGAX,ITGAX,459
870,ENSG00000150093,ITGB1,ITGB1,254
871,ENSG00000160255,ITGB2,ITGB2,246
872,ENSG00000259207,ITGB3,ITGB3,245
873,ENSG00000132470,ITGB4,ITGB4,405
874,ENSG00000082781,ITGB5,ITGB5,429
875,ENSG00000115221,ITGB6,ITGB6,434
876,ENSG00000139626,ITGB7,ITGB7,522
877,ENSG00000105855,ITGB8,ITGB8,523
878,ENSG00000101384,JAG1,JAG1,793
879,ENSG00000184916,JAG2,JAG2,1262
880,ENSG00000154721,JAM2,JAM2,779
881,ENSG00000166086,JAM3,JAM3,1130
882,ENSG00000128052,KDR,KDR,629
883,ENSG00000273794,KIR2DL1,KIR2DL1,682
884,ENSG00000125498,KIR2DL1,KIR2DL1,682
885,ENSG00000278495,KIR2DL1,KIR2DL1,682
886,ENSG00000273510,KIR2DL1,KIR2DL1,682
887,ENSG00000278821,KIR2DL1,KIR2DL1,682
888,ENSG00000277833,KIR2DL1,KIR2DL1,682
889,ENSG00000278738,KIR2DL1,KIR2DL1,682
890,ENSG00000278207,KIR2DL1,KIR2DL1,682
891,ENSG00000275196,KIR2DL1,KIR2DL1,682
892,ENSG00000275276,KIR2DL1,KIR2DL1,682
893,ENSG00000274782,KIR2DL1,KIR2DL1,682
894,ENSG00000278755,KIR2DL1,KIR2DL1,682
895,ENSG00000277616,KIR2DL1,KIR2DL1,682
896,ENSG00000275750,KIR2DL1,KIR2DL1,682
897,ENSG00000274926,KIR2DL1,KIR2DL1,682
898,ENSG00000277356,KIR2DL1,KIR2DL1,682
899,ENSG00000276625,KIR2DL1,KIR2DL1,682
900,ENSG00000276820,KIR2DL1,KIR2DL1,682
901,ENSG00000278805,KIR2DL1,KIR2DL1,682
902,ENSG00000274692,KIR2DL1,KIR2DL1,682
903,ENSG00000284145,KIR2DL1,KIR2DL1,682
904,ENSG00000284530,KIR2DL1,KIR2DL1,682
905,ENSG00000284401,KIR2DL1,KIR2DL1,682
906,ENSG00000284514,KIR2DL1,KIR2DL1,682
907,ENSG00000283723,KIR2DL1,KIR2DL1,682
908,ENSG00000284551,KIR2DL1,KIR2DL1,682
909,ENSG00000284347,KIR2DL1,KIR2DL1,682
910,ENSG00000275522,KIR2DL1,KIR2DL1,682
911,ENSG00000278503,KIR2DL1,KIR2DL1,682
912,ENSG00000284100,KIR2DL1,KIR2DL1,682
913,ENSG00000275080,KIR2DL1,KIR2DL1,682
914,ENSG00000278248,KIR2DL1,KIR2DL1,682
915,ENSG00000276310,KIR2DL1,KIR2DL1,682
916,ENSG00000275623,KIR2DL3,KIR2DL3,683
917,ENSG00000273947,KIR2DL3,KIR2DL3,683
918,ENSG00000278369,KIR2DL3,KIR2DL3,683
919,ENSG00000275008,KIR2DL3,KIR2DL3,683
920,ENSG00000284132,KIR2DL3,KIR2DL3,683
921,ENSG00000284044,KIR2DL3,KIR2DL3,683
922,ENSG00000284504,KIR2DL3,KIR2DL3,683
923,ENSG00000273887,KIR2DL3,KIR2DL3,683
924,ENSG00000284236,KIR2DL3,KIR2DL3,683
925,ENSG00000275658,KIR2DL3,KIR2DL3,683
926,ENSG00000284241,KIR2DL3,KIR2DL3,683
927,ENSG00000243772,KIR2DL3,KIR2DL3,683
928,ENSG00000283996,KIR2DL3,KIR2DL3,683
929,ENSG00000277924,KIR2DL3,KIR2DL3,683
930,ENSG00000277484,KIR2DL3,KIR2DL3,683
931,ENSG00000284333,KIR2DL3,KIR2DL3,683
932,ENSG00000283702,KIR2DL3,KIR2DL3,683
933,ENSG00000278327,KIR2DL3,KIR2DL3,683
934,ENSG00000274830,KIR2DL3,KIR2DL3,683
935,ENSG00000284510,KIR2DL3,KIR2DL3,683
936,ENSG00000283790,KIR2DL3,KIR2DL3,683
937,ENSG00000276459,KIR2DL3,KIR2DL3,683
938,ENSG00000283708,KIR2DL3,KIR2DL3,683
939,ENSG00000274402,KIR2DL3,KIR2DL3,683
940,ENSG00000276218,KIR2DL3,KIR2DL3,683
941,ENSG00000276590,KIR2DL3,KIR2DL3,683
942,ENSG00000274952,KIR2DL3,KIR2DL3,683
943,ENSG00000277317,KIR2DL3,KIR2DL3,683
944,ENSG00000274410,KIR2DL3,KIR2DL3,683
945,ENSG00000274108,KIR2DL3,KIR2DL3,683
946,ENSG00000277554,KIR2DL3,KIR2DL3,683
947,ENSG00000275288,KIR3DL1,KIR3DL1,684
948,ENSG00000284426,KIR3DL1,KIR3DL1,684
949,ENSG00000167633,KIR3DL1,KIR3DL1,684
950,ENSG00000276423,KIR3DL1,KIR3DL1,684
951,ENSG00000274036,KIR3DL1,KIR3DL1,684
952,ENSG00000284342,KIR3DL1,KIR3DL1,684
953,ENSG00000283954,KIR3DL1,KIR3DL1,684
954,ENSG00000275659,KIR3DL1,KIR3DL1,684
955,ENSG00000274920,KIR3DL1,KIR3DL1,684
956,ENSG00000277175,KIR3DL1,KIR3DL1,684
957,ENSG00000274146,KIR3DL1,KIR3DL1,684
958,ENSG00000283827,KIR3DL1,KIR3DL1,684
959,ENSG00000275486,KIR3DL1,KIR3DL1,684
960,ENSG00000278368,KIR3DL1,KIR3DL1,684
961,ENSG00000278079,KIR3DL1,KIR3DL1,684
962,ENSG00000275545,KIR3DL1,KIR3DL1,684
963,ENSG00000273518,KIR3DL1,KIR3DL1,684
964,ENSG00000275717,KIR3DL1,KIR3DL1,684
965,ENSG00000276379,KIR3DL1,KIR3DL1,684
966,ENSG00000275786,KIR3DL1,KIR3DL1,684
967,ENSG00000284177,KIR3DL1,KIR3DL1,684
968,ENSG00000276501,KIR3DL1,KIR3DL1,684
969,ENSG00000277272,KIR3DL1,KIR3DL1,684
970,ENSG00000284093,KIR3DL1,KIR3DL1,684
971,ENSG00000284589,KIR3DL1,KIR3DL1,684
972,ENSG00000283729,KIR3DL1,KIR3DL1,684
973,ENSG00000274948,KIR3DL1,KIR3DL1,684
974,ENSG00000276329,KIR3DL1,KIR3DL1,684
975,ENSG00000278856,KIR3DL1,KIR3DL1,684
976,ENSG00000283731,KIR3DL1,KIR3DL1,684
977,ENSG00000273775,KIR3DL1,KIR3DL1,684
978,ENSG00000278427,KIR3DL1,KIR3DL1,684
979,ENSG00000275629,KIR3DL2,KIR3DL2,685
980,ENSG00000278850,KIR3DL2,KIR3DL2,685
981,ENSG00000278656,KIR3DL2,KIR3DL2,685
982,ENSG00000276424,KIR3DL2,KIR3DL2,685
983,ENSG00000278707,KIR3DL2,KIR3DL2,685
984,ENSG00000273735,KIR3DL2,KIR3DL2,685
985,ENSG00000278710,KIR3DL2,KIR3DL2,685
986,ENSG00000276882,KIR3DL2,KIR3DL2,685
987,ENSG00000278758,KIR3DL2,KIR3DL2,685
988,ENSG00000275511,KIR3DL2,KIR3DL2,685
989,ENSG00000275566,KIR3DL2,KIR3DL2,685
990,ENSG00000277709,KIR3DL2,KIR3DL2,685
991,ENSG00000273911,KIR3DL2,KIR3DL2,685
992,ENSG00000284192,KIR3DL2,KIR3DL2,685
993,ENSG00000284053,KIR3DL2,KIR3DL2,685
994,ENSG00000276739,KIR3DL2,KIR3DL2,685
995,ENSG00000240403,KIR3DL2,KIR3DL2,685
996,ENSG00000278361,KIR3DL2,KIR3DL2,685
997,ENSG00000278442,KIR3DL2,KIR3DL2,685
998,ENSG00000278726,KIR3DL2,KIR3DL2,685
999,ENSG00000276004,KIR3DL2,KIR3DL2,685
1000,ENSG00000275626,KIR3DL2,KIR3DL2,685
1001,ENSG00000278474,KIR3DL2,KIR3DL2,685
1002,ENSG00000275416,KIR3DL2,KIR3DL2,685
1003,ENSG00000284101,KIR3DL2,KIR3DL2,685
1004,ENSG00000274722,KIR3DL2,KIR3DL2,685
1005,ENSG00000276357,KIR3DL2,KIR3DL2,685
1006,ENSG00000284466,KIR3DL2,KIR3DL2,685
1007,ENSG00000284213,KIR3DL2,KIR3DL2,685
1008,ENSG00000284295,KIR3DL2,KIR3DL2,685
1009,ENSG00000284381,KIR3DL2,KIR3DL2,685
1010,ENSG00000277181,KIR3DL2,KIR3DL2,685
1011,ENSG00000277982,KIR3DL2,KIR3DL2,685
1012,ENSG00000284384,KIR3DL2,KIR3DL2,685
1013,ENSG00000275262,KIR3DL2,KIR3DL2,685
1014,ENSG00000284063,KIR3DL2,KIR3DL2,685
1015,ENSG00000278809,KIR3DL2,KIR3DL2,685
1016,ENSG00000283951,KIR3DL2,KIR3DL2,685
1017,ENSG00000284528,KIR3DL2,KIR3DL2,685
1018,ENSG00000278403,KIR3DL2,KIR3DL2,685
1019,ENSG00000275083,KIR3DL2,KIR3DL2,685
1020,ENSG00000284046,KIR3DL2,KIR3DL2,685
1021,ENSG00000283975,KIR3DL2,KIR3DL2,685
1022,ENSG00000275838,KIR3DL2,KIR3DL2,685
1023,ENSG00000275037,KIR3DS1,KIR3DS1,902
1024,ENSG00000276534,KIR3DS1,KIR3DS1,902
1025,ENSG00000275608,KIR3DS1,KIR3DS1,902
1026,ENSG00000274283,KIR3DS1,KIR3DS1,902
1027,ENSG00000274465,KIR3DS1,KIR3DS1,902
1028,ENSG00000276498,KIR3DS1,KIR3DS1,902
1029,ENSG00000275434,KIR3DS1,KIR3DS1,902
1030,ENSG00000170498,KISS1,KISS1,918
1031,ENSG00000116014,KISS1R,KISS1R,1075
1032,ENSG00000157404,KIT,KIT,331
1033,ENSG00000049130,KITLG,KITLG,472
1034,ENSG00000133116,KL,KL,1236
1035,ENSG00000134962,KLB,KLB,1006
1036,ENSG00000111796,KLRB1,KLRB1,855
1037,ENSG00000134545,KLRC1,KLRC1,525
1038,ENSG00000205809,KLRC2,KLRC2,526
1039,ENSG00000205810,KLRC3,KLRC3,841
1040,ENSG00000134539,KLRD1,KLRD1,859
1041,ENSG00000150045,KLRF1,KLRF1,1218
1042,ENSG00000256797,KLRF2,KLRF2,6
1043,ENSG00000139187,KLRG1,KLRG1,1082
1044,ENSG00000188883,KLRG2,KLRG2,1
1045,ENSG00000213809,KLRK1,KLRK1,527
1046,ENSG00000113889,KNG1,KNG1,150
1047,ENSG00000183762,KREMEN1,KREMEN1,1091
1048,ENSG00000131650,KREMEN2,KREMEN2,1025
1049,ENSG00000198910,L1CAM,L1CAM,587
1050,ENSG00000089692,LAG3,LAG3,435
1051,ENSG00000167613,LAIR1,LAIR1,962
1052,ENSG00000278154,LAIR1,LAIR1,962
1053,ENSG00000276053,LAIR1,LAIR1,962
1054,ENSG00000274110,LAIR1,LAIR1,962
1055,ENSG00000276163,LAIR1,LAIR1,962
1056,ENSG00000053747,LAMA3,LAMA3,938
1057,ENSG00000135862,LAMC1,LAMC1,341
1058,ENSG00000185896,LAMP1,LAMP1,346
1059,ENSG00000182866,LCK,LCK,257
1060,ENSG00000148346,LCN2,LCN2,800
1061,ENSG00000130164,LDLR,LDLR,152
1062,ENSG00000164406,LEAP2,LEAP2,1073
1063,ENSG00000243709,LEFTY1,LEFTY1,109
1064,ENSG00000143768,LEFTY2,LEFTY2,25
1065,ENSG00000174697,LEP,LEP,658
1066,ENSG00000116678,LEPR,LEPR,707
1067,ENSG00000131981,LGALS3,LGALS3,424
1068,ENSG00000168961,LGALS9,LGALS9,19
1069,ENSG00000205213,LGR4,LGR4,1132
1070,ENSG00000139292,LGR5,LGR5,105
1071,ENSG00000133067,LGR6,LGR6,1174
1072,ENSG00000104826,LHB,LHB,167
1073,ENSG00000138039,LHCGR,LHCGR,493
1074,ENSG00000128342,LIF,LIF,390
1075,ENSG00000113594,LIFR,LIFR,671
1076,ENSG00000276798,LILRA4,LILRA4,782
1077,ENSG00000239961,LILRA4,LILRA4,782
1078,ENSG00000277092,LILRA4,LILRA4,782
1079,ENSG00000274185,LILRA4,LILRA4,782
1080,ENSG00000104972,LILRB1,LILRB1,1036
1081,ENSG00000277134,LILRB1,LILRB1,1036
1082,ENSG00000274669,LILRB1,LILRB1,1036
1083,ENSG00000276452,LILRB1,LILRB1,1036
1084,ENSG00000277807,LILRB1,LILRB1,1036
1085,ENSG00000274513,LILRB2,LILRB2,1016
1086,ENSG00000131042,LILRB2,LILRB2,1016
1087,ENSG00000276146,LILRB2,LILRB2,1016
1088,ENSG00000277751,LILRB2,LILRB2,1016
1089,ENSG00000275463,LILRB2,LILRB2,1016
1090,ENSG00000278279,LILRB4,LILRB4,1035
1091,ENSG00000276042,LILRB4,LILRB4,1035
1092,ENSG00000186818,LILRB4,LILRB4,1035
1093,ENSG00000275730,LILRB4,LILRB4,1035
1094,ENSG00000278555,LILRB4,LILRB4,1035
1095,ENSG00000107798,LIPA,LIPA,644
1096,ENSG00000123384,LRP1,LRP1,843
1097,ENSG00000134569,LRP4,LRP4,100
1098,ENSG00000162337,LRP5,LRP5,102
1099,ENSG00000281324,LRP6,LRP6,108
1100,ENSG00000070018,LRP6,LRP6,108
1101,ENSG00000157193,LRP8,LRP8,886
1102,ENSG00000163956,LRPAP1,LRPAP1,567
1103,ENSG00000105699,LSR,LSR,1000
1104,ENSG00000226979,LTA,LTA,181
1105,ENSG00000230279,LTA,LTA,181
1106,ENSG00000223919,LTA,LTA,181
1107,ENSG00000226275,LTA,LTA,181
1108,ENSG00000238130,LTA,LTA,181
1109,ENSG00000173503,LTA,LTA,181
1110,ENSG00000231408,LTA,LTA,181
1111,ENSG00000111144,LTA4H,LTA4H,315
1112,ENSG00000223448,LTB,LTB,837
1113,ENSG00000238114,LTB,LTB,837
1114,ENSG00000204487,LTB,LTB,837
1115,ENSG00000206437,LTB,LTB,837
1116,ENSG00000236925,LTB,LTB,837
1117,ENSG00000236237,LTB,LTB,837
1118,ENSG00000227507,LTB,LTB,837
1119,ENSG00000231314,LTB,LTB,837
1120,ENSG00000213903,LTB4R,LTB4R,917
1121,ENSG00000285456,LTB4R,LTB4R,917
1122,ENSG00000285203,LTB4R2,LTB4R2,1189
1123,ENSG00000213906,LTB4R2,LTB4R2,1189
1124,ENSG00000111321,LTBR,LTBR,636
1125,ENSG00000213316,LTC4S,LTC4S,939
1126,ENSG00000283887,LTC4S,LTC4S,939
1127,ENSG00000099866,MADCAM1,MADCAM1,869
1128,ENSG00000019169,MARCO,MARCO,1237
1129,ENSG00000258839,MC1R,MC1R,813
1130,ENSG00000185231,MC2R,MC2R,812
1131,ENSG00000124089,MC3R,MC3R,666
1132,ENSG00000166603,MC4R,MC4R,591
1133,ENSG00000176136,MC5R,MC5R,602
1134,ENSG00000128285,MCHR1,MCHR1,1116
1135,ENSG00000152034,MCHR2,MCHR2,1076
1136,ENSG00000110492,MDK,MDK,477
1137,ENSG00000153208,MERTK,MERTK,852
1138,ENSG00000105976,MET,MET,290
1139,ENSG00000235233,MICA,MICA,942
1140,ENSG00000231225,MICA,MICA,942
1141,ENSG00000204520,MICA,MICA,942
1142,ENSG00000183214,MICA,MICA,942
1143,ENSG00000233051,MICA,MICA,942
1144,ENSG00000234218,MICB,MICB,941
1145,ENSG00000231372,MICB,MICB,941
1146,ENSG00000231179,MICB,MICB,941
1147,ENSG00000224378,MICB,MICB,941
1148,ENSG00000238289,MICB,MICB,941
1149,ENSG00000204516,MICB,MICB,941
1150,ENSG00000206449,MICB,MICB,941
1151,ENSG00000227772,MICB,MICB,941
1152,ENSG00000276701,MIF,MIF,381
1153,ENSG00000240972,MIF,MIF,381
1154,ENSG00000096395,MLN,MLN,362
1155,ENSG00000102539,MLNR,MLNR,70
1156,ENSG00000087245,MMP2,MMP2,285
1157,ENSG00000117400,MPL,MPL,653
1158,ENSG00000260314,MRC1,MRC1,494
1159,ENSG00000011028,MRC2,MRC2,1227
1160,ENSG00000170255,MRGPRX1,MRGPRX1,1087
1161,ENSG00000183695,MRGPRX2,MRGPRX2,1086
1162,ENSG00000110079,MS4A4A,MS4A4A,1085
1163,ENSG00000173531,MST1,MST1,529
1164,ENSG00000164078,MST1R,MST1R,832
1165,ENSG00000138379,MSTN,MSTN,46
1166,to_be_reviewed,MT-RNR2,MT-RNR2,1009
1167,ENSG00000168412,MTNR1A,MTNR1A,703
1168,ENSG00000134640,MTNR1B,MTNR1B,717
1169,ENSG00000030304,MUSK,MUSK,57
1170,ENSG00000105835,NAMPT,NAMPT,681
1171,ENSG00000149294,NCAM1,NCAM1,369
1172,ENSG00000223833,NCR3,NCR3,51
1173,ENSG00000236979,NCR3,NCR3,51
1174,ENSG00000236315,NCR3,NCR3,51
1175,ENSG00000206430,NCR3,NCR3,51
1176,ENSG00000204475,NCR3,NCR3,51
1177,ENSG00000225211,NCR3,NCR3,51
1178,ENSG00000237808,NCR3,NCR3,51
1179,ENSG00000237103,NCR3,NCR3,51
1180,ENSG00000188211,NCR3LG1,NCR3LG1,960
1181,ENSG00000124479,NDP,NDP,807
1182,ENSG00000110400,NECTIN1,NECTIN1,909
1183,ENSG00000130202,NECTIN2,NECTIN2,1059
1184,ENSG00000177707,NECTIN3,NECTIN3,1194
1185,ENSG00000143217,NECTIN4,NECTIN4,1092
1186,ENSG00000184613,NELL2,NELL2,1109
1187,ENSG00000171208,NETO2,NETO2,1023
1188,ENSG00000134259,NGF,NGF,156
1189,ENSG00000064300,NGFR,NGFR,280
1190,ENSG00000197696,NMB,NMB,302
1191,ENSG00000135577,NMBR,NMBR,542
1192,ENSG00000204640,NMS,NMS,951
1193,ENSG00000109255,NMU,NMU,711
1194,ENSG00000171596,NMUR1,NMUR1,1171
1195,ENSG00000132911,NMUR2,NMUR2,1144
1196,ENSG00000156574,NODAL,NODAL,1105
1197,ENSG00000148400,NOTCH1,NOTCH1,692
1198,ENSG00000134250,NOTCH2,NOTCH2,830
1199,ENSG00000074181,NOTCH3,NOTCH3,1254
1200,ENSG00000235396,NOTCH4,NOTCH4,1110
1201,ENSG00000204301,NOTCH4,NOTCH4,1110
1202,ENSG00000238196,NOTCH4,NOTCH4,1110
1203,ENSG00000232339,NOTCH4,NOTCH4,1110
1204,ENSG00000206312,NOTCH4,NOTCH4,1110
1205,ENSG00000234876,NOTCH4,NOTCH4,1110
1206,ENSG00000223355,NOTCH4,NOTCH4,1110
1207,ENSG00000136999,NOV,NOV,712
1208,ENSG00000183979,NPB,NPB,1034
1209,ENSG00000183729,NPBWR1,NPBWR1,705
1210,ENSG00000125522,NPBWR2,NPBWR2,706
1211,ENSG00000277339,NPBWR2,NPBWR2,706
1212,ENSG00000148734,NPFFR1,NPFFR1,1145
1213,ENSG00000175206,NPPA,NPPA,158
1214,ENSG00000120937,NPPB,NPPB,417
1215,ENSG00000163273,NPPC,NPPC,500
1216,ENSG00000169418,NPR1,NPR1,402
1217,ENSG00000159899,NPR2,NPR2,457
1218,ENSG00000113389,NPR3,NPR3,421
1219,ENSG00000214285,NPS,NPS,317
1220,ENSG00000187258,NPSR1,NPSR1,982
1221,ENSG00000105954,NPVF,NPVF,1181
1222,ENSG00000183971,NPW,NPW,1021
1223,ENSG00000164128,NPY1R,NPY1R,518
1224,ENSG00000185149,NPY2R,NPY2R,714
1225,ENSG00000204174,NPY4R,NPY4R,730
1226,ENSG00000164129,NPY5R,NPY5R,921
1227,ENSG00000131408,NR1H2,NR1H2,762
1228,ENSG00000025434,NR1H3,NR1H3,857
1229,ENSG00000012504,NR1H4,NR1H4,1102
1230,ENSG00000144852,NR1I2,NR1I2,104
1231,ENSG00000113580,NR3C1,NR3C1,229
1232,ENSG00000151623,NR3C2,NR3C2,284
1233,ENSG00000157168,NRG1,NRG1,818
1234,ENSG00000158458,NRG2,NRG2,39
1235,ENSG00000185737,NRG3,NRG3,778
1236,ENSG00000169752,NRG4,NRG4,1049
1237,ENSG00000099250,NRP1,NRP1,44
1238,ENSG00000118257,NRP2,NRP2,86
1239,ENSG00000171119,NRTN,NRTN,1119
1240,ENSG00000165802,NSMF,NSMF,984
1241,ENSG00000185652,NTF3,NTF3,462
1242,ENSG00000225950,NTF4,NTF4,605
1243,ENSG00000065320,NTN1,NTN1,128
1244,ENSG00000074527,NTN4,NTN4,1170
1245,ENSG00000198400,NTRK1,NTRK1,236
1246,ENSG00000148053,NTRK2,NTRK2,932
1247,ENSG00000140538,NTRK3,NTRK3,927
1248,ENSG00000133636,NTS,NTS,580
1249,ENSG00000101188,NTSR1,NTSR1,579
1250,ENSG00000171773,NXNL1,NXNL1,1081
1251,ENSG00000106809,OGN,OGN,461
1252,ENSG00000127083,OMD,OMD,1123
1253,ENSG00000116329,OPRD1,OPRD1,655
1254,ENSG00000082556,OPRK1,OPRK1,656
1255,ENSG00000125510,OPRL1,OPRL1,657
1256,ENSG00000277044,OPRL1,OPRL1,657
1257,ENSG00000112038,OPRM1,OPRM1,620
1258,ENSG00000099985,OSM,OSM,374
1259,ENSG00000145623,OSMR,OSMR,1114
1260,ENSG00000188729,OSTN,OSTN,786
1261,ENSG00000162881,OXER1,OXER1,1043
1262,ENSG00000101405,OXT,OXT,159
1263,ENSG00000180914,OXTR,OXTR,571
1264,ENSG00000171631,P2RY6,P2RY6,905
1265,ENSG00000185624,P4HB,P4HB,269
1266,ENSG00000276977,PDCD1,PDCD1,907
1267,ENSG00000188389,PDCD1,PDCD1,907
1268,ENSG00000197646,PDCD1LG2,PDCD1LG2,1127
1269,ENSG00000197461,PDGFA,PDGFA,225
1270,ENSG00000100311,PDGFB,PDGFB,151
1271,ENSG00000145431,PDGFC,PDGFC,1198
1272,ENSG00000170962,PDGFD,PDGFD,1143
1273,ENSG00000134853,PDGFRA,PDGFRA,408
1274,ENSG00000113721,PDGFRB,PDGFRB,310
1275,ENSG00000101327,PDYN,PDYN,163
1276,ENSG00000261371,PECAM1,PECAM1,409
1277,ENSG00000181195,PENK,PENK,162
1278,ENSG00000163737,PF4,PF4,214
1279,ENSG00000119630,PGF,PGF,721
1280,ENSG00000082175,PGR,PGR,259
1281,ENSG00000164040,PGRMC2,PGRMC2,58
1282,ENSG00000085514,PILRA,PILRA,1246
1283,ENSG00000188257,PLA2G2A,PLA2G2A,385
1284,ENSG00000122861,PLAU,PLAU,144
1285,ENSG00000011422,PLAUR,PLAUR,827
1286,ENSG00000129219,PLD2,PLD2,52
1287,ENSG00000122194,PLG,PLG,143
1288,ENSG00000114554,PLXNA1,PLXNA1,1244
1289,ENSG00000076356,PLXNA2,PLXNA2,97
1290,ENSG00000130827,PLXNA3,PLXNA3,743
1291,ENSG00000221866,PLXNA4,PLXNA4,1180
1292,ENSG00000164050,PLXNB1,PLXNB1,69
1293,ENSG00000196576,PLXNB2,PLXNB2,54
1294,ENSG00000198753,PLXNB3,PLXNB3,1250
1295,ENSG00000136040,PLXNC1,PLXNC1,88
1296,ENSG00000004399,PLXND1,PLXND1,1269
1297,ENSG00000183395,PMCH,PMCH,455
1298,ENSG00000141744,PNMT,PNMT,342
1299,ENSG00000168081,PNOC,PNOC,871
1300,ENSG00000128567,PODXL,PODXL,36
1301,ENSG00000114631,PODXL2,PODXL2,1209
1302,ENSG00000115138,POMC,POMC,161
1303,ENSG00000186951,PPARA,PPARA,842
1304,ENSG00000112033,PPARD,PPARD,826
1305,ENSG00000132170,PPARG,PPARG,640
1306,ENSG00000163736,PPBP,PPBP,213
1307,ENSG00000196262,PPIA,PPIA,789
1308,ENSG00000108849,PPY,PPY,177
1309,ENSG00000172179,PRL,PRL,168
1310,ENSG00000071677,PRLH,PRLH,802
1311,ENSG00000119973,PRLHR,PRLHR,719
1312,ENSG00000113494,PRLR,PRLR,412
1313,ENSG00000115718,PROC,PROC,223
1314,ENSG00000101000,PROCR,PROCR,1259
1315,ENSG00000143125,PROK1,PROK1,781
1316,ENSG00000163421,PROK2,PROK2,1176
1317,ENSG00000169618,PROKR1,PROKR1,1039
1318,ENSG00000101292,PROKR2,PROKR2,1029
1319,ENSG00000184500,PROS1,PROS1,268
1320,ENSG00000197746,PSAP,PSAP,275
1321,ENSG00000125650,PSPN,PSPN,90
1322,ENSG00000185920,PTCH1,PTCH1,874
1323,ENSG00000117425,PTCH2,PTCH2,1277
1324,ENSG00000168229,PTGDR,PTGDR,860
1325,ENSG00000183134,PTGDR2,PTGDR2,1275
1326,ENSG00000160951,PTGER1,PTGER1,611
1327,ENSG00000125384,PTGER2,PTGER2,676
1328,ENSG00000050628,PTGER3,PTGER3,675
1329,ENSG00000171522,PTGER4,PTGER4,622
1330,ENSG00000148344,PTGES,PTGES,41
1331,ENSG00000148334,PTGES2,PTGES2,1166
1332,ENSG00000110958,PTGES3,PTGES3,908
1333,ENSG00000122420,PTGFR,PTGFR,674
1334,ENSG00000160013,PTGIR,PTGIR,677
1335,ENSG00000124212,PTGIS,PTGIS,934
1336,ENSG00000106853,PTGR1,PTGR1,901
1337,ENSG00000152266,PTH,PTH,173
1338,ENSG00000160801,PTH1R,PTH1R,828
1339,ENSG00000142538,PTH2,PTH2,1079
1340,ENSG00000144407,PTH2R,PTH2R,715
1341,ENSG00000087494,PTHLH,PTHLH,357
1342,ENSG00000105894,PTN,PTN,468
1343,ENSG00000081237,PTPRC,PTPRC,289
1344,ENSG00000262418,PTPRC,PTPRC,289
1345,ENSG00000273993,PTPRK,PTPRK,911
1346,ENSG00000152894,PTPRK,PTPRK,911
1347,ENSG00000153233,PTPRR,PTPRR,910
1348,ENSG00000105426,PTPRS,PTPRS,866
1349,ENSG00000060656,PTPRU,PTPRU,1060
1350,ENSG00000106278,PTPRZ1,PTPRZ1,497
1351,ENSG00000073008,PVR,PVR,392
1352,ENSG00000131096,PYY,PYY,322
1353,ENSG00000188710,QRFP,QRFP,803
1354,ENSG00000186867,QRFPR,QRFPR,1095
1355,ENSG00000164520,RAET1E,RAET1E,1040
1356,ENSG00000203722,RAET1G,RAET1G,963
1357,ENSG00000155918,RAET1L,RAET1L,958
1358,ENSG00000132329,RAMP1,RAMP1,94
1359,ENSG00000131477,RAMP2,RAMP2,95
1360,ENSG00000122679,RAMP3,RAMP3,96
1361,ENSG00000131759,RARA,RARA,328
1362,ENSG00000077092,RARB,RARB,334
1363,ENSG00000172819,RARG,RARG,372
1364,ENSG00000106538,RARRES2,RARRES2,1122
1365,ENSG00000138207,RBP4,RBP4,210
1366,ENSG00000189056,RELN,RELN,794
1367,ENSG00000143839,REN,REN,145
1368,ENSG00000165731,RET,RET,276
1369,ENSG00000104918,RETN,RETN,1184
1370,ENSG00000137275,RIPK1,RIPK1,872
1371,ENSG00000107018,RLN1,RLN1,237
1372,ENSG00000107014,RLN2,RLN2,226
1373,ENSG00000171136,RLN3,RLN3,1053
1374,ENSG00000026297,RNASET2,RNASET2,33
1375,ENSG00000169855,ROBO1,ROBO1,1279
1376,ENSG00000185008,ROBO2,ROBO2,1179
1377,ENSG00000154134,ROBO3,ROBO3,1090
1378,ENSG00000185483,ROR1,ROR1,815
1379,ENSG00000169071,ROR2,ROR2,816
1380,ENSG00000069667,RORA,RORA,621
1381,ENSG00000198963,RORB,RORB,1062
1382,ENSG00000143365,RORC,RORC,733
1383,ENSG00000047936,ROS1,ROS1,301
1384,ENSG00000105372,RPS19,RPS19,645
1385,ENSG00000169218,RSPO1,RSPO1,944
1386,ENSG00000147655,RSPO2,RSPO2,980
1387,ENSG00000146374,RSPO3,RSPO3,1134
1388,ENSG00000101282,RSPO4,RSPO4,943
1389,ENSG00000171509,RXFP1,RXFP1,1175
1390,ENSG00000133105,RXFP2,RXFP2,1052
1391,ENSG00000277069,RXFP3,RXFP3,1204
1392,ENSG00000182631,RXFP3,RXFP3,1204
1393,ENSG00000173080,RXFP4,RXFP4,1045
1394,ENSG00000186350,RXRA,RXRA,445
1395,ENSG00000235712,RXRB,RXRB,544
1396,ENSG00000227322,RXRB,RXRB,544
1397,ENSG00000204231,RXRB,RXRB,544
1398,ENSG00000231321,RXRB,RXRB,544
1399,ENSG00000206289,RXRB,RXRB,544
1400,ENSG00000228333,RXRB,RXRB,544
1401,ENSG00000143171,RXRG,RXRG,708
1402,ENSG00000163785,RYK,RYK,607
1403,ENSG00000267534,S1PR2,S1PR2,117
1404,ENSG00000173432,SAA1,SAA1,319
1405,ENSG00000168079,SCARA5,SCARA5,986
1406,ENSG00000161055,SCGB3A1,SCGB3A1,1100
1407,ENSG00000070031,SCT,SCT,312
1408,ENSG00000274473,SCT,SCT,312
1409,ENSG00000080293,SCTR,SCTR,697
1410,ENSG00000007908,SELE,SELE,414
1411,ENSG00000188404,SELL,SELL,380
1412,ENSG00000174175,SELP,SELP,404
1413,ENSG00000110876,SELPLG,SELPLG,891
1414,ENSG00000075213,SEMA3A,SEMA3A,895
1415,ENSG00000075223,SEMA3C,SEMA3C,1124
1416,ENSG00000170381,SEMA3E,SEMA3E,55
1417,ENSG00000001617,SEMA3F,SEMA3F,862
1418,ENSG00000196189,SEMA4A,SEMA4A,1157
1419,ENSG00000168758,SEMA4C,SEMA4C,1142
1420,ENSG00000187764,SEMA4D,SEMA4D,1066
1421,ENSG00000095539,SEMA4G,SEMA4G,1205
1422,ENSG00000112902,SEMA5A,SEMA5A,873
1423,ENSG00000092421,SEMA6A,SEMA6A,1154
1424,ENSG00000137872,SEMA6D,SEMA6D,1032
1425,ENSG00000138623,SEMA7A,SEMA7A,103
1426,ENSG00000104332,SFRP1,SFRP1,1018
1427,ENSG00000145423,SFRP2,SFRP2,1084
1428,ENSG00000106483,SFRP4,SFRP4,961
1429,ENSG00000120057,SFRP5,SFRP5,954
1430,ENSG00000164690,SHH,SHH,916
1431,ENSG00000185187,SIGIRR,SIGIRR,964
1432,ENSG00000088827,SIGLEC1,SIGLEC1,1141
1433,ENSG00000142512,SIGLEC10,SIGLEC10,1088
1434,ENSG00000197046,SIGLEC15,SIGLEC15,985
1435,ENSG00000198053,SIRPA,SIRPA,791
1436,ENSG00000101307,SIRPB1,SIRPB1,23
1437,ENSG00000089012,SIRPG,SIRPG,1221
1438,ENSG00000117090,SLAMF1,SLAMF1,863
1439,ENSG00000155380,SLC16A1,SLC16A1,753
1440,ENSG00000281917,SLC16A1,SLC16A1,753
1441,ENSG00000105281,SLC1A5,SLC1A5,919
1442,ENSG00000092096,SLC22A17,SLC22A17,1048
1443,ENSG00000139514,SLC7A1,SLC7A1,572
1444,ENSG00000187122,SLIT1,SLIT1,99
1445,ENSG00000145147,SLIT2,SLIT2,114
1446,ENSG00000126233,SLURP1,SLURP1,761
1447,ENSG00000128602,SMO,SMO,1121
1448,ENSG00000137642,SORL1,SORL1,1058
1449,ENSG00000134243,SORT1,SORT1,1111
1450,ENSG00000171243,SOSTDC1,SOSTDC1,983
1451,ENSG00000197471,SPN,SPN,406
1452,ENSG00000118785,SPP1,SPP1,329
1453,ENSG00000134548,SPX,SPX,1128
1454,ENSG00000145545,SRD5A1,SRD5A1,431
1455,ENSG00000277893,SRD5A2,SRD5A2,581
1456,ENSG00000128039,SRD5A3,SRD5A3,1167
1457,ENSG00000157005,SST,SST,785
1458,ENSG00000139874,SSTR1,SSTR1,573
1459,ENSG00000180616,SSTR2,SSTR2,574
1460,ENSG00000278195,SSTR3,SSTR3,596
1461,ENSG00000132671,SSTR4,SSTR4,584
1462,ENSG00000162009,SSTR5,SSTR5,616
1463,ENSG00000137868,STRA6,STRA6,1131
1464,ENSG00000196502,SULT1A1,SULT1A1,729
1465,ENSG00000109193,SULT1E1,SULT1E1,725
1466,ENSG00000105398,SULT2A1,SULT2A1,836
1467,ENSG00000099994,SUSD2,SUSD2,1238
1468,ENSG00000006128,TAC1,TAC1,454
1469,ENSG00000166863,TAC3,TAC3,1241
1470,ENSG00000115353,TACR1,TACR1,515
1471,ENSG00000075073,TACR2,TACR2,469
1472,ENSG00000169836,TACR3,TACR3,555
1473,ENSG00000006638,TBXA2R,TBXA2R,476
1474,ENSG00000059377,TBXAS1,TBXAS1,503
1475,ENSG00000241186,TDGF1,TDGF1,366
1476,ENSG00000120156,TEK,TEK,824
1477,ENSG00000091513,TF,TF,217
1478,ENSG00000160182,TFF1,TFF1,230
1479,ENSG00000106327,TFR2,TFR2,1261
1480,ENSG00000072274,TFRC,TFRC,216
1481,ENSG00000042832,TG,TG,172
1482,ENSG00000163235,TGFA,TGFA,154
1483,ENSG00000105329,TGFB1,TGFB1,155
1484,ENSG00000092969,TGFB2,TGFB2,788
1485,ENSG00000119699,TGFB3,TGFB3,330
1486,ENSG00000106799,TGFBR1,TGFBR1,635
1487,ENSG00000163513,TGFBR2,TGFBR2,639
1488,ENSG00000069702,TGFBR3,TGFBR3,825
1489,ENSG00000178726,THBD,THBD,267
1490,ENSG00000137801,THBS1,THBS1,277
1491,ENSG00000186340,THBS2,THBS2,624
1492,ENSG00000090534,THPO,THPO,652
1493,ENSG00000126351,THRA,THRA,335
1494,ENSG00000151090,THRB,THRB,336
1495,ENSG00000154096,THY1,THY1,231
1496,ENSG00000181847,TIGIT,TIGIT,947
1497,ENSG00000102265,TIMP1,TIMP1,149
1498,ENSG00000101916,TLR8,TLR8,1197
1499,ENSG00000149932,TMEM219,TMEM219,1003
1500,ENSG00000041982,TNC,TNC,504
1501,ENSG00000228849,TNF,TNF,182
1502,ENSG00000206439,TNF,TNF,182
1503,ENSG00000232810,TNF,TNF,182
1504,ENSG00000223952,TNF,TNF,182
1505,ENSG00000228321,TNF,TNF,182
1506,ENSG00000204490,TNF,TNF,182
1507,ENSG00000230108,TNF,TNF,182
1508,ENSG00000228978,TNF,TNF,182
1509,ENSG00000104689,TNFRSF10A,TNFRSF10A,20
1510,ENSG00000120889,TNFRSF10B,TNFRSF10B,43
1511,ENSG00000173535,TNFRSF10C,TNFRSF10C,47
1512,ENSG00000173530,TNFRSF10D,TNFRSF10D,1232
1513,ENSG00000141655,TNFRSF11A,TNFRSF11A,1280
1514,ENSG00000164761,TNFRSF11B,TNFRSF11B,27
1515,ENSG00000006327,TNFRSF12A,TNFRSF12A,1186
1516,ENSG00000240505,TNFRSF13B,TNFRSF13B,48
1517,ENSG00000159958,TNFRSF13C,TNFRSF13C,1103
1518,ENSG00000157873,TNFRSF14,TNFRSF14,1068
1519,ENSG00000273936,TNFRSF14,TNFRSF14,1068
1520,ENSG00000048462,TNFRSF17,TNFRSF17,817
1521,ENSG00000186891,TNFRSF18,TNFRSF18,1273
1522,ENSG00000067182,TNFRSF1A,TNFRSF1A,443
1523,ENSG00000028137,TNFRSF1B,TNFRSF1B,453
1524,ENSG00000146072,TNFRSF21,TNFRSF21,106
1525,ENSG00000215788,TNFRSF25,TNFRSF25,1069
1526,ENSG00000186827,TNFRSF4,TNFRSF4,680
1527,ENSG00000243509,TNFRSF6B,TNFRSF6B,126
1528,ENSG00000120949,TNFRSF8,TNFRSF8,548
1529,ENSG00000049249,TNFRSF9,TNFRSF9,838
1530,ENSG00000121858,TNFSF10,TNFSF10,732
1531,ENSG00000120659,TNFSF11,TNFSF11,45
1532,ENSG00000239697,TNFSF12,TNFSF12,72
1533,ENSG00000161955,TNFSF13,TNFSF13,111
1534,ENSG00000102524,TNFSF13B,TNFSF13B,1266
1535,ENSG00000125735,TNFSF14,TNFSF14,74
1536,ENSG00000181634,TNFSF15,TNFSF15,118
1537,ENSG00000120337,TNFSF18,TNFSF18,1258
1538,ENSG00000117586,TNFSF4,TNFSF4,498
1539,ENSG00000106952,TNFSF8,TNFSF8,601
1540,ENSG00000125657,TNFSF9,TNFSF9,661
1541,ENSG00000277603,TPO,TPO,266
1542,ENSG00000115705,TPO,TPO,266
1543,ENSG00000095970,TREM2,TREM2,1210
1544,ENSG00000112195,TREML2,TREML2,953
1545,ENSG00000170893,TRH,TRH,456
1546,ENSG00000174417,TRHR,TRHR,610
1547,ENSG00000134200,TSHB,TSHB,165
1548,ENSG00000165409,TSHR,TSHR,413
1549,ENSG00000145777,TSLP,TSLP,1072
1550,ENSG00000118271,TTR,TTR,211
1551,ENSG00000112041,TULP1,TULP1,26
1552,ENSG00000077498,TYR,TYR,386
1553,ENSG00000092445,TYRO3,TYRO3,835
1554,ENSG00000011600,TYROBP,TYROBP,79
1555,ENSG00000154127,UBASH3B,UBASH3B,1047
1556,ENSG00000163794,UCN,UCN,765
1557,ENSG00000145040,UCN2,UCN2,1104
1558,ENSG00000178473,UCN3,UCN3,1074
1559,ENSG00000111981,ULBP1,ULBP1,1139
1560,ENSG00000131015,ULBP2,ULBP2,1138
1561,ENSG00000131019,ULBP3,ULBP3,1137
1562,ENSG00000113763,UNC5A,UNC5A,988
1563,ENSG00000107731,UNC5B,UNC5B,1014
1564,ENSG00000182168,UNC5C,UNC5C,119
1565,ENSG00000156687,UNC5D,UNC5D,981
1566,ENSG00000049247,UTS2,UTS2,125
1567,ENSG00000188958,UTS2B,UTS2B,990
1568,ENSG00000181408,UTS2R,UTS2R,1247
1569,ENSG00000162692,VCAM1,VCAM1,442
1570,ENSG00000111424,VDR,VDR,348
1571,ENSG00000112715,VEGFA,VEGFA,400
1572,ENSG00000173511,VEGFB,VEGFB,722
1573,ENSG00000150630,VEGFC,VEGFC,723
1574,ENSG00000165197,VEGFD,VEGFD,80
1575,ENSG00000128564,VGF,VGF,60
1576,ENSG00000146469,VIP,VIP,175
1577,ENSG00000114812,VIPR1,VIPR1,590
1578,ENSG00000106018,VIPR2,VIPR2,663
1579,ENSG00000147852,VLDLR,VLDLR,805
1580,ENSG00000107738,VSIR,VSIR,1164
1581,ENSG00000275577,VSTM1,VSTM1,975
1582,ENSG00000274887,VSTM1,VSTM1,975
1583,ENSG00000277607,VSTM1,VSTM1,975
1584,ENSG00000276363,VSTM1,VSTM1,975
1585,ENSG00000276159,VSTM1,VSTM1,975
1586,ENSG00000276066,VSTM1,VSTM1,975
1587,ENSG00000189068,VSTM1,VSTM1,975
1588,ENSG00000275962,VSTM1,VSTM1,975
1589,ENSG00000275330,VSTM1,VSTM1,975
1590,ENSG00000274953,VSTM1,VSTM1,975
1591,ENSG00000109072,VTN,VTN,222
1592,ENSG00000110799,VWF,VWF,233
1593,ENSG00000156076,WIF1,WIF1,1274
1594,ENSG00000112761,WISP3,WISP3,122
1595,ENSG00000125084,WNT1,WNT1,235
1596,ENSG00000135925,WNT10A,WNT10A,1146
1597,ENSG00000085741,WNT11,WNT11,138
1598,ENSG00000002745,WNT16,WNT16,1235
1599,ENSG00000105989,WNT2,WNT2,308
1600,ENSG00000134245,WNT2B,WNT2B,1070
1601,ENSG00000277641,WNT3,WNT3,774
1602,ENSG00000108379,WNT3,WNT3,774
1603,ENSG00000277626,WNT3,WNT3,774
1604,ENSG00000154342,WNT3A,WNT3A,775
1605,ENSG00000162552,WNT4,WNT4,776
1606,ENSG00000114251,WNT5A,WNT5A,660
1607,ENSG00000111186,WNT5B,WNT5B,1151
1608,ENSG00000115596,WNT6,WNT6,1278
1609,ENSG00000154764,WNT7A,WNT7A,38
1610,ENSG00000188064,WNT7B,WNT7B,777
1611,ENSG00000061492,WNT8A,WNT8A,1150
1612,ENSG00000075290,WNT8B,WNT8B,1071
1613,ENSG00000143816,WNT9A,WNT9A,49
1614,ENSG00000158955,WNT9B,WNT9B,50
1615,ENSG00000276799,WNT9B,WNT9B,50
1616,ENSG00000143184,XCL1,XCL1,701
1617,ENSG00000143185,XCL2,XCL2,1225
1618,ENSG00000173578,XCR1,XCR1,689
1619,ENSG00000143324,XPR1,XPR1,1229
1620,ENSG00000134684,YARS,YARS,754
