id_multidata,name,receptor,receptor_desc,other,other_desc,secreted_highlight,secreted_desc,transmembrane,secreted,peripheral,integrin,is_complex
1,A0A1B0GTJ6,0,,0,,0,,0,0,0,0,0
2,A4D1S0,1,,0,,0,,0,0,0,0,0
3,A6NDA9,1,,0,,0,,0,0,0,0,0
4,A6NI73,1,,0,,0,,0,0,0,0,0
5,A6NJW9,1,,0,,0,,0,0,0,0,0
6,A6NLU5,1,,0,,0,,0,0,0,0,0
7,A6NMZ7,0,,0,,0,,0,0,0,0,0
8,A8K4G0,1,,0,,0,,0,0,0,0,0
9,A8TX70,0,,0,,0,,0,0,0,0,0
10,B6A8C7,1,,0,,0,,0,0,0,0,0
11,D3W0D1,1,,0,,0,,0,0,0,0,0
12,F7VJQ1,1,,0,,0,,0,0,0,0,0
13,K9M1U5,0,,0,,0,,0,0,0,0,0
14,O00144,1,,0,,0,,0,0,0,0,0
15,O00155,1,,0,,0,,0,0,0,0,0
16,O00175,0,,0,,0,,0,0,0,0,0
17,O00182,0,,0,,0,,0,0,0,0,0
18,O00206,1,,0,,0,,0,0,0,0,0
19,O00214,0,,0,,0,,0,0,0,0,0
20,O00220,1,,0,,0,,0,0,0,0,0
21,O00222,1,,0,,0,,0,0,0,0,0
22,O00230,0,,0,,0,,0,0,0,0,0
23,O00238,1,,0,,0,,0,0,0,0,0
24,O00241,1,,0,,0,,0,0,0,0,0
25,O00253,0,,0,,0,,0,0,0,0,0
26,O00254,1,,0,,0,,0,0,0,0,0
27,O00264,1,,0,,0,,0,0,0,0,0
28,O00292,0,,0,,0,,0,0,0,0,0
29,O00300,1,,0,,0,,0,0,0,0,0
30,O00329,0,,0,,0,,0,0,0,0,0
31,O00421,1,,0,,0,,0,0,0,0,0
32,O00451,1,,0,,0,,0,0,0,0,0
33,O00468,1,,0,,0,,0,0,0,0,0
34,O00478,1,,0,,0,,0,0,0,0,0
35,O00481,1,,0,,0,,0,0,0,0,0
36,O00501,1,,0,,0,,0,0,0,0,0
37,O00533,1,,0,,0,,0,0,0,0,0
38,O00548,1,,0,,0,,0,0,0,0,0
39,O00574,1,,0,,0,,0,0,0,0,0
40,O00585,0,,0,,0,,0,0,0,0,0
41,O00587,0,,0,,0,,0,0,0,0,0
42,O00590,1,,0,,0,,0,0,0,0,0
43,O00592,0,,0,,0,,0,0,0,0,0
44,O00602,0,,0,,0,,0,0,0,0,0
45,O00622,0,,0,,0,,0,0,0,0,0
46,O00626,0,,0,,0,,0,0,0,0,0
47,O00634,0,,0,,0,,0,0,0,0,0
48,O00744,1,,0,,0,,0,0,0,0,0
49,O00755,1,,0,,0,,0,0,0,0,0
50,O14493,1,,0,,0,,0,0,0,0,0
51,O14508,0,,0,,0,,0,0,0,0,0
52,O14511,1,,0,,0,,0,0,0,0,0
53,O14514,0,,0,,0,,0,0,0,0,0
54,O14522,1,,0,,0,,0,0,0,0,0
55,O14594,0,,0,,0,,0,0,0,0,0
56,O14625,0,,0,,0,,0,0,0,0,0
57,O14626,1,,0,,0,,0,0,0,0,0
58,O14654,0,,0,,0,,0,0,0,0,0
59,O14672,1,,0,,0,,0,0,0,0,0
60,O14763,1,,0,,0,,0,0,0,0,0
61,O14786,1,,0,,0,,0,0,0,0,0
62,O14788,1,,0,,0,,0,0,0,0,0
63,O14793,1,,0,,0,,0,0,0,0,0
64,O14798,1,,0,,0,,0,0,0,0,0
65,O14836,1,,0,,0,,0,0,0,0,0
66,O14904,1,,0,,0,,0,0,0,0,0
67,O14905,1,,0,,0,,0,0,0,0,0
68,O14931,1,,0,,0,,0,0,0,0,0
69,O14939,1,,0,,0,,0,0,0,0,0
70,O14944,1,,0,,0,,0,0,0,0,0
71,O15020,0,,0,,0,,0,0,0,0,0
72,O15031,1,,0,,0,,0,0,0,0,0
73,O15041,0,,0,,0,,0,0,0,0,0
74,O15072,0,,0,,0,,0,0,0,0,0
75,O15078,1,,0,,0,,0,0,0,0,0
76,O15123,0,,0,,0,,0,0,0,0,0
77,O15130,0,,0,,0,,0,0,0,0,0
78,O15146,1,,0,,0,,0,0,0,0,0
79,O15162,1,,0,,0,,0,0,0,0,0
80,O15173,1,,0,,0,,0,0,0,0,0
81,O15197,1,,0,,0,,0,0,0,0,0
82,O15218,1,,0,,0,,0,0,0,0,0
83,O15230,0,,0,,0,,0,0,0,0,0
84,O15240,0,,0,,0,,0,0,0,0,0
85,O15263,0,,0,,0,,0,0,0,0,0
86,O15335,0,,0,,0,,0,0,0,0,0
87,O15354,1,,0,,0,,0,0,0,0,0
88,O15374,1,,0,,0,,0,0,0,0,0
89,O15389,1,,0,,0,,0,0,0,0,0
90,O15394,1,,0,,0,,0,0,0,0,0
91,O15399,1,,0,,0,,0,0,0,0,0
92,O15444,0,,0,,0,,0,0,0,0,0
93,O15467,0,,0,,0,,0,0,0,0,0
94,O15496,0,,0,,0,,0,0,0,0,0
95,O15511,0,,0,,0,,0,0,0,0,0
96,O15520,0,,0,,0,,0,0,0,0,0
97,O15529,1,,0,,0,,0,0,0,0,0
98,O15551,1,,0,,0,,0,0,0,0,0
99,O15552,1,,0,,0,,0,0,0,0,0
100,O43155,0,,0,,0,,0,0,0,0,0
101,O43157,1,,0,,0,,0,0,0,0,0
102,O43184,1,,0,,0,,0,0,0,0,0
103,O43193,1,,0,,0,,0,0,0,0,0
104,O43278,0,,0,,0,,0,0,0,0,0
105,O43300,1,,0,,0,,0,0,0,0,0
106,O43320,0,,0,,0,,0,0,0,0,0
107,O43323,0,,0,,0,,0,0,0,0,0
108,O43493,0,,0,,0,,0,0,0,0,0
109,O43506,0,,0,,0,,0,0,0,0,0
110,O43508,0,,0,,0,,0,0,0,0,0
111,O43555,0,,0,,0,,0,0,0,0,0
112,O43557,0,,0,,0,,0,0,0,0,0
113,O43559,0,,0,,0,,0,0,0,0,0
114,O43561,1,,0,,0,,0,0,0,0,0
115,O43570,0,,0,,0,,0,0,0,0,0
116,O43603,1,,0,,0,,0,0,0,0,0
117,O43612,0,,0,,0,,0,0,0,0,0
118,O43613,1,,0,,0,,0,0,0,0,0
119,O43614,1,,0,,0,,0,0,0,0,0
120,O43699,1,,0,,0,,0,0,0,0,0
121,O43827,0,,0,,0,,0,0,0,0,0
122,O43854,0,,0,,0,,0,0,0,0,0
123,O43866,0,,0,,0,,0,0,0,0,0
124,O43914,1,,0,,0,,0,0,0,0,0
125,O43915,1,,0,,0,,0,0,0,0,0
126,O43921,1,,0,,0,,0,0,0,0,0
127,O43927,0,,0,,0,,0,0,0,0,0
128,O60258,0,,0,,0,,0,0,0,0,0
129,O60291,1,,0,,0,,0,0,0,0,0
130,O60353,1,,0,,0,,0,0,0,0,0
131,O60383,1,,0,,0,,0,0,0,0,0
132,O60462,1,,0,,0,,0,0,0,0,0
133,O60469,1,,0,,0,,0,0,0,0,0
134,O60486,1,,0,,0,,0,0,0,0,0
135,O60494,0,,0,,0,,0,0,0,0,0
136,O60503,1,,0,,0,,0,0,0,0,0
137,O60542,0,,0,,0,,0,0,0,0,0
138,O60565,1,,0,,0,,0,0,0,0,0
139,O60602,1,,0,,0,,0,0,0,0,0
140,O60603,1,,0,,0,,0,0,0,0,0
141,O60609,1,,0,,0,,0,0,0,0,0
142,O60635,1,,0,,0,,0,0,0,0,0
143,O60637,0,,0,,0,,0,0,0,0,0
144,O60669,1,,0,,0,,0,0,0,0,0
145,O60674,1,,0,,0,,0,0,0,0,0
146,O60755,1,,0,,0,,0,0,0,0,0
147,O60760,0,,0,,0,,0,0,0,0,0
148,O60883,1,,0,,0,,0,0,0,0,0
149,O60894,1,,0,,0,,0,0,0,0,0
150,O60895,1,,0,,0,,0,0,0,0,0
151,O60896,1,,0,,0,,0,0,0,0,0
152,O60939,1,,0,,0,,0,0,0,0,0
153,O75015,1,,0,,0,,0,0,0,0,0
154,O75019,1,,0,,0,,0,0,0,0,0
155,O75022,1,,0,,0,,0,0,0,0,0
156,O75051,1,,0,,0,,0,0,0,0,0
157,O75054,0,,0,,0,,0,0,0,0,0
158,O75056,1,,0,,0,,0,0,0,0,0
159,O75077,1,,0,,0,,0,0,0,0,0
160,O75078,1,,0,,0,,0,0,0,0,0
161,O75084,1,,0,,0,,0,0,0,0,0
162,O75093,0,,0,,0,,0,0,0,0,0
163,O75094,0,,0,,0,,0,0,0,0,0
164,O75096,1,,0,,0,,0,0,0,0,0
165,O75121,1,,0,,0,,0,0,0,0,0
166,O75131,0,,0,,0,,0,0,0,0,0
167,O75144,1,,0,,0,,0,0,0,0,0
168,O75197,1,,0,,0,,0,0,0,0,0
169,O75325,0,,0,,0,,0,0,0,0,0
170,O75326,1,,0,,0,,0,0,0,0,0
171,O75330,1,,0,,0,,0,0,0,0,0
172,O75376,0,,0,,0,,0,0,0,0,0
173,O75443,1,,0,,0,,0,0,0,0,0
174,O75462,1,,0,,0,,0,0,0,0,0
175,O75473,1,,0,,0,,0,0,0,0,0
176,O75487,1,,0,,0,,0,0,0,0,0
177,O75508,1,,0,,0,,0,0,0,0,0
178,O75509,1,,0,,0,,0,0,0,0,0
179,O75578,1,,0,,0,,0,0,0,0,0
180,O75581,1,,0,,0,,0,0,0,0,0
181,O75594,1,,0,,0,,0,0,0,0,0
182,O75596,0,,0,,0,,0,0,0,0,0
183,O75610,0,,0,,0,,0,0,0,0,0
184,O75787,1,,0,,0,,0,0,0,0,0
185,O75829,0,,0,,0,,0,0,0,0,0
186,O75871,1,,0,,0,,0,0,0,0,0
187,O75882,1,,0,,0,,0,0,0,0,0
188,O75888,0,,0,,0,,0,0,0,0,0
189,O75899,1,,0,,0,,0,0,0,0,0
190,O75923,1,,0,,0,,0,0,0,0,0
191,O75955,1,,0,,0,,0,0,0,0,0
192,O75970,0,,0,,0,,0,0,0,0,0
193,O76036,1,,0,,0,,0,0,0,0,0
194,O76093,0,,0,,0,,0,0,0,0,0
195,O94779,1,,0,,0,,0,0,0,0,0
196,O94813,0,,0,,0,,0,0,0,0,0
197,O94832,0,,0,,0,,0,0,0,0,0
198,O94856,1,,0,,0,,0,0,0,0,0
199,O94887,0,,0,,0,,0,0,0,0,0
200,O94898,0,,0,,0,,0,0,0,0,0
201,O94907,0,,0,,0,,0,0,0,0,0
202,O94910,1,,0,,0,,0,0,0,0,0
203,O94933,0,,0,,0,,0,0,0,0,0
204,O94991,0,,0,,0,,0,0,0,0,0
205,O95025,0,,0,,0,,0,0,0,0,0
206,O95049,0,,0,,0,,0,0,0,0,0
207,O95070,1,,0,,0,,0,0,0,0,0
208,O95084,0,,0,,0,,0,0,0,0,0
209,O95150,1,,0,,0,,0,0,0,0,0
210,O95156,0,,0,,0,,0,0,0,0,0
211,O95157,0,,0,,0,,0,0,0,0,0
212,O95171,0,,0,,0,,0,0,0,0,0
213,O95185,1,,0,,0,,0,0,0,0,0
214,O95256,1,,0,,0,,0,0,0,0,0
215,O95274,0,,0,,0,,0,0,0,0,0
216,O95388,0,,0,,0,,0,0,0,0,0
217,O95389,0,,0,,0,,0,0,0,0,0
218,O95390,1,,0,,0,,0,0,0,0,0
219,O95393,0,,0,,0,,0,0,0,0,0
220,O95399,0,,0,,0,,0,0,0,0,0
221,O95407,1,,0,,0,,0,0,0,0,0
222,O95428,0,,0,,0,,0,0,0,0,0
223,O95467,0,,0,,0,,0,0,0,0,0
224,O95471,1,,0,,0,,0,0,0,0,0
225,O95477,1,,0,,0,,0,0,0,0,0
226,O95490,1,,0,,0,,0,0,0,0,0
227,O95500,0,,0,,0,,0,0,0,0,0
228,O95502,1,,0,,0,,0,0,0,0,0
229,O95631,0,,0,,0,,0,0,0,0,0
230,O95665,1,,0,,0,,0,0,0,0,0
231,O95711,0,,0,,0,,0,0,0,0,0
232,O95715,0,,0,,0,,0,0,0,0,0
233,O95727,1,,0,,0,,0,0,0,0,0
234,O95750,0,,0,,0,,0,0,0,0,0
235,O95754,1,,0,,0,,0,0,0,0,0
236,O95760,1,,0,,0,,0,0,0,0,0
237,O95800,1,,0,,0,,0,0,0,0,0
238,O95813,0,,0,,0,,0,0,0,0,0
239,O95832,1,,0,,0,,0,0,0,0,0
240,O95838,1,,0,,0,,0,0,0,0,0
241,O95841,0,,0,,0,,0,0,0,0,0
242,O95858,1,,0,,0,,0,0,0,0,0
243,O95859,1,,0,,0,,0,0,0,0,0
244,O95866,1,,0,,0,,0,0,0,0,0
245,O95867,1,,0,,0,,0,0,0,0,0
246,O95897,0,,0,,0,,0,0,0,0,0
247,O95944,1,,0,,0,,0,0,0,0,0
248,O95967,0,,0,,0,,0,0,0,0,0
249,O95970,0,,0,,0,,0,0,0,0,0
250,O95971,1,,0,,0,,0,0,0,0,0
251,O95972,1,,0,,0,,0,0,0,0,0
252,O95980,1,,0,,0,,0,0,0,0,0
253,O95994,1,,0,,0,,0,0,0,0,0
254,O95998,1,,0,,0,,0,0,0,0,0
255,O96014,0,,0,,0,,0,0,0,0,0
256,P00450,0,,0,,0,,0,0,0,0,0
257,P00451,0,,0,,0,,0,0,0,0,0
258,P00488,0,,0,,0,,0,0,0,0,0
259,P00533,1,,0,,0,,0,0,0,0,0
260,P00734,0,,0,,0,,0,0,0,0,0
261,P00738,0,,0,,0,,0,0,0,0,0
262,P00740,0,,0,,0,,0,0,0,0,0
263,P00742,0,,0,,0,,0,0,0,0,0
264,P00747,0,,0,,0,,0,0,0,0,0
265,P00748,0,,0,,0,,0,0,0,0,0
266,P00749,0,,0,,0,,0,0,0,0,0
267,P00750,0,,0,,0,,0,0,0,0,0
268,P00797,0,,0,,0,,0,0,0,0,0
269,P00813,0,,0,,0,,0,0,0,0,0
270,P00918,0,,0,,0,,0,0,0,0,0
271,P00995,0,,0,,0,,0,0,0,0,0
272,P01008,0,,0,,0,,0,0,0,0,0
273,P01009,0,,0,,0,,0,0,0,0,0
274,P01019,0,,0,,0,,0,0,0,0,0
275,P01023,0,,0,,0,,0,0,0,0,0
276,P01024,0,,0,,0,,0,0,0,0,0
277,P01031,0,,0,,0,,0,0,0,0,0
278,P01033,0,,0,,0,,0,0,0,0,0
279,P01042,0,,0,,0,,0,0,0,0,0
280,P01112,0,,0,,0,,0,0,0,0,0
281,P01127,1,,0,,0,,0,0,0,0,0
282,P01130,1,,0,,0,,0,0,0,0,0
283,P01133,1,,0,,0,,0,0,0,0,0
284,P01135,1,,0,,0,,0,0,0,0,0
285,P01137,1,,0,,0,,0,0,0,0,0
286,P01138,1,,0,,0,,0,0,0,0,0
287,P01148,0,,0,,0,,0,0,0,0,0
288,P01160,1,,0,,0,,0,0,0,0,0
289,P01178,0,,0,,0,,0,0,0,0,0
290,P01185,0,,0,,0,,0,0,0,0,0
291,P01189,1,,0,,0,,0,0,0,0,0
292,P01210,0,,0,,0,,0,0,0,0,0
293,P01213,0,,0,,0,,0,0,0,0,0
294,P01215,0,,0,,0,,0,0,0,0,0
295,P01222,0,,0,,0,,0,0,0,0,0
296,P01225,0,,0,,0,,0,0,0,0,0
297,P01229,0,,0,,0,,0,0,0,0,0
298,P01236,0,,0,,0,,0,0,0,0,0
299,P01241,0,,0,,0,,0,0,0,0,0
300,P01242,0,,0,,0,,0,0,0,0,0
301,P01258,0,,0,,0,,0,0,0,0,0
302,P01266,0,,0,,0,,0,0,0,0,0
303,P01270,0,,0,,0,,0,0,0,0,0
304,P01275,0,,0,,0,,0,0,0,0,0
305,P01282,0,,0,,0,,0,0,0,0,0
306,P01286,0,,0,,0,,0,0,0,0,0
307,P01298,0,,0,,0,,0,0,0,0,0
308,P01303,0,,0,,0,,0,0,0,0,0
309,P01308,0,,0,,0,,0,0,0,0,0
310,P01344,1,,0,,0,,0,0,0,0,0
311,P01350,0,,0,,0,,0,0,0,0,0
312,P01374,0,,0,,0,,0,0,0,0,0
313,P01375,1,,0,,0,,0,0,0,0,0
314,P01562,0,,0,,0,,0,0,0,0,0
315,P01563,0,,0,,0,,0,0,0,0,0
316,P01566,0,,0,,0,,0,0,0,0,0
317,P01567,0,,0,,0,,0,0,0,0,0
318,P01568,0,,0,,0,,0,0,0,0,0
319,P01569,0,,0,,0,,0,0,0,0,0
320,P01570,0,,0,,0,,0,0,0,0,0
321,P01571,0,,0,,0,,0,0,0,0,0
322,P01574,0,,0,,0,,0,0,0,0,0
323,P01579,0,,0,,0,,0,0,0,0,0
324,P01583,1,,0,,0,,0,0,0,0,0
325,P01584,1,,0,,0,,0,0,0,0,0
326,P01588,1,,0,,0,,0,0,0,0,0
327,P01589,1,,0,,0,,0,0,0,0,0
328,P01730,1,,0,,0,,0,0,0,0,0
329,P01732,1,,0,,0,,0,0,0,0,0
330,P01833,1,,0,,0,,0,0,0,0,0
331,P01889,0,,0,,0,,0,0,0,0,0
332,P01903,0,,0,,0,,0,0,0,0,0
333,P01906,0,,0,,0,,0,0,0,0,0
334,P01909,0,,0,,0,,0,0,0,0,0
335,P01911,1,,0,,0,,0,0,0,0,0
336,P01920,0,,0,,0,,0,0,0,0,0
337,P02452,1,,0,,0,,0,0,0,0,0
338,P02458,1,,0,,0,,0,0,0,0,0
339,P02461,1,,0,,0,,0,0,0,0,0
340,P02462,1,,0,,0,,0,0,0,0,0
341,P02647,0,,0,,0,,0,0,0,0,0
342,P02649,0,,0,,0,,0,0,0,0,0
343,P02652,0,,0,,0,,0,0,0,0,0
344,P02654,0,,0,,0,,0,0,0,0,0
345,P02655,0,,0,,0,,0,0,0,0,0
346,P02656,0,,0,,0,,0,0,0,0,0
347,P02671,1,,0,,0,,0,0,0,0,0
348,P02675,1,,0,,0,,0,0,0,0,0
349,P02679,1,,0,,0,,0,0,0,0,0
350,P02686,1,,0,,0,,0,0,0,0,0
351,P02708,1,,0,,0,,0,0,0,0,0
352,P02741,0,,0,,0,,0,0,0,0,0
353,P02745,0,,0,,0,,0,0,0,0,0
354,P02746,1,,0,,0,,0,0,0,0,0
355,P02751,1,,0,,0,,0,0,0,0,0
356,P02753,0,,0,,0,,0,0,0,0,0
357,P02763,0,,0,,0,,0,0,0,0,0
358,P02765,0,,0,,0,,0,0,0,0,0
359,P02766,0,,0,,0,,0,0,0,0,0
360,P02768,0,,0,,0,,0,0,0,0,0
361,P02774,0,,0,,0,,0,0,0,0,0
362,P02775,0,,0,,0,,0,0,0,0,0
363,P02776,0,,0,,0,,0,0,0,0,0
364,P02778,0,,0,,0,,0,0,0,0,0
365,P02786,1,,0,,0,,0,0,0,0,0
366,P02787,1,,0,,0,,0,0,0,0,0
367,P02788,1,,0,,0,,0,0,0,0,0
368,P02790,0,,0,,0,,0,0,0,0,0
369,P03372,1,,0,,0,,0,0,0,0,0
370,P03950,0,,0,,0,,0,0,0,0,0
371,P03951,0,,0,,0,,0,0,0,0,0
372,P03956,1,,0,,0,,0,0,0,0,0
373,P03971,1,,0,,0,,0,0,0,0,0
374,P03973,0,,0,,0,,0,0,0,0,0
375,P04003,0,,0,,0,,0,0,0,0,0
376,P04004,0,,0,,0,,0,0,0,0,0
377,P04070,0,,0,,0,,0,0,0,0,0
378,P04083,1,,0,,0,,0,0,0,0,0
379,P04085,1,,0,,0,,0,0,0,0,0
380,P04090,0,,0,,0,,0,0,0,0,0
381,P04114,0,,0,,0,,0,0,0,0,0
382,P04141,0,,0,,0,,0,0,0,0,0
383,P04155,0,,0,,0,,0,0,0,0,0
384,P04196,0,,0,,0,,0,0,0,0,0
385,P04201,1,,0,,0,,0,0,0,0,0
386,P04216,1,,0,,0,,0,0,0,0,0
387,P04217,1,,0,,0,,0,0,0,0,0
388,P04233,1,,0,,0,,0,0,0,0,0
389,P04234,1,,0,,0,,0,0,0,0,0
390,P04271,0,,0,,0,,0,0,0,0,0
391,P04275,1,,0,,0,,0,0,0,0,0
392,P04278,0,,0,,0,,0,0,0,0,0
393,P04430,0,,0,,0,,0,0,0,0,0
394,P04439,1,,0,,0,,0,0,0,0,0
395,P04440,1,,0,,0,,0,0,0,0,0
396,P04626,1,,0,,0,,0,0,0,0,0
397,P04628,1,,0,,0,,0,0,0,0,0
398,P04629,1,,0,,0,,0,0,0,0,0
399,P04637,0,,0,,0,,0,0,0,0,0
400,P04808,0,,0,,0,,0,0,0,0,0
401,P04899,1,,0,,0,,0,0,0,0,0
402,P05000,0,,0,,0,,0,0,0,0,0
403,P05013,0,,0,,0,,0,0,0,0,0
404,P05014,0,,0,,0,,0,0,0,0,0
405,P05015,0,,0,,0,,0,0,0,0,0
406,P05019,1,,0,,0,,0,0,0,0,0
407,P05026,1,,0,,0,,0,0,0,0,0
408,P05067,1,,0,,0,,0,0,0,0,0
409,P05090,0,,0,,0,,0,0,0,0,0
410,P05106,1,,0,,0,,0,0,0,0,0
411,P05107,1,,0,,0,,0,0,0,0,0
412,P05109,0,,0,,0,,0,0,0,0,0
413,P05111,0,,0,,0,,0,0,0,0,0
414,P05112,1,,0,,0,,0,0,0,0,0
415,P05113,0,,0,,0,,0,0,0,0,0
416,P05121,0,,0,,0,,0,0,0,0,0
417,P05155,0,,0,,0,,0,0,0,0,0
418,P05230,1,,0,,0,,0,0,0,0,0
419,P05231,0,,0,,0,,0,0,0,0,0
420,P05305,0,,0,,0,,0,0,0,0,0
421,P05362,1,,0,,0,,0,0,0,0,0
422,P05538,1,,0,,0,,0,0,0,0,0
423,P05543,0,,0,,0,,0,0,0,0,0
424,P05556,1,,0,,0,,0,0,0,0,0
425,P05997,0,,0,,0,,0,0,0,0,0
426,P06127,1,,0,,0,,0,0,0,0,0
427,P06213,1,,0,,0,,0,0,0,0,0
428,P06239,0,,0,,0,,0,0,0,0,0
429,P06241,0,,0,,0,,0,0,0,0,0
430,P06307,0,,0,,0,,0,0,0,0,0
431,P06340,0,,0,,0,,0,0,0,0,0
432,P06454,0,,0,,0,,0,0,0,0,0
433,P06576,1,,0,,0,,0,0,0,0,0
434,P06702,0,,0,,0,,0,0,0,0,0
435,P06727,0,,0,,0,,0,0,0,0,0
436,P06729,1,,0,,0,,0,0,0,0,0
437,P06731,1,,0,,0,,0,0,0,0,0
438,P06733,1,,0,,0,,0,0,0,0,0
439,P06734,0,,0,,0,,0,0,0,0,0
440,P06744,0,,0,,0,,0,0,0,0,0
441,P06756,1,,0,,0,,0,0,0,0,0
442,P06850,0,,0,,0,,0,0,0,0,0
443,P06858,0,,0,,0,,0,0,0,0,0
444,P07093,0,,0,,0,,0,0,0,0,0
445,P07202,1,,0,,0,,0,0,0,0,0
446,P07204,1,,0,,0,,0,0,0,0,0
447,P07225,0,,0,,0,,0,0,0,0,0
448,P07237,0,,0,,0,,0,0,0,0,0
449,P07288,0,,0,,0,,0,0,0,0,0
450,P07306,1,,0,,0,,0,0,0,0,0
451,P07307,1,,0,,0,,0,0,0,0,0
452,P07333,1,,0,,0,,0,0,0,0,0
453,P07355,1,,0,,0,,0,0,0,0,0
454,P07359,1,,0,,0,,0,0,0,0,0
455,P07477,0,,0,,0,,0,0,0,0,0
456,P07478,0,,0,,0,,0,0,0,0,0
457,P07492,0,,0,,0,,0,0,0,0,0
458,P07510,1,,0,,0,,0,0,0,0,0
459,P07550,1,,0,,0,,0,0,0,0,0
460,P07585,1,,0,,0,,0,0,0,0,0
461,P07602,0,,0,,0,,0,0,0,0,0
462,P07900,0,,0,,0,,0,0,0,0,0
463,P07942,1,,0,,0,,0,0,0,0,0
464,P07948,0,,0,,0,,0,0,0,0,0
465,P07949,1,,0,,0,,0,0,0,0,0
466,P07996,1,,0,,0,,0,0,0,0,0
467,P08069,1,,0,,0,,0,0,0,0,0
468,P08118,0,,0,,0,,0,0,0,0,0
469,P08123,1,,0,,0,,0,0,0,0,0
470,P08138,1,,0,,0,,0,0,0,0,0
471,P08174,0,,0,,0,,0,0,0,0,0
472,P08195,1,,0,,0,,0,0,0,0,0
473,P08238,0,,0,,0,,0,0,0,0,0
474,P08253,0,,0,,0,,0,0,0,0,0
475,P08311,0,,0,,0,,0,0,0,0,0
476,P08476,1,,0,,0,,0,0,0,0,0
477,P08514,1,,0,,0,,0,0,0,0,0
478,P08519,0,,0,,0,,0,0,0,0,0
479,P08571,1,,0,,0,,0,0,0,0,0
480,P08572,1,,0,,0,,0,0,0,0,0
481,P08575,1,,0,,0,,0,0,0,0,0
482,P08581,1,,0,,0,,0,0,0,0,0
483,P08582,1,,0,,0,,0,0,0,0,0
484,P08588,1,,0,,0,,0,0,0,0,0
485,P08603,0,,0,,0,,0,0,0,0,0
486,P08620,1,,0,,0,,0,0,0,0,0
487,P08648,1,,0,,0,,0,0,0,0,0
488,P08670,0,,0,,0,,0,0,0,0,0
489,P08700,0,,0,,0,,0,0,0,0,0
490,P08709,0,,0,,0,,0,0,0,0,0
491,P08754,0,,0,,0,,0,0,0,0,0
492,P08833,0,,0,,0,,0,0,0,0,0
493,P08861,0,,0,,0,,0,0,0,0,0
494,P08865,1,,0,,0,,0,0,0,0,0
495,P08887,1,,0,,0,,0,0,0,0,0
496,P08908,1,,0,,0,,0,0,0,0,0
497,P08913,1,,0,,0,,0,0,0,0,0
498,P08949,0,,0,,0,,0,0,0,0,0
499,P08962,1,,0,,0,,0,0,0,0,0
500,P09038,1,,0,,0,,0,0,0,0,0
501,P09211,0,,0,,0,,0,0,0,0,0
502,P09237,0,,0,,0,,0,0,0,0,0
503,P09326,1,,0,,0,,0,0,0,0,0
504,P09341,0,,0,,0,,0,0,0,0,0
505,P09382,0,,0,,0,,0,0,0,0,0
506,P09417,0,,0,,0,,0,0,0,0,0
507,P09429,0,,0,,0,,0,0,0,0,0
508,P09486,0,,0,,0,,0,0,0,0,0
509,P09529,1,,0,,0,,0,0,0,0,0
510,P09544,1,,0,,0,,0,0,0,0,0
511,P09564,1,,0,,0,,0,0,0,0,0
512,P09603,1,,0,,0,,0,0,0,0,0
513,P09619,1,,0,,0,,0,0,0,0,0
514,P09681,0,,0,,0,,0,0,0,0,0
515,P09683,0,,0,,0,,0,0,0,0,0
516,P09693,1,,0,,0,,0,0,0,0,0
517,P09917,1,,0,,0,,0,0,0,0,0
518,P09919,0,,0,,0,,0,0,0,0,0
519,P0C0L4,0,,0,,0,,0,0,0,0,0
520,P0C0L5,0,,0,,0,,0,0,0,0,0
521,P0C0P6,0,,0,,0,,0,0,0,0,0
522,P0C7M8,1,,0,,0,,0,0,0,0,0
523,P0CG36,1,,0,,0,,0,0,0,0,0
524,P0CG37,1,,0,,0,,0,0,0,0,0
525,P0CG47,0,,0,,0,,0,0,0,0,0
526,P0CG48,0,,0,,0,,0,0,0,0,0
527,P0DJI8,0,,0,,0,,0,0,0,0,0
528,P0DMC3,0,,0,,0,,0,0,0,0,0
529,P0DML2,0,,0,,0,,0,0,0,0,0
530,P0DML3,0,,0,,0,,0,0,0,0,0
531,P0DMS8,1,,0,,0,,0,0,0,0,0
532,P0DMS9,1,,0,,0,,0,0,0,0,0
533,P0DMV8,0,,0,,0,,0,0,0,0,0
534,P0DN86,0,,0,,0,,0,0,0,0,0
535,P0DP23,1,,0,,0,,0,0,0,0,0
536,P0DP24,1,,0,,0,,0,0,0,0,0
537,P0DP25,1,,0,,0,,0,0,0,0,0
538,P0DP57,0,,0,,0,,0,0,0,0,0
539,P0DPA2,1,,0,,0,,0,0,0,0,0
540,P10082,0,,0,,0,,0,0,0,0,0
541,P10092,0,,0,,0,,0,0,0,0,0
542,P10124,0,,0,,0,,0,0,0,0,0
543,P10144,0,,0,,0,,0,0,0,0,0
544,P10145,0,,0,,0,,0,0,0,0,0
545,P10147,0,,0,,0,,0,0,0,0,0
546,P10153,0,,0,,0,,0,0,0,0,0
547,P10275,1,,0,,0,,0,0,0,0,0
548,P10321,1,,0,,0,,0,0,0,0,0
549,P10451,0,,0,,0,,0,0,0,0,0
550,P10586,1,,0,,0,,0,0,0,0,0
551,P10600,1,,0,,0,,0,0,0,0,0
552,P10646,0,,0,,0,,0,0,0,0,0
553,P10720,0,,0,,0,,0,0,0,0,0
554,P10721,1,,0,,0,,0,0,0,0,0
555,P10745,0,,0,,0,,0,0,0,0,0
556,P10747,1,,0,,0,,0,0,0,0,0
557,P10767,0,,0,,0,,0,0,0,0,0
558,P10909,0,,0,,0,,0,0,0,0,0
559,P10912,1,,0,,0,,0,0,0,0,0
560,P10915,0,,0,,0,,0,0,0,0,0
561,P10966,1,,0,,0,,0,0,0,0,0
562,P10997,0,,0,,0,,0,0,0,0,0
563,P11047,1,,0,,0,,0,0,0,0,0
564,P11049,1,,0,,0,,0,0,0,0,0
565,P11142,0,,0,,0,,0,0,0,0,0
566,P11150,0,,0,,0,,0,0,0,0,0
567,P11168,1,,0,,0,,0,0,0,0,0
568,P11215,1,,0,,0,,0,0,0,0,0
569,P11226,1,,0,,0,,0,0,0,0,0
570,P11229,1,,0,,0,,0,0,0,0,0
571,P11230,1,,0,,0,,0,0,0,0,0
572,P11279,1,,0,,0,,0,0,0,0,0
573,P11362,1,,0,,0,,0,0,0,0,0
574,P11487,0,,0,,0,,0,0,0,0,0
575,P11684,0,,0,,0,,0,0,0,0,0
576,P11717,1,,0,,0,,0,0,0,0,0
577,P11836,0,,0,,0,,0,0,0,0,0
578,P11912,1,,0,,0,,0,0,0,0,0
579,P12004,0,,0,,0,,0,0,0,0,0
580,P12034,0,,0,,0,,0,0,0,0,0
581,P12107,0,,0,,0,,0,0,0,0,0
582,P12109,0,,0,,0,,0,0,0,0,0
583,P12110,0,,0,,0,,0,0,0,0,0
584,P12111,0,,0,,0,,0,0,0,0,0
585,P12272,0,,0,,0,,0,0,0,0,0
586,P12273,0,,0,,0,,0,0,0,0,0
587,P12314,1,,0,,0,,0,0,0,0,0
588,P12318,1,,0,,0,,0,0,0,0,0
589,P12319,1,,0,,0,,0,0,0,0,0
590,P12544,0,,0,,0,,0,0,0,0,0
591,P12643,1,,0,,0,,0,0,0,0,0
592,P12644,1,,0,,0,,0,0,0,0,0
593,P12645,0,,0,,0,,0,0,0,0,0
594,P12821,0,,0,,0,,0,0,0,0,0
595,P12830,1,,0,,0,,0,0,0,0,0
596,P12872,0,,0,,0,,0,0,0,0,0
597,P12955,0,,0,,0,,0,0,0,0,0
598,P13164,1,,0,,0,,0,0,0,0,0
599,P13224,1,,0,,0,,0,0,0,0,0
600,P13232,0,,0,,0,,0,0,0,0,0
601,P13236,0,,0,,0,,0,0,0,0,0
602,P13385,1,,0,,0,,0,0,0,0,0
603,P13473,1,,0,,0,,0,0,0,0,0
604,P13497,0,,0,,0,,0,0,0,0,0
605,P13500,0,,0,,0,,0,0,0,0,0
606,P13501,0,,0,,0,,0,0,0,0,0
607,P13569,1,,0,,0,,0,0,0,0,0
608,P13591,1,,0,,0,,0,0,0,0,0
609,P13598,1,,0,,0,,0,0,0,0,0
610,P13611,1,,0,,0,,0,0,0,0,0
611,P13612,1,,0,,0,,0,0,0,0,0
612,P13637,1,,0,,0,,0,0,0,0,0
613,P13688,1,,0,,0,,0,0,0,0,0
614,P13725,0,,0,,0,,0,0,0,0,0
615,P13726,1,,0,,0,,0,0,0,0,0
616,P13747,1,,0,,0,,0,0,0,0,0
617,P13762,0,,0,,0,,0,0,0,0,0
618,P13765,0,,0,,0,,0,0,0,0,0
619,P13942,0,,0,,0,,0,0,0,0,0
620,P13945,1,,0,,0,,0,0,0,0,0
621,P13987,0,,0,,0,,0,0,0,0,0
622,P14136,0,,0,,0,,0,0,0,0,0
623,P14138,0,,0,,0,,0,0,0,0,0
624,P14151,1,,0,,0,,0,0,0,0,0
625,P14174,0,,0,,0,,0,0,0,0,0
626,P14209,0,,0,,0,,0,0,0,0,0
627,P14210,0,,0,,0,,0,0,0,0,0
628,P14410,0,,0,,0,,0,0,0,0,0
629,P14416,1,,0,,0,,0,0,0,0,0
630,P14543,0,,0,,0,,0,0,0,0,0
631,P14555,0,,0,,0,,0,0,0,0,0
632,P14618,0,,0,,0,,0,0,0,0,0
633,P14625,0,,0,,0,,0,0,0,0,0
634,P14770,1,,0,,0,,0,0,0,0,0
635,P14778,1,,0,,0,,0,0,0,0,0
636,P14780,0,,0,,0,,0,0,0,0,0
637,P14784,1,,0,,0,,0,0,0,0,0
638,P15018,0,,0,,0,,0,0,0,0,0
639,P15144,0,,0,,0,,0,0,0,0,0
640,P15151,1,,0,,0,,0,0,0,0,0
641,P15248,0,,0,,0,,0,0,0,0,0
642,P15260,1,,0,,0,,0,0,0,0,0
643,P15311,1,,0,,0,,0,0,0,0,0
644,P15391,1,,0,,0,,0,0,0,0,0
645,P15509,1,,0,,0,,0,0,0,0,0
646,P15514,1,,0,,0,,0,0,0,0,0
647,P15529,1,,0,,0,,0,0,0,0,0
648,P15692,1,,0,,0,,0,0,0,0,0
649,P15813,0,,0,,0,,0,0,0,0,0
650,P15907,0,,0,,0,,0,0,0,0,0
651,P15941,1,,0,,0,,0,0,0,0,0
652,P16035,0,,0,,0,,0,0,0,0,0
653,P16066,1,,0,,0,,0,0,0,0,0
654,P16070,1,,0,,0,,0,0,0,0,0
655,P16109,1,,0,,0,,0,0,0,0,0
656,P16112,1,,0,,0,,0,0,0,0,0
657,P16144,1,,0,,0,,0,0,0,0,0
658,P16150,1,,0,,0,,0,0,0,0,0
659,P16234,1,,0,,0,,0,0,0,0,0
660,P16284,1,,0,,0,,0,0,0,0,0
661,P16389,0,,0,,0,,0,0,0,0,0
662,P16410,1,,0,,0,,0,0,0,0,0
663,P16422,1,,0,,0,,0,0,0,0,0
664,P16471,1,,0,,0,,0,0,0,0,0
665,P16473,1,,0,,0,,0,0,0,0,0
666,P16520,0,,0,,0,,0,0,0,0,0
667,P16562,0,,0,,0,,0,0,0,0,0
668,P16581,1,,0,,0,,0,0,0,0,0
669,P16619,0,,0,,0,,0,0,0,0,0
670,P16671,1,,0,,0,,0,0,0,0,0
671,P16860,0,,0,,0,,0,0,0,0,0
672,P16871,1,,0,,0,,0,0,0,0,0
673,P17181,1,,0,,0,,0,0,0,0,0
674,P17213,0,,0,,0,,0,0,0,0,0
675,P17301,1,,0,,0,,0,0,0,0,0
676,P17342,1,,0,,0,,0,0,0,0,0
677,P17693,1,,0,,0,,0,0,0,0,0
678,P17752,0,,0,,0,,0,0,0,0,0
679,P17787,1,,0,,0,,0,0,0,0,0
680,P17813,1,,0,,0,,0,0,0,0,0
681,P17927,1,,0,,0,,0,0,0,0,0
682,P17931,0,,0,,0,,0,0,0,0,0
683,P17936,0,,0,,0,,0,0,0,0,0
684,P17948,1,,0,,0,,0,0,0,0,0
685,P18065,0,,0,,0,,0,0,0,0,0
686,P18075,1,,0,,0,,0,0,0,0,0
687,P18084,1,,0,,0,,0,0,0,0,0
688,P18085,0,,0,,0,,0,0,0,0,0
689,P18089,0,,0,,0,,0,0,0,0,0
690,P18206,0,,0,,0,,0,0,0,0,0
691,P18433,1,,0,,0,,0,0,0,0,0
692,P18509,1,,0,,0,,0,0,0,0,0
693,P18510,0,,0,,0,,0,0,0,0,0
694,P18564,1,,0,,0,,0,0,0,0,0
695,P18627,1,,0,,0,,0,0,0,0,0
696,P18827,1,,0,,0,,0,0,0,0,0
697,P19021,0,,0,,0,,0,0,0,0,0
698,P19022,1,,0,,0,,0,0,0,0,0
699,P19113,0,,0,,0,,0,0,0,0,0
700,P19235,1,,0,,0,,0,0,0,0,0
701,P19256,0,,0,,0,,0,0,0,0,0
702,P19320,1,,0,,0,,0,0,0,0,0
703,P19397,1,,0,,0,,0,0,0,0,0
704,P19438,1,,0,,0,,0,0,0,0,0
705,P19440,0,,0,,0,,0,0,0,0,0
706,P19793,1,,0,,0,,0,0,0,0,0
707,P19823,0,,0,,0,,0,0,0,0,0
708,P19835,0,,0,,0,,0,0,0,0,0
709,P19875,1,,0,,0,,0,0,0,0,0
710,P19876,0,,0,,0,,0,0,0,0,0
711,P19883,0,,0,,0,,0,0,0,0,0
712,P19957,0,,0,,0,,0,0,0,0,0
713,P20023,1,,0,,0,,0,0,0,0,0
714,P20036,1,,0,,0,,0,0,0,0,0
715,P20061,0,,0,,0,,0,0,0,0,0
716,P20062,0,,0,,0,,0,0,0,0,0
717,P20138,1,,0,,0,,0,0,0,0,0
718,P20231,0,,0,,0,,0,0,0,0,0
719,P20273,1,,0,,0,,0,0,0,0,0
720,P20292,0,,0,,0,,0,0,0,0,0
721,P20309,1,,0,,0,,0,0,0,0,0
722,P20333,1,,0,,0,,0,0,0,0,0
723,P20366,0,,0,,0,,0,0,0,0,0
724,P20382,0,,0,,0,,0,0,0,0,0
725,P20396,0,,0,,0,,0,0,0,0,0
726,P20594,1,,0,,0,,0,0,0,0,0
727,P20701,1,,0,,0,,0,0,0,0,0
728,P20702,1,,0,,0,,0,0,0,0,0
729,P20774,0,,0,,0,,0,0,0,0,0
730,P20783,1,,0,,0,,0,0,0,0,0
731,P20800,0,,0,,0,,0,0,0,0,0
732,P20809,0,,0,,0,,0,0,0,0,0
733,P20827,1,,0,,0,,0,0,0,0,0
734,P20849,0,,0,,0,,0,0,0,0,0
735,P20908,0,,0,,0,,0,0,0,0,0
736,P20916,1,,0,,0,,0,0,0,0,0
737,P21246,1,,0,,0,,0,0,0,0,0
738,P21333,0,,0,,0,,0,0,0,0,0
739,P21452,1,,0,,0,,0,0,0,0,0
740,P21453,1,,0,,0,,0,0,0,0,0
741,P21462,1,,0,,0,,0,0,0,0,0
742,P21554,1,,0,,0,,0,0,0,0,0
743,P21579,1,,0,,0,,0,0,0,0,0
744,P21583,0,,0,,0,,0,0,0,0,0
745,P21589,1,,0,,0,,0,0,0,0,0
746,P21709,1,,0,,0,,0,0,0,0,0
747,P21730,1,,0,,0,,0,0,0,0,0
748,P21731,1,,0,,0,,0,0,0,0,0
749,P21741,1,,0,,0,,0,0,0,0,0
750,P21754,0,,0,,0,,0,0,0,0,0
751,P21781,0,,0,,0,,0,0,0,0,0
752,P21802,1,,0,,0,,0,0,0,0,0
753,P21810,0,,0,,0,,0,0,0,0,0
754,P21815,0,,0,,0,,0,0,0,0,0
755,P21817,1,,0,,0,,0,0,0,0,0
756,P21854,1,,0,,0,,0,0,0,0,0
757,P21860,1,,0,,0,,0,0,0,0,0
758,P21926,1,,0,,0,,0,0,0,0,0
759,P21941,0,,0,,0,,0,0,0,0,0
760,P21980,0,,0,,0,,0,0,0,0,0
761,P22001,1,,0,,0,,0,0,0,0,0
762,P22003,1,,0,,0,,0,0,0,0,0
763,P22004,1,,0,,0,,0,0,0,0,0
764,P22105,0,,0,,0,,0,0,0,0,0
765,P22301,0,,0,,0,,0,0,0,0,0
766,P22362,0,,0,,0,,0,0,0,0,0
767,P22413,0,,0,,0,,0,0,0,0,0
768,P22455,1,,0,,0,,0,0,0,0,0
769,P22466,0,,0,,0,,0,0,0,0,0
770,P22607,1,,0,,0,,0,0,0,0,0
771,P22681,1,,0,,0,,0,0,0,0,0
772,P22692,0,,0,,0,,0,0,0,0,0
773,P22888,1,,0,,0,,0,0,0,0,0
774,P22897,0,,0,,0,,0,0,0,0,0
775,P23142,0,,0,,0,,0,0,0,0,0
776,P23229,1,,0,,0,,0,0,0,0,0
777,P23276,1,,0,,0,,0,0,0,0,0
778,P23297,0,,0,,0,,0,0,0,0,0
779,P23352,0,,0,,0,,0,0,0,0,0
780,P23416,1,,0,,0,,0,0,0,0,0
781,P23458,1,,0,,0,,0,0,0,0,0
782,P23467,1,,0,,0,,0,0,0,0,0
783,P23468,1,,0,,0,,0,0,0,0,0
784,P23470,1,,0,,0,,0,0,0,0,0
785,P23471,1,,0,,0,,0,0,0,0,0
786,P23510,1,,0,,0,,0,0,0,0,0
787,P23515,0,,0,,0,,0,0,0,0,0
788,P23560,1,,0,,0,,0,0,0,0,0
789,P23582,0,,0,,0,,0,0,0,0,0
790,P23945,1,,0,,0,,0,0,0,0,0
791,P24001,0,,0,,0,,0,0,0,0,0
792,P24043,1,,0,,0,,0,0,0,0,0
793,P24071,1,,0,,0,,0,0,0,0,0
794,P24394,1,,0,,0,,0,0,0,0,0
795,P24530,1,,0,,0,,0,0,0,0,0
796,P24592,0,,0,,0,,0,0,0,0,0
797,P24593,0,,0,,0,,0,0,0,0,0
798,P24821,1,,0,,0,,0,0,0,0,0
799,P24844,0,,0,,0,,0,0,0,0,0
800,P25021,1,,0,,0,,0,0,0,0,0
801,P25024,1,,0,,0,,0,0,0,0,0
802,P25025,1,,0,,0,,0,0,0,0,0
803,P25054,0,,0,,0,,0,0,0,0,0
804,P25063,0,,0,,0,,0,0,0,0,0
805,P25067,0,,0,,0,,0,0,0,0,0
806,P25089,1,,0,,0,,0,0,0,0,0
807,P25090,1,,0,,0,,0,0,0,0,0
808,P25092,1,,0,,0,,0,0,0,0,0
809,P25098,0,,0,,0,,0,0,0,0,0
810,P25101,1,,0,,0,,0,0,0,0,0
811,P25103,1,,0,,0,,0,0,0,0,0
812,P25105,0,,0,,0,,0,0,0,0,0
813,P25106,1,,0,,0,,0,0,0,0,0
814,P25116,1,,0,,0,,0,0,0,0,0
815,P25189,1,,0,,0,,0,0,0,0,0
816,P25311,0,,0,,0,,0,0,0,0,0
817,P25391,0,,0,,0,,0,0,0,0,0
818,P25445,1,,0,,0,,0,0,0,0,0
819,P25929,1,,0,,0,,0,0,0,0,0
820,P25940,0,,0,,0,,0,0,0,0,0
821,P25942,1,,0,,0,,0,0,0,0,0
822,P26006,1,,0,,0,,0,0,0,0,0
823,P26010,1,,0,,0,,0,0,0,0,0
824,P26012,1,,0,,0,,0,0,0,0,0
825,P26038,1,,0,,0,,0,0,0,0,0
826,P26441,0,,0,,0,,0,0,0,0,0
827,P26447,0,,0,,0,,0,0,0,0,0
828,P26715,1,,0,,0,,0,0,0,0,0
829,P26717,1,,0,,0,,0,0,0,0,0
830,P26718,1,,0,,0,,0,0,0,0,0
831,P26842,1,,0,,0,,0,0,0,0,0
832,P26927,1,,0,,0,,0,0,0,0,0
833,P26951,1,,0,,0,,0,0,0,0,0
834,P26992,1,,0,,0,,0,0,0,0,0
835,P27037,1,,0,,0,,0,0,0,0,0
836,P27348,1,,0,,0,,0,0,0,0,0
837,P27482,0,,0,,0,,0,0,0,0,0
838,P27487,1,,0,,0,,0,0,0,0,0
839,P27539,1,,0,,0,,0,0,0,0,0
840,P27658,0,,0,,0,,0,0,0,0,0
841,P27701,1,,0,,0,,0,0,0,0,0
842,P27797,1,,0,,0,,0,0,0,0,0
843,P27824,1,,0,,0,,0,0,0,0,0
844,P27918,0,,0,,0,,0,0,0,0,0
845,P27930,1,,0,,0,,0,0,0,0,0
846,P27986,0,,0,,0,,0,0,0,0,0
847,P28067,0,,0,,0,,0,0,0,0,0
848,P28068,0,,0,,0,,0,0,0,0,0
849,P28161,0,,0,,0,,0,0,0,0,0
850,P28221,1,,0,,0,,0,0,0,0,0
851,P28222,1,,0,,0,,0,0,0,0,0
852,P28223,1,,0,,0,,0,0,0,0,0
853,P28335,1,,0,,0,,0,0,0,0,0
854,P28336,1,,0,,0,,0,0,0,0,0
855,P28482,0,,0,,0,,0,0,0,0,0
856,P28566,1,,0,,0,,0,0,0,0,0
857,P28799,0,,0,,0,,0,0,0,0,0
858,P28827,1,,0,,0,,0,0,0,0,0
859,P28906,1,,0,,0,,0,0,0,0,0
860,P28907,1,,0,,0,,0,0,0,0,0
861,P28908,1,,0,,0,,0,0,0,0,0
862,P29016,1,,0,,0,,0,0,0,0,0
863,P29274,1,,0,,0,,0,0,0,0,0
864,P29275,1,,0,,0,,0,0,0,0,0
865,P29279,0,,0,,0,,0,0,0,0,0
866,P29317,1,,0,,0,,0,0,0,0,0
867,P29320,1,,0,,0,,0,0,0,0,0
868,P29322,1,,0,,0,,0,0,0,0,0
869,P29323,1,,0,,0,,0,0,0,0,0
870,P29350,0,,0,,0,,0,0,0,0,0
871,P29371,1,,0,,0,,0,0,0,0,0
872,P29376,1,,0,,0,,0,0,0,0,0
873,P29400,1,,0,,0,,0,0,0,0,0
874,P29459,0,,0,,0,,0,0,0,0,0
875,P29460,1,,0,,0,,0,0,0,0,0
876,P29597,0,,0,,0,,0,0,0,0,0
877,P29965,0,,0,,0,,0,0,0,0,0
878,P29972,1,,0,,0,,0,0,0,0,0
879,P29992,1,,0,,0,,0,0,0,0,0
880,P30203,1,,0,,0,,0,0,0,0,0
881,P30301,1,,0,,0,,0,0,0,0,0
882,P30411,1,,0,,0,,0,0,0,0,0
883,P30511,1,,0,,0,,0,0,0,0,0
884,P30518,1,,0,,0,,0,0,0,0,0
885,P30530,1,,0,,0,,0,0,0,0,0
886,P30532,1,,0,,0,,0,0,0,0,0
887,P30533,1,,0,,0,,0,0,0,0,0
888,P30542,1,,0,,0,,0,0,0,0,0
889,P30550,1,,0,,0,,0,0,0,0,0
890,P30556,1,,0,,0,,0,0,0,0,0
891,P30559,1,,0,,0,,0,0,0,0,0
892,P30679,0,,0,,0,,0,0,0,0,0
893,P30825,1,,0,,0,,0,0,0,0,0
894,P30872,1,,0,,0,,0,0,0,0,0
895,P30874,1,,0,,0,,0,0,0,0,0
896,P30926,1,,0,,0,,0,0,0,0,0
897,P30939,1,,0,,0,,0,0,0,0,0
898,P30953,1,,0,,0,,0,0,0,0,0
899,P30968,1,,0,,0,,0,0,0,0,0
900,P30988,1,,0,,0,,0,0,0,0,0
901,P30989,1,,0,,0,,0,0,0,0,0
902,P30990,0,,0,,0,,0,0,0,0,0
903,P31025,0,,0,,0,,0,0,0,0,0
904,P31358,0,,0,,0,,0,0,0,0,0
905,P31371,0,,0,,0,,0,0,0,0,0
906,P31391,1,,0,,0,,0,0,0,0,0
907,P31431,1,,0,,0,,0,0,0,0,0
908,P31785,1,,0,,0,,0,0,0,0,0
909,P31997,1,,0,,0,,0,0,0,0,0
910,P32004,1,,0,,0,,0,0,0,0,0
911,P32121,0,,0,,0,,0,0,0,0,0
912,P32238,1,,0,,0,,0,0,0,0,0
913,P32239,1,,0,,0,,0,0,0,0,0
914,P32241,1,,0,,0,,0,0,0,0,0
915,P32245,1,,0,,0,,0,0,0,0,0
916,P32246,1,,0,,0,,0,0,0,0,0
917,P32247,1,,0,,0,,0,0,0,0,0
918,P32248,1,,0,,0,,0,0,0,0,0
919,P32297,1,,0,,0,,0,0,0,0,0
920,P32302,1,,0,,0,,0,0,0,0,0
921,P32745,1,,0,,0,,0,0,0,0,0
922,P32881,0,,0,,0,,0,0,0,0,0
923,P32926,1,,0,,0,,0,0,0,0,0
924,P32927,1,,0,,0,,0,0,0,0,0
925,P32942,1,,0,,0,,0,0,0,0,0
926,P32970,1,,0,,0,,0,0,0,0,0
927,P32971,1,,0,,0,,0,0,0,0,0
928,P33032,1,,0,,0,,0,0,0,0,0
929,P33151,1,,0,,0,,0,0,0,0,0
930,P33681,1,,0,,0,,0,0,0,0,0
931,P34130,0,,0,,0,,0,0,0,0,0
932,P34741,1,,0,,0,,0,0,0,0,0
933,P34810,1,,0,,0,,0,0,0,0,0
934,P34820,1,,0,,0,,0,0,0,0,0
935,P34925,1,,0,,0,,0,0,0,0,0
936,P34932,0,,0,,0,,0,0,0,0,0
937,P34947,0,,0,,0,,0,0,0,0,0
938,P34969,1,,0,,0,,0,0,0,0,0
939,P34972,1,,0,,0,,0,0,0,0,0
940,P34981,1,,0,,0,,0,0,0,0,0
941,P34998,1,,0,,0,,0,0,0,0,0
942,P35030,0,,0,,0,,0,0,0,0,0
943,P35052,1,,0,,0,,0,0,0,0,0
944,P35070,1,,0,,0,,0,0,0,0,0
945,P35222,0,,0,,0,,0,0,0,0,0
946,P35225,0,,0,,0,,0,0,0,0,0
947,P35247,0,,0,,0,,0,0,0,0,0
948,P35318,0,,0,,0,,0,0,0,0,0
949,P35346,1,,0,,0,,0,0,0,0,0
950,P35348,0,,0,,0,,0,0,0,0,0
951,P35354,0,,0,,0,,0,0,0,0,0
952,P35367,1,,0,,0,,0,0,0,0,0
953,P35368,0,,0,,0,,0,0,0,0,0
954,P35372,1,,0,,0,,0,0,0,0,0
955,P35408,1,,0,,0,,0,0,0,0,0
956,P35414,1,,0,,0,,0,0,0,0,0
957,P35442,1,,0,,0,,0,0,0,0,0
958,P35443,0,,0,,0,,0,0,0,0,0
959,P35462,1,,0,,0,,0,0,0,0,0
960,P35499,1,,0,,0,,0,0,0,0,0
961,P35555,0,,0,,0,,0,0,0,0,0
962,P35590,1,,0,,0,,0,0,0,0,0
963,P35613,0,,0,,0,,0,0,0,0,0
964,P35625,0,,0,,0,,0,0,0,0,0
965,P35916,1,,0,,0,,0,0,0,0,0
966,P35968,1,,0,,0,,0,0,0,0,0
967,P36021,1,,0,,0,,0,0,0,0,0
968,P36268,0,,0,,0,,0,0,0,0,0
969,P36544,1,,0,,0,,0,0,0,0,0
970,P36888,1,,0,,0,,0,0,0,0,0
971,P36894,1,,0,,0,,0,0,0,0,0
972,P36896,1,,0,,0,,0,0,0,0,0
973,P36897,1,,0,,0,,0,0,0,0,0
974,P36941,1,,0,,0,,0,0,0,0,0
975,P36955,0,,0,,0,,0,0,0,0,0
976,P37023,1,,0,,0,,0,0,0,0,0
977,P37173,1,,0,,0,,0,0,0,0,0
978,P37287,0,,0,,0,,0,0,0,0,0
979,P37288,1,,0,,0,,0,0,0,0,0
980,P37840,0,,0,,0,,0,0,0,0,0
981,P38484,1,,0,,0,,0,0,0,0,0
982,P38570,1,,0,,0,,0,0,0,0,0
983,P39019,0,,0,,0,,0,0,0,0,0
984,P39060,1,,0,,0,,0,0,0,0,0
985,P39900,0,,0,,0,,0,0,0,0,0
986,P39905,1,,0,,0,,0,0,0,0,0
987,P40145,1,,0,,0,,0,0,0,0,0
988,P40189,1,,0,,0,,0,0,0,0,0
989,P40197,1,,0,,0,,0,0,0,0,0
990,P40198,1,,0,,0,,0,0,0,0,0
991,P40199,1,,0,,0,,0,0,0,0,0
992,P40200,1,,0,,0,,0,0,0,0,0
993,P40222,0,,0,,0,,0,0,0,0,0
994,P40225,0,,0,,0,,0,0,0,0,0
995,P40238,1,,0,,0,,0,0,0,0,0
996,P40259,0,,0,,0,,0,0,0,0,0
997,P40933,0,,0,,0,,0,0,0,0,0
998,P41143,1,,0,,0,,0,0,0,0,0
999,P41145,1,,0,,0,,0,0,0,0,0
1000,P41146,1,,0,,0,,0,0,0,0,0
1001,P41159,0,,0,,0,,0,0,0,0,0
1002,P41161,0,,0,,0,,0,0,0,0,0
1003,P41180,1,,0,,0,,0,0,0,0,0
1004,P41217,1,,0,,0,,0,0,0,0,0
1005,P41221,0,,0,,0,,0,0,0,0,0
1006,P41271,0,,0,,0,,0,0,0,0,0
1007,P41273,0,,0,,0,,0,0,0,0,0
1008,P41586,1,,0,,0,,0,0,0,0,0
1009,P41587,1,,0,,0,,0,0,0,0,0
1010,P41594,1,,0,,0,,0,0,0,0,0
1011,P41595,1,,0,,0,,0,0,0,0,0
1012,P41597,1,,0,,0,,0,0,0,0,0
1013,P41968,1,,0,,0,,0,0,0,0,0
1014,P42081,1,,0,,0,,0,0,0,0,0
1015,P42127,0,,0,,0,,0,0,0,0,0
1016,P42336,0,,0,,0,,0,0,0,0,0
1017,P42701,1,,0,,0,,0,0,0,0,0
1018,P42702,1,,0,,0,,0,0,0,0,0
1019,P42830,0,,0,,0,,0,0,0,0,0
1020,P43026,1,,0,,0,,0,0,0,0,0
1021,P43080,0,,0,,0,,0,0,0,0,0
1022,P43116,1,,0,,0,,0,0,0,0,0
1023,P43119,1,,0,,0,,0,0,0,0,0
1024,P43121,1,,0,,0,,0,0,0,0,0
1025,P43146,1,,0,,0,,0,0,0,0,0
1026,P43220,1,,0,,0,,0,0,0,0,0
1027,P43405,0,,0,,0,,0,0,0,0,0
1028,P43489,1,,0,,0,,0,0,0,0,0
1029,P43490,0,,0,,0,,0,0,0,0,0
1030,P43626,1,,0,,0,,0,0,0,0,0
1031,P43627,1,,0,,0,,0,0,0,0,0
1032,P43628,1,,0,,0,,0,0,0,0,0
1033,P43629,1,,0,,0,,0,0,0,0,0
1034,P43630,1,,0,,0,,0,0,0,0,0
1035,P43631,1,,0,,0,,0,0,0,0,0
1036,P43632,1,,0,,0,,0,0,0,0,0
1037,P43681,1,,0,,0,,0,0,0,0,0
1038,P45452,0,,0,,0,,0,0,0,0,0
1039,P46091,1,,0,,0,,0,0,0,0,0
1040,P46092,1,,0,,0,,0,0,0,0,0
1041,P46094,1,,0,,0,,0,0,0,0,0
1042,P46109,0,,0,,0,,0,0,0,0,0
1043,P46379,0,,0,,0,,0,0,0,0,0
1044,P46531,1,,0,,0,,0,0,0,0,0
1045,P46663,1,,0,,0,,0,0,0,0,0
1046,P47211,1,,0,,0,,0,0,0,0,0
1047,P47870,0,,0,,0,,0,0,0,0,0
1048,P47871,1,,0,,0,,0,0,0,0,0
1049,P47872,1,,0,,0,,0,0,0,0,0
1050,P47890,1,,0,,0,,0,0,0,0,0
1051,P47898,1,,0,,0,,0,0,0,0,0
1052,P47901,1,,0,,0,,0,0,0,0,0
1053,P47972,0,,0,,0,,0,0,0,0,0
1054,P47992,0,,0,,0,,0,0,0,0,0
1055,P48023,1,,0,,0,,0,0,0,0,0
1056,P48029,0,,0,,0,,0,0,0,0,0
1057,P48039,1,,0,,0,,0,0,0,0,0
1058,P48050,1,,0,,0,,0,0,0,0,0
1059,P48061,0,,0,,0,,0,0,0,0,0
1060,P48145,1,,0,,0,,0,0,0,0,0
1061,P48146,1,,0,,0,,0,0,0,0,0
1062,P48357,1,,0,,0,,0,0,0,0,0
1063,P48509,1,,0,,0,,0,0,0,0,0
1064,P48546,1,,0,,0,,0,0,0,0,0
1065,P48551,1,,0,,0,,0,0,0,0,0
1066,P48645,0,,0,,0,,0,0,0,0,0
1067,P48651,0,,0,,0,,0,0,0,0,0
1068,P48745,0,,0,,0,,0,0,0,0,0
1069,P48960,1,,0,,0,,0,0,0,0,0
1070,P49146,1,,0,,0,,0,0,0,0,0
1071,P49190,1,,0,,0,,0,0,0,0,0
1072,P49238,1,,0,,0,,0,0,0,0,0
1073,P49257,0,,0,,0,,0,0,0,0,0
1074,P49286,1,,0,,0,,0,0,0,0,0
1075,P49682,1,,0,,0,,0,0,0,0,0
1076,P49683,1,,0,,0,,0,0,0,0,0
1077,P49685,1,,0,,0,,0,0,0,0,0
1078,P49746,0,,0,,0,,0,0,0,0,0
1079,P49747,0,,0,,0,,0,0,0,0,0
1080,P49763,1,,0,,0,,0,0,0,0,0
1081,P49765,1,,0,,0,,0,0,0,0,0
1082,P49767,1,,0,,0,,0,0,0,0,0
1083,P49768,0,,0,,0,,0,0,0,0,0
1084,P49771,1,,0,,0,,0,0,0,0,0
1085,P49788,0,,0,,0,,0,0,0,0,0
1086,P49795,0,,0,,0,,0,0,0,0,0
1087,P49913,0,,0,,0,,0,0,0,0,0
1088,P49961,0,,0,,0,,0,0,0,0,0
1089,P50052,1,,0,,0,,0,0,0,0,0
1090,P50281,0,,0,,0,,0,0,0,0,0
1091,P50391,1,,0,,0,,0,0,0,0,0
1092,P50406,1,,0,,0,,0,0,0,0,0
1093,P50552,0,,0,,0,,0,0,0,0,0
1094,P50591,1,,0,,0,,0,0,0,0,0
1095,P50895,1,,0,,0,,0,0,0,0,0
1096,P51460,0,,0,,0,,0,0,0,0,0
1097,P51511,0,,0,,0,,0,0,0,0,0
1098,P51512,0,,0,,0,,0,0,0,0,0
1099,P51654,0,,0,,0,,0,0,0,0,0
1100,P51671,0,,0,,0,,0,0,0,0,0
1101,P51677,1,,0,,0,,0,0,0,0,0
1102,P51679,1,,0,,0,,0,0,0,0,0
1103,P51681,1,,0,,0,,0,0,0,0,0
1104,P51684,1,,0,,0,,0,0,0,0,0
1105,P51685,1,,0,,0,,0,0,0,0,0
1106,P51686,1,,0,,0,,0,0,0,0,0
1107,P51693,1,,0,,0,,0,0,0,0,0
1108,P51787,1,,0,,0,,0,0,0,0,0
1109,P51805,1,,0,,0,,0,0,0,0,0
1110,P51828,1,,0,,0,,0,0,0,0,0
1111,P51841,1,,0,,0,,0,0,0,0,0
1112,P51884,0,,0,,0,,0,0,0,0,0
1113,P52797,1,,0,,0,,0,0,0,0,0
1114,P52798,1,,0,,0,,0,0,0,0,0
1115,P52799,1,,0,,0,,0,0,0,0,0
1116,P52803,1,,0,,0,,0,0,0,0,0
1117,P52945,0,,0,,0,,0,0,0,0,0
1118,P52961,1,,0,,0,,0,0,0,0,0
1119,P53420,0,,0,,0,,0,0,0,0,0
1120,P53621,0,,0,,0,,0,0,0,0,0
1121,P53708,1,,0,,0,,0,0,0,0,0
1122,P53985,1,,0,,0,,0,0,0,0,0
1123,P54108,0,,0,,0,,0,0,0,0,0
1124,P54577,0,,0,,0,,0,0,0,0,0
1125,P54750,1,,0,,0,,0,0,0,0,0
1126,P54753,1,,0,,0,,0,0,0,0,0
1127,P54756,1,,0,,0,,0,0,0,0,0
1128,P54760,1,,0,,0,,0,0,0,0,0
1129,P54762,1,,0,,0,,0,0,0,0,0
1130,P54764,1,,0,,0,,0,0,0,0,0
1131,P55000,0,,0,,0,,0,0,0,0,0
1132,P55001,0,,0,,0,,0,0,0,0,0
1133,P55056,0,,0,,0,,0,0,0,0,0
1134,P55058,0,,0,,0,,0,0,0,0,0
1135,P55064,1,,0,,0,,0,0,0,0,0
1136,P55075,0,,0,,0,,0,0,0,0,0
1137,P55085,1,,0,,0,,0,0,0,0,0
1138,P55089,0,,0,,0,,0,0,0,0,0
1139,P55103,1,,0,,0,,0,0,0,0,0
1140,P55107,0,,0,,0,,0,0,0,0,0
1141,P55157,1,,0,,0,,0,0,0,0,0
1142,P55196,0,,0,,0,,0,0,0,0,0
1143,P55268,1,,0,,0,,0,0,0,0,0
1144,P55285,1,,0,,0,,0,0,0,0,0
1145,P55287,1,,0,,0,,0,0,0,0,0
1146,P55290,0,,0,,0,,0,0,0,0,0
1147,P55773,0,,0,,0,,0,0,0,0,0
1148,P55774,0,,0,,0,,0,0,0,0,0
1149,P55899,1,,0,,0,,0,0,0,0,0
1150,P56159,1,,0,,0,,0,0,0,0,0
1151,P56199,1,,0,,0,,0,0,0,0,0
1152,P56703,1,,0,,0,,0,0,0,0,0
1153,P56704,1,,0,,0,,0,0,0,0,0
1154,P56705,1,,0,,0,,0,0,0,0,0
1155,P56706,1,,0,,0,,0,0,0,0,0
1156,P56747,1,,0,,0,,0,0,0,0,0
1157,P56748,1,,0,,0,,0,0,0,0,0
1158,P56817,1,,0,,0,,0,0,0,0,0
1159,P56975,1,,0,,0,,0,0,0,0,0
1160,P57057,1,,0,,0,,0,0,0,0,0
1161,P57087,1,,0,,0,,0,0,0,0,0
1162,P57739,1,,0,,0,,0,0,0,0,0
1163,P58166,1,,0,,0,,0,0,0,0,0
1164,P58294,0,,0,,0,,0,0,0,0,0
1165,P58400,1,,0,,0,,0,0,0,0,0
1166,P58401,1,,0,,0,,0,0,0,0,0
1167,P58417,0,,0,,0,,0,0,0,0,0
1168,P58499,0,,0,,0,,0,0,0,0,0
1169,P59901,1,,0,,0,,0,0,0,0,0
1170,P60022,0,,0,,0,,0,0,0,0,0
1171,P60033,1,,0,,0,,0,0,0,0,0
1172,P60568,1,,0,,0,,0,0,0,0,0
1173,P60903,0,,0,,0,,0,0,0,0,0
1174,P61073,1,,0,,0,,0,0,0,0,0
1175,P61160,1,,0,,0,,0,0,0,0,0
1176,P61278,0,,0,,0,,0,0,0,0,0
1177,P61328,0,,0,,0,,0,0,0,0,0
1178,P61366,0,,0,,0,,0,0,0,0,0
1179,P61626,0,,0,,0,,0,0,0,0,0
1180,P61769,1,,0,,0,,0,0,0,0,0
1181,P61812,1,,0,,0,,0,0,0,0,0
1182,P61978,1,,0,,0,,0,0,0,0,0
1183,P62079,1,,0,,0,,0,0,0,0,0
1184,P62330,0,,0,,0,,0,0,0,0,0
1185,P62873,0,,0,,0,,0,0,0,0,0
1186,P62979,0,,0,,0,,0,0,0,0,0
1187,P62987,0,,0,,0,,0,0,0,0,0
1188,P63096,0,,0,,0,,0,0,0,0,0
1189,P63244,1,,0,,0,,0,0,0,0,0
1190,P67809,0,,0,,0,,0,0,0,0,0
1191,P78310,0,,0,,0,,0,0,0,0,0
1192,P78324,1,,0,,0,,0,0,0,0,0
1193,P78357,1,,0,,0,,0,0,0,0,0
1194,P78380,1,,0,,0,,0,0,0,0,0
1195,P78410,1,,0,,0,,0,0,0,0,0
1196,P78417,0,,0,,0,,0,0,0,0,0
1197,P78423,0,,0,,0,,0,0,0,0,0
1198,P78504,1,,0,,0,,0,0,0,0,0
1199,P78508,1,,0,,0,,0,0,0,0,0
1200,P78509,0,,0,,0,,0,0,0,0,0
1201,P78536,1,,0,,0,,0,0,0,0,0
1202,P78552,1,,0,,0,,0,0,0,0,0
1203,P78556,0,,0,,0,,0,0,0,0,0
1204,P78562,1,,0,,0,,0,0,0,0,0
1205,P79483,0,,0,,0,,0,0,0,0,0
1206,P80075,0,,0,,0,,0,0,0,0,0
1207,P80098,0,,0,,0,,0,0,0,0,0
1208,P80162,0,,0,,0,,0,0,0,0,0
1209,P80188,0,,0,,0,,0,0,0,0,0
1210,P80303,0,,0,,0,,0,0,0,0,0
1211,P80370,1,,0,,0,,0,0,0,0,0
1212,P80511,0,,0,,0,,0,0,0,0,0
1213,P81277,0,,0,,0,,0,0,0,0,0
1214,P81534,0,,0,,0,,0,0,0,0,0
1215,P83859,0,,0,,0,,0,0,0,0,0
1216,P84022,1,,0,,0,,0,0,0,0,0
1217,P84077,0,,0,,0,,0,0,0,0,0
1218,P98088,1,,0,,0,,0,0,0,0,0
1219,P98095,0,,0,,0,,0,0,0,0,0
1220,P98155,1,,0,,0,,0,0,0,0,0
1221,P98160,0,,0,,0,,0,0,0,0,0
1222,P98164,1,,0,,0,,0,0,0,0,0
1223,P98172,1,,0,,0,,0,0,0,0,0
1224,Q00005,0,,0,,0,,0,0,0,0,0
1225,Q00604,0,,0,,0,,0,0,0,0,0
1226,Q00887,0,,0,,0,,0,0,0,0,0
1227,Q00888,0,,0,,0,,0,0,0,0,0
1228,Q00889,0,,0,,0,,0,0,0,0,0
1229,Q00994,1,,0,,0,,0,0,0,0,0
1230,Q01064,1,,0,,0,,0,0,0,0,0
1231,Q01113,1,,0,,0,,0,0,0,0,0
1232,Q01151,1,,0,,0,,0,0,0,0,0
1233,Q01344,1,,0,,0,,0,0,0,0,0
1234,Q01469,0,,0,,0,,0,0,0,0,0
1235,Q01518,1,,0,,0,,0,0,0,0,0
1236,Q01638,1,,0,,0,,0,0,0,0,0
1237,Q01650,1,,0,,0,,0,0,0,0,0
1238,Q01718,1,,0,,0,,0,0,0,0,0
1239,Q01726,1,,0,,0,,0,0,0,0,0
1240,Q01955,1,,0,,0,,0,0,0,0,0
1241,Q01973,1,,0,,0,,0,0,0,0,0
1242,Q01974,1,,0,,0,,0,0,0,0,0
1243,Q02094,1,,0,,0,,0,0,0,0,0
1244,Q02223,1,,0,,0,,0,0,0,0,0
1245,Q02246,1,,0,,0,,0,0,0,0,0
1246,Q02297,1,,0,,0,,0,0,0,0,0
1247,Q02388,0,,0,,0,,0,0,0,0,0
1248,Q02413,1,,0,,0,,0,0,0,0,0
1249,Q02487,0,,0,,0,,0,0,0,0,0
1250,Q02643,1,,0,,0,,0,0,0,0,0
1251,Q02747,1,,0,,0,,0,0,0,0,0
1252,Q02763,1,,0,,0,,0,0,0,0,0
1253,Q02817,0,,0,,0,,0,0,0,0,0
1254,Q02846,1,,0,,0,,0,0,0,0,0
1255,Q03135,1,,0,,0,,0,0,0,0,0
1256,Q03167,1,,0,,0,,0,0,0,0,0
1257,Q03403,0,,0,,0,,0,0,0,0,0
1258,Q03405,1,,0,,0,,0,0,0,0,0
1259,Q03431,1,,0,,0,,0,0,0,0,0
1260,Q03692,0,,0,,0,,0,0,0,0,0
1261,Q04721,1,,0,,0,,0,0,0,0,0
1262,Q04771,1,,0,,0,,0,0,0,0,0
1263,Q04844,1,,0,,0,,0,0,0,0,0
1264,Q04912,1,,0,,0,,0,0,0,0,0
1265,Q05397,0,,0,,0,,0,0,0,0,0
1266,Q05707,0,,0,,0,,0,0,0,0,0
1267,Q05901,1,,0,,0,,0,0,0,0,0
1268,Q06124,0,,0,,0,,0,0,0,0,0
1269,Q06187,0,,0,,0,,0,0,0,0,0
1270,Q06418,1,,0,,0,,0,0,0,0,0
1271,Q06481,1,,0,,0,,0,0,0,0,0
1272,Q06643,1,,0,,0,,0,0,0,0,0
1273,Q06828,0,,0,,0,,0,0,0,0,0
1274,Q07001,1,,0,,0,,0,0,0,0,0
1275,Q07011,1,,0,,0,,0,0,0,0,0
1276,Q07021,1,,0,,0,,0,0,0,0,0
1277,Q07075,1,,0,,0,,0,0,0,0,0
1278,Q07092,0,,0,,0,,0,0,0,0,0
1279,Q07108,1,,0,,0,,0,0,0,0,0
1280,Q07157,1,,0,,0,,0,0,0,0,0
1281,Q07325,0,,0,,0,,0,0,0,0,0
1282,Q07326,0,,0,,0,,0,0,0,0,0
1283,Q07444,1,,0,,0,,0,0,0,0,0
1284,Q07654,0,,0,,0,,0,0,0,0,0
1285,Q07954,1,,0,,0,,0,0,0,0,0
1286,Q08334,1,,0,,0,,0,0,0,0,0
1287,Q08345,1,,0,,0,,0,0,0,0,0
1288,Q08380,0,,0,,0,,0,0,0,0,0
1289,Q08431,0,,0,,0,,0,0,0,0,0
1290,Q08554,0,,0,,0,,0,0,0,0,0
1291,Q08648,0,,0,,0,,0,0,0,0,0
1292,Q08708,1,,0,,0,,0,0,0,0,0
1293,Q08722,1,,0,,0,,0,0,0,0,0
1294,Q08828,1,,0,,0,,0,0,0,0,0
1295,Q08830,0,,0,,0,,0,0,0,0,0
1296,Q08ET2,1,,0,,0,,0,0,0,0,0
1297,Q09470,0,,0,,0,,0,0,0,0,0
1298,Q10586,0,,0,,0,,0,0,0,0,0
1299,Q10588,0,,0,,0,,0,0,0,0,0
1300,Q10589,0,,0,,0,,0,0,0,0,0
1301,Q12805,0,,0,,0,,0,0,0,0,0
1302,Q12841,0,,0,,0,,0,0,0,0,0
1303,Q12846,1,,0,,0,,0,0,0,0,0
1304,Q12860,1,,0,,0,,0,0,0,0,0
1305,Q12866,1,,0,,0,,0,0,0,0,0
1306,Q12879,1,,0,,0,,0,0,0,0,0
1307,Q12884,1,,0,,0,,0,0,0,0,0
1308,Q12904,0,,0,,0,,0,0,0,0,0
1309,Q12913,1,,0,,0,,0,0,0,0,0
1310,Q12918,1,,0,,0,,0,0,0,0,0
1311,Q12933,1,,0,,0,,0,0,0,0,0
1312,Q13007,0,,0,,0,,0,0,0,0,0
1313,Q13018,1,,0,,0,,0,0,0,0,0
1314,Q13046,0,,0,,0,,0,0,0,0,0
1315,Q13114,1,,0,,0,,0,0,0,0,0
1316,Q13129,0,,0,,0,,0,0,0,0,0
1317,Q13145,1,,0,,0,,0,0,0,0,0
1318,Q13158,1,,0,,0,,0,0,0,0,0
1319,Q13214,0,,0,,0,,0,0,0,0,0
1320,Q13224,1,,0,,0,,0,0,0,0,0
1321,Q13241,1,,0,,0,,0,0,0,0,0
1322,Q13253,0,,0,,0,,0,0,0,0,0
1323,Q13255,1,,0,,0,,0,0,0,0,0
1324,Q13258,1,,0,,0,,0,0,0,0,0
1325,Q13261,1,,0,,0,,0,0,0,0,0
1326,Q13275,0,,0,,0,,0,0,0,0,0
1327,Q13277,1,,0,,0,,0,0,0,0,0
1328,Q13291,1,,0,,0,,0,0,0,0,0
1329,Q13308,1,,0,,0,,0,0,0,0,0
1330,Q13316,0,,0,,0,,0,0,0,0,0
1331,Q13324,1,,0,,0,,0,0,0,0,0
1332,Q13326,1,,0,,0,,0,0,0,0,0
1333,Q13332,1,,0,,0,,0,0,0,0,0
1334,Q13349,1,,0,,0,,0,0,0,0,0
1335,Q13352,0,,0,,0,,0,0,0,0,0
1336,Q13361,0,,0,,0,,0,0,0,0,0
1337,Q13393,1,,0,,0,,0,0,0,0,0
1338,Q13410,0,,0,,0,,0,0,0,0,0
1339,Q13442,0,,0,,0,,0,0,0,0,0
1340,Q13443,0,,0,,0,,0,0,0,0,0
1341,Q13444,1,,0,,0,,0,0,0,0,0
1342,Q13449,0,,0,,0,,0,0,0,0,0
1343,Q13467,1,,0,,0,,0,0,0,0,0
1344,Q13477,1,,0,,0,,0,0,0,0,0
1345,Q13478,1,,0,,0,,0,0,0,0,0
1346,Q13507,1,,0,,0,,0,0,0,0,0
1347,Q13519,0,,0,,0,,0,0,0,0,0
1348,Q13520,1,,0,,0,,0,0,0,0,0
1349,Q13546,1,,0,,0,,0,0,0,0,0
1350,Q13591,1,,0,,0,,0,0,0,0,0
1351,Q13635,1,,0,,0,,0,0,0,0,0
1352,Q13639,1,,0,,0,,0,0,0,0,0
1353,Q13651,1,,0,,0,,0,0,0,0,0
1354,Q13683,1,,0,,0,,0,0,0,0,0
1355,Q13705,1,,0,,0,,0,0,0,0,0
1356,Q13740,1,,0,,0,,0,0,0,0,0
1357,Q13751,0,,0,,0,,0,0,0,0,0
1358,Q13753,1,,0,,0,,0,0,0,0,0
1359,Q13797,1,,0,,0,,0,0,0,0,0
1360,Q13813,0,,0,,0,,0,0,0,0,0
1361,Q13873,1,,0,,0,,0,0,0,0,0
1362,Q13936,1,,0,,0,,0,0,0,0,0
1363,Q14002,1,,0,,0,,0,0,0,0,0
1364,Q14005,0,,0,,0,,0,0,0,0,0
1365,Q14011,0,,0,,0,,0,0,0,0,0
1366,Q14031,1,,0,,0,,0,0,0,0,0
1367,Q14050,0,,0,,0,,0,0,0,0,0
1368,Q14055,0,,0,,0,,0,0,0,0,0
1369,Q14112,0,,0,,0,,0,0,0,0,0
1370,Q14114,1,,0,,0,,0,0,0,0,0
1371,Q14116,0,,0,,0,,0,0,0,0,0
1372,Q14118,1,,0,,0,,0,0,0,0,0
1373,Q14123,1,,0,,0,,0,0,0,0,0
1374,Q14126,1,,0,,0,,0,0,0,0,0
1375,Q14162,1,,0,,0,,0,0,0,0,0
1376,Q14213,0,,0,,0,,0,0,0,0,0
1377,Q14242,1,,0,,0,,0,0,0,0,0
1378,Q14247,0,,0,,0,,0,0,0,0,0
1379,Q14332,1,,0,,0,,0,0,0,0,0
1380,Q14344,0,,0,,0,,0,0,0,0,0
1381,Q14393,1,,0,,0,,0,0,0,0,0
1382,Q14406,0,,0,,0,,0,0,0,0,0
1383,Q14416,1,,0,,0,,0,0,0,0,0
1384,Q14451,0,,0,,0,,0,0,0,0,0
1385,Q14524,1,,0,,0,,0,0,0,0,0
1386,Q14563,0,,0,,0,,0,0,0,0,0
1387,Q14574,0,,0,,0,,0,0,0,0,0
1388,Q14623,1,,0,,0,,0,0,0,0,0
1389,Q14626,1,,0,,0,,0,0,0,0,0
1390,Q14627,1,,0,,0,,0,0,0,0,0
1391,Q14689,1,,0,,0,,0,0,0,0,0
1392,Q14722,0,,0,,0,,0,0,0,0,0
1393,Q14766,1,,0,,0,,0,0,0,0,0
1394,Q14773,1,,0,,0,,0,0,0,0,0
1395,Q14790,0,,0,,0,,0,0,0,0,0
1396,Q14831,1,,0,,0,,0,0,0,0,0
1397,Q14832,1,,0,,0,,0,0,0,0,0
1398,Q14833,1,,0,,0,,0,0,0,0,0
1399,Q14943,1,,0,,0,,0,0,0,0,0
1400,Q14952,1,,0,,0,,0,0,0,0,0
1401,Q14953,1,,0,,0,,0,0,0,0,0
1402,Q14954,1,,0,,0,,0,0,0,0,0
1403,Q14956,1,,0,,0,,0,0,0,0,0
1404,Q14957,1,,0,,0,,0,0,0,0,0
1405,Q14982,1,,0,,0,,0,0,0,0,0
1406,Q15063,0,,0,,0,,0,0,0,0,0
1407,Q15077,1,,0,,0,,0,0,0,0,0
1408,Q15109,1,,0,,0,,0,0,0,0,0
1409,Q15116,1,,0,,0,,0,0,0,0,0
1410,Q15165,0,,0,,0,,0,0,0,0,0
1411,Q15223,1,,0,,0,,0,0,0,0,0
1412,Q15238,0,,0,,0,,0,0,0,0,0
1413,Q15256,1,,0,,0,,0,0,0,0,0
1414,Q15262,1,,0,,0,,0,0,0,0,0
1415,Q15303,1,,0,,0,,0,0,0,0,0
1416,Q15375,1,,0,,0,,0,0,0,0,0
1417,Q15389,1,,0,,0,,0,0,0,0,0
1418,Q15391,1,,0,,0,,0,0,0,0,0
1419,Q15399,1,,0,,0,,0,0,0,0,0
1420,Q15465,1,,0,,0,,0,0,0,0,0
1421,Q15466,0,,0,,0,,0,0,0,0,0
1422,Q15485,0,,0,,0,,0,0,0,0,0
1423,Q15628,1,,0,,0,,0,0,0,0,0
1424,Q15654,0,,0,,0,,0,0,0,0,0
1425,Q15661,0,,0,,0,,0,0,0,0,0
1426,Q15726,0,,0,,0,,0,0,0,0,0
1427,Q15746,1,,0,,0,,0,0,0,0,0
1428,Q15758,1,,0,,0,,0,0,0,0,0
1429,Q15760,1,,0,,0,,0,0,0,0,0
1430,Q15761,1,,0,,0,,0,0,0,0,0
1431,Q15762,1,,0,,0,,0,0,0,0,0
1432,Q15768,1,,0,,0,,0,0,0,0,0
1433,Q15818,0,,0,,0,,0,0,0,0,0
1434,Q15822,1,,0,,0,,0,0,0,0,0
1435,Q15825,1,,0,,0,,0,0,0,0,0
1436,Q15846,0,,0,,0,,0,0,0,0,0
1437,Q15848,0,,0,,0,,0,0,0,0,0
1438,Q15942,0,,0,,0,,0,0,0,0,0
1439,Q16270,0,,0,,0,,0,0,0,0,0
1440,Q16280,1,,0,,0,,0,0,0,0,0
1441,Q16288,1,,0,,0,,0,0,0,0,0
1442,Q16363,1,,0,,0,,0,0,0,0,0
1443,Q16538,1,,0,,0,,0,0,0,0,0
1444,Q16543,0,,0,,0,,0,0,0,0,0
1445,Q16552,1,,0,,0,,0,0,0,0,0
1446,Q16570,1,,0,,0,,0,0,0,0,0
1447,Q16581,1,,0,,0,,0,0,0,0,0
1448,Q16602,1,,0,,0,,0,0,0,0,0
1449,Q16610,0,,0,,0,,0,0,0,0,0
1450,Q16613,0,,0,,0,,0,0,0,0,0
1451,Q16619,0,,0,,0,,0,0,0,0,0
1452,Q16620,1,,0,,0,,0,0,0,0,0
1453,Q16623,1,,0,,0,,0,0,0,0,0
1454,Q16625,1,,0,,0,,0,0,0,0,0
1455,Q16627,0,,0,,0,,0,0,0,0,0
1456,Q16653,1,,0,,0,,0,0,0,0,0
1457,Q16661,0,,0,,0,,0,0,0,0,0
1458,Q16663,0,,0,,0,,0,0,0,0,0
1459,Q16671,1,,0,,0,,0,0,0,0,0
1460,Q16674,0,,0,,0,,0,0,0,0,0
1461,Q16787,0,,0,,0,,0,0,0,0,0
1462,Q16827,1,,0,,0,,0,0,0,0,0
1463,Q16832,1,,0,,0,,0,0,0,0,0
1464,Q17R55,1,,0,,0,,0,0,0,0,0
1465,Q1L6U9,0,,0,,0,,0,0,0,0,0
1466,Q24JP5,1,,0,,0,,0,0,0,0,0
1467,Q29980,1,,0,,0,,0,0,0,0,0
1468,Q29983,1,,0,,0,,0,0,0,0,0
1469,Q2I0M5,0,,0,,0,,0,0,0,0,0
1470,Q2MKA7,0,,0,,0,,0,0,0,0,0
1471,Q2MV58,0,,0,,0,,0,0,0,0,0
1472,Q2VPA4,1,,0,,0,,0,0,0,0,0
1473,Q2VWP7,1,,0,,0,,0,0,0,0,0
1474,Q2WEN9,0,,0,,0,,0,0,0,0,0
1475,Q30154,0,,0,,0,,0,0,0,0,0
1476,Q30201,1,,0,,0,,0,0,0,0,0
1477,Q3KNT9,1,,0,,0,,0,0,0,0,0
1478,Q3KPI0,1,,0,,0,,0,0,0,0,0
1479,Q495A1,1,,0,,0,,0,0,0,0,0
1480,Q496F6,1,,0,,0,,0,0,0,0,0
1481,Q496J9,1,,0,,0,,0,0,0,0,0
1482,Q4G0M1,0,,0,,0,,0,0,0,0,0
1483,Q4KMG0,1,,0,,0,,0,0,0,0,0
1484,Q4VX76,0,,0,,0,,0,0,0,0,0
1485,Q4ZIN3,1,,0,,0,,0,0,0,0,0
1486,Q53GG5,0,,0,,0,,0,0,0,0,0
1487,Q58EX2,1,,0,,0,,0,0,0,0,0
1488,Q5BJH7,1,,0,,0,,0,0,0,0,0
1489,Q5DX21,1,,0,,0,,0,0,0,0,0
1490,Q5H8A3,0,,0,,0,,0,0,0,0,0
1491,Q5HYA8,1,,0,,0,,0,0,0,0,0
1492,Q5JXA9,0,,0,,0,,0,0,0,0,0
1493,Q5JZY3,1,,0,,0,,0,0,0,0,0
1494,Q5KU26,1,,0,,0,,0,0,0,0,0
1495,Q5QGZ9,1,,0,,0,,0,0,0,0,0
1496,Q5SQ64,1,,0,,0,,0,0,0,0,0
1497,Q5SRR4,0,,0,,0,,0,0,0,0,0
1498,Q5T2D2,1,,0,,0,,0,0,0,0,0
1499,Q5T4F7,0,,0,,0,,0,0,0,0,0
1500,Q5T4W7,0,,0,,0,,0,0,0,0,0
1501,Q5T5A4,0,,0,,0,,0,0,0,0,0
1502,Q5T6X5,1,,0,,0,,0,0,0,0,0
1503,Q5T9L3,1,,0,,0,,0,0,0,0,0
1504,Q5TAH2,1,,0,,0,,0,0,0,0,0
1505,Q5TAT6,1,,0,,0,,0,0,0,0,0
1506,Q5VU97,1,,0,,0,,0,0,0,0,0
1507,Q5VWK5,1,,0,,0,,0,0,0,0,0
1508,Q5VY43,1,,0,,0,,0,0,0,0,0
1509,Q5VY80,1,,0,,0,,0,0,0,0,0
1510,Q5ZPR3,1,,0,,0,,0,0,0,0,0
1511,Q68D85,0,,0,,0,,0,0,0,0,0
1512,Q68DV7,1,,0,,0,,0,0,0,0,0
1513,Q6DKI7,1,,0,,0,,0,0,0,0,0
1514,Q6DN72,1,,0,,0,,0,0,0,0,0
1515,Q6EBC2,0,,0,,0,,0,0,0,0,0
1516,Q6EMK4,1,,0,,0,,0,0,0,0,0
1517,Q6FHJ7,0,,0,,0,,0,0,0,0,0
1518,Q6GTX8,1,,0,,0,,0,0,0,0,0
1519,Q6H3X3,1,,0,,0,,0,0,0,0,0
1520,Q6IA17,1,,0,,0,,0,0,0,0,0
1521,Q6ISS4,0,,0,,0,,0,0,0,0,0
1522,Q6KF10,1,,0,,0,,0,0,0,0,0
1523,Q6NUS6,1,,0,,0,,0,0,0,0,0
1524,Q6NW40,1,,0,,0,,0,0,0,0,0
1525,Q6NYC1,1,,0,,0,,0,0,0,0,0
1526,Q6P7N7,1,,0,,0,,0,0,0,0,0
1527,Q6P988,0,,0,,0,,0,0,0,0,0
1528,Q6PI73,1,,0,,0,,0,0,0,0,0
1529,Q6PJF5,1,,0,,0,,0,0,0,0,0
1530,Q6PJG9,1,,0,,0,,0,0,0,0,0
1531,Q6Q4G3,1,,0,,0,,0,0,0,0,0
1532,Q6Q8B3,1,,0,,0,,0,0,0,0,0
1533,Q6RW13,0,,0,,0,,0,0,0,0,0
1534,Q6UVK1,1,,0,,0,,0,0,0,0,0
1535,Q6UVW9,1,,0,,0,,0,0,0,0,0
1536,Q6UW32,0,,0,,0,,0,0,0,0,0
1537,Q6UW60,1,,0,,0,,0,0,0,0,0
1538,Q6UW88,1,,0,,0,,0,0,0,0,0
1539,Q6UWB1,1,,0,,0,,0,0,0,0,0
1540,Q6UWK7,0,,0,,0,,0,0,0,0,0
1541,Q6UWM7,1,,0,,0,,0,0,0,0,0
1542,Q6UWQ7,0,,0,,0,,0,0,0,0,0
1543,Q6UWT2,0,,0,,0,,0,0,0,0,0
1544,Q6UWX4,0,,0,,0,,0,0,0,0,0
1545,Q6UX01,1,,0,,0,,0,0,0,0,0
1546,Q6UX15,1,,0,,0,,0,0,0,0,0
1547,Q6UX27,0,,0,,0,,0,0,0,0,0
1548,Q6UX41,1,,0,,0,,0,0,0,0,0
1549,Q6UX46,0,,0,,0,,0,0,0,0,0
1550,Q6UX71,1,,0,,0,,0,0,0,0,0
1551,Q6UXA7,0,,0,,0,,0,0,0,0,0
1552,Q6UXB1,1,,0,,0,,0,0,0,0,0
1553,Q6UXB2,0,,0,,0,,0,0,0,0,0
1554,Q6UXB4,0,,0,,0,,0,0,0,0,0
1555,Q6UXB8,0,,0,,0,,0,0,0,0,0
1556,Q6UXG8,1,,0,,0,,0,0,0,0,0
1557,Q6UXH8,1,,0,,0,,0,0,0,0,0
1558,Q6UXI9,0,,0,,0,,0,0,0,0,0
1559,Q6UXK2,1,,0,,0,,0,0,0,0,0
1560,Q6UXK5,0,,0,,0,,0,0,0,0,0
1561,Q6UXL0,1,,0,,0,,0,0,0,0,0
1562,Q6UXN2,0,,0,,0,,0,0,0,0,0
1563,Q6UXT8,0,,0,,0,,0,0,0,0,0
1564,Q6UXV0,1,,0,,0,,0,0,0,0,0
1565,Q6UXX9,0,,0,,0,,0,0,0,0,0
1566,Q6UXZ4,1,,0,,0,,0,0,0,0,0
1567,Q6UY09,0,,0,,0,,0,0,0,0,0
1568,Q6UY11,1,,0,,0,,0,0,0,0,0
1569,Q6UY18,0,,0,,0,,0,0,0,0,0
1570,Q6V0I7,1,,0,,0,,0,0,0,0,0
1571,Q6W4X9,1,,0,,0,,0,0,0,0,0
1572,Q6W5P4,1,,0,,0,,0,0,0,0,0
1573,Q6WRI0,0,,0,,0,,0,0,0,0,0
1574,Q6X4U4,0,,0,,0,,0,0,0,0,0
1575,Q6X784,0,,0,,0,,0,0,0,0,0
1576,Q6YHK3,1,,0,,0,,0,0,0,0,0
1577,Q6ZMC9,1,,0,,0,,0,0,0,0,0
1578,Q6ZMG9,1,,0,,0,,0,0,0,0,0
1579,Q6ZMJ2,1,,0,,0,,0,0,0,0,0
1580,Q6ZMJ4,0,,0,,0,,0,0,0,0,0
1581,Q6ZN44,1,,0,,0,,0,0,0,0,0
1582,Q6ZVN8,1,,0,,0,,0,0,0,0,0
1583,Q71H61,1,,0,,0,,0,0,0,0,0
1584,Q765I0,0,,0,,0,,0,0,0,0,0
1585,Q7KYR7,0,,0,,0,,0,0,0,0,0
1586,Q7L0J3,1,,0,,0,,0,0,0,0,0
1587,Q7L1I2,1,,0,,0,,0,0,0,0,0
1588,Q7L266,0,,0,,0,,0,0,0,0,0
1589,Q7L5A8,1,,0,,0,,0,0,0,0,0
1590,Q7RTS9,0,,0,,0,,0,0,0,0,0
1591,Q7Z3B1,1,,0,,0,,0,0,0,0,0
1592,Q7Z4F1,1,,0,,0,,0,0,0,0,0
1593,Q7Z4H4,0,,0,,0,,0,0,0,0,0
1594,Q7Z4P5,1,,0,,0,,0,0,0,0,0
1595,Q7Z5Y6,1,,0,,0,,0,0,0,0,0
1596,Q7Z692,1,,0,,0,,0,0,0,0,0
1597,Q7Z6A9,1,,0,,0,,0,0,0,0,0
1598,Q7Z6M3,1,,0,,0,,0,0,0,0,0
1599,Q7Z7D3,0,,0,,0,,0,0,0,0,0
1600,Q86SJ6,1,,0,,0,,0,0,0,0,0
1601,Q86SU0,1,,0,,0,,0,0,0,0,0
1602,Q86T13,1,,0,,0,,0,0,0,0,0
1603,Q86TY3,1,,0,,0,,0,0,0,0,0
1604,Q86UF1,1,,0,,0,,0,0,0,0,0
1605,Q86UK5,1,,0,,0,,0,0,0,0,0
1606,Q86UN2,1,,0,,0,,0,0,0,0,0
1607,Q86UN3,1,,0,,0,,0,0,0,0,0
1608,Q86UR5,1,,0,,0,,0,0,0,0,0
1609,Q86UU9,0,,0,,0,,0,0,0,0,0
1610,Q86V24,1,,0,,0,,0,0,0,0,0
1611,Q86VB7,1,,0,,0,,0,0,0,0,0
1612,Q86VH5,1,,0,,0,,0,0,0,0,0
1613,Q86VR7,1,,0,,0,,0,0,0,0,0
1614,Q86VZ4,1,,0,,0,,0,0,0,0,0
1615,Q86WN2,0,,0,,0,,0,0,0,0,0
1616,Q86X29,1,,0,,0,,0,0,0,0,0
1617,Q86XS5,0,,0,,0,,0,0,0,0,0
1618,Q86XT9,1,,0,,0,,0,0,0,0,0
1619,Q86Y34,1,,0,,0,,0,0,0,0,0
1620,Q86YL7,0,,0,,0,,0,0,0,0,0
1621,Q86YT9,1,,0,,0,,0,0,0,0,0
1622,Q86YW5,1,,0,,0,,0,0,0,0,0
1623,Q86YW7,0,,0,,0,,0,0,0,0,0
1624,Q86Z14,1,,0,,0,,0,0,0,0,0
1625,Q8IU54,0,,0,,0,,0,0,0,0,0
1626,Q8IU57,1,,0,,0,,0,0,0,0,0
1627,Q8IU80,1,,0,,0,,0,0,0,0,0
1628,Q8IUI8,1,,0,,0,,0,0,0,0,0
1629,Q8IUK5,1,,0,,0,,0,0,0,0,0
1630,Q8IUN9,1,,0,,0,,0,0,0,0,0
1631,Q8IV16,1,,0,,0,,0,0,0,0,0
1632,Q8IVG9,0,,0,,0,,0,0,0,0,0
1633,Q8IVK1,1,,0,,0,,0,0,0,0,0
1634,Q8IVU1,1,,0,,0,,0,0,0,0,0
1635,Q8IW00,1,,0,,0,,0,0,0,0,0
1636,Q8IW52,1,,0,,0,,0,0,0,0,0
1637,Q8IWK6,0,,0,,0,,0,0,0,0,0
1638,Q8IWL1,0,,0,,0,,0,0,0,0,0
1639,Q8IWL2,0,,0,,0,,0,0,0,0,0
1640,Q8IWV2,0,,0,,0,,0,0,0,0,0
1641,Q8IXS8,0,,0,,0,,0,0,0,0,0
1642,Q8IY26,1,,0,,0,,0,0,0,0,0
1643,Q8IYB5,1,,0,,0,,0,0,0,0,0
1644,Q8IYS5,1,,0,,0,,0,0,0,0,0
1645,Q8IYV9,1,,0,,0,,0,0,0,0,0
1646,Q8IZ08,1,,0,,0,,0,0,0,0,0
1647,Q8IZ57,1,,0,,0,,0,0,0,0,0
1648,Q8IZD2,0,,0,,0,,0,0,0,0,0
1649,Q8IZF2,1,,0,,0,,0,0,0,0,0
1650,Q8IZF4,1,,0,,0,,0,0,0,0,0
1651,Q8IZI9,0,,0,,0,,0,0,0,0,0
1652,Q8IZJ0,0,,0,,0,,0,0,0,0,0
1653,Q8IZJ1,1,,0,,0,,0,0,0,0,0
1654,Q8IZJ3,0,,0,,0,,0,0,0,0,0
1655,Q8IZL2,0,,0,,0,,0,0,0,0,0
1656,Q8IZU9,1,,0,,0,,0,0,0,0,0
1657,Q8J025,1,,0,,0,,0,0,0,0,0
1658,Q8N0V4,0,,0,,0,,0,0,0,0,0
1659,Q8N0W4,0,,0,,0,,0,0,0,0,0
1660,Q8N0Z9,1,,0,,0,,0,0,0,0,0
1661,Q8N104,0,,0,,0,,0,0,0,0,0
1662,Q8N109,1,,0,,0,,0,0,0,0,0
1663,Q8N126,1,,0,,0,,0,0,0,0,0
1664,Q8N131,1,,0,,0,,0,0,0,0,0
1665,Q8N135,0,,0,,0,,0,0,0,0,0
1666,Q8N145,0,,0,,0,,0,0,0,0,0
1667,Q8N149,1,,0,,0,,0,0,0,0,0
1668,Q8N158,1,,0,,0,,0,0,0,0,0
1669,Q8N2E6,0,,0,,0,,0,0,0,0,0
1670,Q8N2Q7,1,,0,,0,,0,0,0,0,0
1671,Q8N2X6,0,,0,,0,,0,0,0,0,0
1672,Q8N307,1,,0,,0,,0,0,0,0,0
1673,Q8N387,1,,0,,0,,0,0,0,0,0
1674,Q8N3J6,1,,0,,0,,0,0,0,0,0
1675,Q8N423,1,,0,,0,,0,0,0,0,0
1676,Q8N441,1,,0,,0,,0,0,0,0,0
1677,Q8N474,1,,0,,0,,0,0,0,0,0
1678,Q8N475,0,,0,,0,,0,0,0,0,0
1679,Q8N6C5,0,,0,,0,,0,0,0,0,0
1680,Q8N6C8,1,,0,,0,,0,0,0,0,0
1681,Q8N6P7,1,,0,,0,,0,0,0,0,0
1682,Q8N6Q3,1,,0,,0,,0,0,0,0,0
1683,Q8N729,0,,0,,0,,0,0,0,0,0
1684,Q8N743,1,,0,,0,,0,0,0,0,0
1685,Q8N766,1,,0,,0,,0,0,0,0,0
1686,Q8N7C0,1,,0,,0,,0,0,0,0,0
1687,Q8N967,1,,0,,0,,0,0,0,0,0
1688,Q8NAC3,1,,0,,0,,0,0,0,0,0
1689,Q8NAU1,0,,0,,0,,0,0,0,0,0
1690,Q8NBI3,0,,0,,0,,0,0,0,0,0
1691,Q8NBP7,0,,0,,0,,0,0,0,0,0
1692,Q8NBS3,1,,0,,0,,0,0,0,0,0
1693,Q8NC67,1,,0,,0,,0,0,0,0,0
1694,Q8NCS7,1,,0,,0,,0,0,0,0,0
1695,Q8NCW0,1,,0,,0,,0,0,0,0,0
1696,Q8NDV2,0,,0,,0,,0,0,0,0,0
1697,Q8NEC5,1,,0,,0,,0,0,0,0,0
1698,Q8NEJ0,0,,0,,0,,0,0,0,0,0
1699,Q8NER1,1,,0,,0,,0,0,0,0,0
1700,Q8NER5,1,,0,,0,,0,0,0,0,0
1701,Q8NEV9,0,,0,,0,,0,0,0,0,0
1702,Q8NFJ6,1,,0,,0,,0,0,0,0,0
1703,Q8NFM7,0,,0,,0,,0,0,0,0,0
1704,Q8NFP4,1,,0,,0,,0,0,0,0,0
1705,Q8NFR9,1,,0,,0,,0,0,0,0,0
1706,Q8NFY4,1,,0,,0,,0,0,0,0,0
1707,Q8NFZ4,1,,0,,0,,0,0,0,0,0
1708,Q8NFZ8,1,,0,,0,,0,0,0,0,0
1709,Q8NG11,1,,0,,0,,0,0,0,0,0
1710,Q8NG41,0,,0,,0,,0,0,0,0,0
1711,Q8NHJ6,1,,0,,0,,0,0,0,0,0
1712,Q8NHL6,1,,0,,0,,0,0,0,0,0
1713,Q8NHW4,0,,0,,0,,0,0,0,0,0
1714,Q8NI17,1,,0,,0,,0,0,0,0,0
1715,Q8NI22,1,,0,,0,,0,0,0,0,0
1716,Q8NI35,0,,0,,0,,0,0,0,0,0
1717,Q8NI99,0,,0,,0,,0,0,0,0,0
1718,Q8TAA9,1,,0,,0,,0,0,0,0,0
1719,Q8TAX7,0,,0,,0,,0,0,0,0,0
1720,Q8TBB1,0,,0,,0,,0,0,0,0,0
1721,Q8TBQ9,1,,0,,0,,0,0,0,0,0
1722,Q8TCP9,1,,0,,0,,0,0,0,0,0
1723,Q8TCW9,1,,0,,0,,0,0,0,0,0
1724,Q8TCY5,1,,0,,0,,0,0,0,0,0
1725,Q8TCZ2,1,,0,,0,,0,0,0,0,0
1726,Q8TD07,1,,0,,0,,0,0,0,0,0
1727,Q8TD46,1,,0,,0,,0,0,0,0,0
1728,Q8TD84,0,,0,,0,,0,0,0,0,0
1729,Q8TDQ0,1,,0,,0,,0,0,0,0,0
1730,Q8TDQ1,1,,0,,0,,0,0,0,0,0
1731,Q8TDT2,1,,0,,0,,0,0,0,0,0
1732,Q8TDU9,1,,0,,0,,0,0,0,0,0
1733,Q8TDV0,1,,0,,0,,0,0,0,0,0
1734,Q8TDY8,1,,0,,0,,0,0,0,0,0
1735,Q8TEU8,0,,0,,0,,0,0,0,0,0
1736,Q8TEW0,1,,0,,0,,0,0,0,0,0
1737,Q8WTV0,1,,0,,0,,0,0,0,0,0
1738,Q8WVN6,0,,0,,0,,0,0,0,0,0
1739,Q8WVV5,1,,0,,0,,0,0,0,0,0
1740,Q8WWA0,1,,0,,0,,0,0,0,0,0
1741,Q8WWG1,1,,0,,0,,0,0,0,0,0
1742,Q8WWQ8,1,,0,,0,,0,0,0,0,0
1743,Q8WWV6,1,,0,,0,,0,0,0,0,0
1744,Q8WWX8,1,,0,,0,,0,0,0,0,0
1745,Q8WWY8,0,,0,,0,,0,0,0,0,0
1746,Q8WWZ1,0,,0,,0,,0,0,0,0,0
1747,Q8WX77,0,,0,,0,,0,0,0,0,0
1748,Q8WXD0,1,,0,,0,,0,0,0,0,0
1749,Q8WXF3,0,,0,,0,,0,0,0,0,0
1750,Q8WXG9,1,,0,,0,,0,0,0,0,0
1751,Q8WZ75,1,,0,,0,,0,0,0,0,0
1752,Q92478,1,,0,,0,,0,0,0,0,0
1753,Q92520,0,,0,,0,,0,0,0,0,0
1754,Q92542,1,,0,,0,,0,0,0,0,0
1755,Q92583,0,,0,,0,,0,0,0,0,0
1756,Q92633,1,,0,,0,,0,0,0,0,0
1757,Q92673,1,,0,,0,,0,0,0,0,0
1758,Q92688,0,,0,,0,,0,0,0,0,0
1759,Q92692,1,,0,,0,,0,0,0,0,0
1760,Q92729,1,,0,,0,,0,0,0,0,0
1761,Q92736,1,,0,,0,,0,0,0,0,0
1762,Q92752,1,,0,,0,,0,0,0,0,0
1763,Q92765,0,,0,,0,,0,0,0,0,0
1764,Q92819,0,,0,,0,,0,0,0,0,0
1765,Q92823,1,,0,,0,,0,0,0,0,0
1766,Q92838,0,,0,,0,,0,0,0,0,0
1767,Q92839,0,,0,,0,,0,0,0,0,0
1768,Q92847,1,,0,,0,,0,0,0,0,0
1769,Q92854,1,,0,,0,,0,0,0,0,0
1770,Q92859,1,,0,,0,,0,0,0,0,0
1771,Q92896,1,,0,,0,,0,0,0,0,0
1772,Q92913,0,,0,,0,,0,0,0,0,0
1773,Q92914,0,,0,,0,,0,0,0,0,0
1774,Q92915,0,,0,,0,,0,0,0,0,0
1775,Q92954,0,,0,,0,,0,0,0,0,0
1776,Q92956,1,,0,,0,,0,0,0,0,0
1777,Q93038,1,,0,,0,,0,0,0,0,0
1778,Q93052,1,,0,,0,,0,0,0,0,0
1779,Q93097,1,,0,,0,,0,0,0,0,0
1780,Q93098,1,,0,,0,,0,0,0,0,0
1781,Q969D9,0,,0,,0,,0,0,0,0,0
1782,Q969E1,0,,0,,0,,0,0,0,0,0
1783,Q969E3,0,,0,,0,,0,0,0,0,0
1784,Q969F2,1,,0,,0,,0,0,0,0,0
1785,Q969F8,1,,0,,0,,0,0,0,0,0
1786,Q969J5,1,,0,,0,,0,0,0,0,0
1787,Q969P0,1,,0,,0,,0,0,0,0,0
1788,Q969V1,1,,0,,0,,0,0,0,0,0
1789,Q96A28,1,,0,,0,,0,0,0,0,0
1790,Q96A54,1,,0,,0,,0,0,0,0,0
1791,Q96A98,0,,0,,0,,0,0,0,0,0
1792,Q96AP7,1,,0,,0,,0,0,0,0,0
1793,Q96B86,1,,0,,0,,0,0,0,0,0
1794,Q96BF3,1,,0,,0,,0,0,0,0,0
1795,Q96BQ1,0,,0,,0,,0,0,0,0,0
1796,Q96BY9,1,,0,,0,,0,0,0,0,0
1797,Q96CG8,1,,0,,0,,0,0,0,0,0
1798,Q96CW9,1,,0,,0,,0,0,0,0,0
1799,Q96D42,1,,0,,0,,0,0,0,0,0
1800,Q96DA0,0,,0,,0,,0,0,0,0,0
1801,Q96DD7,1,,0,,0,,0,0,0,0,0
1802,Q96DU3,0,,0,,0,,0,0,0,0,0
1803,Q96E93,1,,0,,0,,0,0,0,0,0
1804,Q96EY1,1,,0,,0,,0,0,0,0,0
1805,Q96F46,1,,0,,0,,0,0,0,0,0
1806,Q96FE5,1,,0,,0,,0,0,0,0,0
1807,Q96FV3,1,,0,,0,,0,0,0,0,0
1808,Q96G01,0,,0,,0,,0,0,0,0,0
1809,Q96G27,1,,0,,0,,0,0,0,0,0
1810,Q96GW7,0,,0,,0,,0,0,0,0,0
1811,Q96GX1,1,,0,,0,,0,0,0,0,0
1812,Q96H15,1,,0,,0,,0,0,0,0,0
1813,Q96HF1,0,,0,,0,,0,0,0,0,0
1814,Q96ID5,1,,0,,0,,0,0,0,0,0
1815,Q96J84,1,,0,,0,,0,0,0,0,0
1816,Q96JA1,0,,0,,0,,0,0,0,0,0
1817,Q96JQ0,0,,0,,0,,0,0,0,0,0
1818,Q96JQ5,1,,0,,0,,0,0,0,0,0
1819,Q96JT2,1,,0,,0,,0,0,0,0,0
1820,Q96KG7,0,,0,,0,,0,0,0,0,0
1821,Q96LA6,1,,0,,0,,0,0,0,0,0
1822,Q96LA9,1,,0,,0,,0,0,0,0,0
1823,Q96LB1,1,,0,,0,,0,0,0,0,0
1824,Q96LB2,1,,0,,0,,0,0,0,0,0
1825,Q96LC7,1,,0,,0,,0,0,0,0,0
1826,Q96LR4,0,,0,,0,,0,0,0,0,0
1827,Q96MS0,1,,0,,0,,0,0,0,0,0
1828,Q96MU8,1,,0,,0,,0,0,0,0,0
1829,Q96N03,0,,0,,0,,0,0,0,0,0
1830,Q96NI6,0,,0,,0,,0,0,0,0,0
1831,Q96NY8,1,,0,,0,,0,0,0,0,0
1832,Q96P65,1,,0,,0,,0,0,0,0,0
1833,Q96P66,1,,0,,0,,0,0,0,0,0
1834,Q96PD2,1,,0,,0,,0,0,0,0,0
1835,Q96PD4,0,,0,,0,,0,0,0,0,0
1836,Q96PE1,1,,0,,0,,0,0,0,0,0
1837,Q96PJ5,1,,0,,0,,0,0,0,0,0
1838,Q96PL1,0,,0,,0,,0,0,0,0,0
1839,Q96PL2,1,,0,,0,,0,0,0,0,0
1840,Q96PQ0,1,,0,,0,,0,0,0,0,0
1841,Q96PX8,0,,0,,0,,0,0,0,0,0
1842,Q96QR1,0,,0,,0,,0,0,0,0,0
1843,Q96QV1,1,,0,,0,,0,0,0,0,0
1844,Q96QZ7,0,,0,,0,,0,0,0,0,0
1845,Q96RI0,1,,0,,0,,0,0,0,0,0
1846,Q96RJ3,1,,0,,0,,0,0,0,0,0
1847,Q96RP3,0,,0,,0,,0,0,0,0,0
1848,Q96RS0,0,,0,,0,,0,0,0,0,0
1849,Q96S42,1,,0,,0,,0,0,0,0,0
1850,Q96SN7,1,,0,,0,,0,0,0,0,0
1851,Q96SZ5,0,,0,,0,,0,0,0,0,0
1852,Q96T91,0,,0,,0,,0,0,0,0,0
1853,Q99062,1,,0,,0,,0,0,0,0,0
1854,Q99075,1,,0,,0,,0,0,0,0,0
1855,Q99217,0,,0,,0,,0,0,0,0,0
1856,Q99218,0,,0,,0,,0,0,0,0,0
1857,Q99259,0,,0,,0,,0,0,0,0,0
1858,Q99435,0,,0,,0,,0,0,0,0,0
1859,Q99463,1,,0,,0,,0,0,0,0,0
1860,Q99466,1,,0,,0,,0,0,0,0,0
1861,Q99467,1,,0,,0,,0,0,0,0,0
1862,Q99500,1,,0,,0,,0,0,0,0,0
1863,Q99523,1,,0,,0,,0,0,0,0,0
1864,Q99572,1,,0,,0,,0,0,0,0,0
1865,Q99616,0,,0,,0,,0,0,0,0,0
1866,Q99650,1,,0,,0,,0,0,0,0,0
1867,Q99665,1,,0,,0,,0,0,0,0,0
1868,Q99677,1,,0,,0,,0,0,0,0,0
1869,Q99678,1,,0,,0,,0,0,0,0,0
1870,Q99685,1,,0,,0,,0,0,0,0,0
1871,Q99705,1,,0,,0,,0,0,0,0,0
1872,Q99706,1,,0,,0,,0,0,0,0,0
1873,Q99712,1,,0,,0,,0,0,0,0,0
1874,Q99731,0,,0,,0,,0,0,0,0,0
1875,Q99748,1,,0,,0,,0,0,0,0,0
1876,Q99788,1,,0,,0,,0,0,0,0,0
1877,Q99835,1,,0,,0,,0,0,0,0,0
1878,Q99944,0,,0,,0,,0,0,0,0,0
1879,Q99965,0,,0,,0,,0,0,0,0,0
1880,Q99969,0,,0,,0,,0,0,0,0,0
1881,Q99972,1,,0,,0,,0,0,0,0,0
1882,Q99985,0,,0,,0,,0,0,0,0,0
1883,Q99988,0,,0,,0,,0,0,0,0,0
1884,Q9BQ51,1,,0,,0,,0,0,0,0,0
1885,Q9BQ66,0,,0,,0,,0,0,0,0,0
1886,Q9BQB4,0,,0,,0,,0,0,0,0,0
1887,Q9BRK3,0,,0,,0,,0,0,0,0,0
1888,Q9BT56,0,,0,,0,,0,0,0,0,0
1889,Q9BTN0,0,,0,,0,,0,0,0,0,0
1890,Q9BUD6,0,,0,,0,,0,0,0,0,0
1891,Q9BUR5,0,,0,,0,,0,0,0,0,0
1892,Q9BWV1,1,,0,,0,,0,0,0,0,0
1893,Q9BX66,0,,0,,0,,0,0,0,0,0
1894,Q9BX67,1,,0,,0,,0,0,0,0,0
1895,Q9BX79,1,,0,,0,,0,0,0,0,0
1896,Q9BX97,1,,0,,0,,0,0,0,0,0
1897,Q9BXB1,1,,0,,0,,0,0,0,0,0
1898,Q9BXJ0,0,,0,,0,,0,0,0,0,0
1899,Q9BXJ1,0,,0,,0,,0,0,0,0,0
1900,Q9BXL7,0,,0,,0,,0,0,0,0,0
1901,Q9BXY4,0,,0,,0,,0,0,0,0,0
1902,Q9BY67,1,,0,,0,,0,0,0,0,0
1903,Q9BY76,0,,0,,0,,0,0,0,0,0
1904,Q9BY79,1,,0,,0,,0,0,0,0,0
1905,Q9BYE9,1,,0,,0,,0,0,0,0,0
1906,Q9BYF1,1,,0,,0,,0,0,0,0,0
1907,Q9BZ71,1,,0,,0,,0,0,0,0,0
1908,Q9BZD6,0,,0,,0,,0,0,0,0,0
1909,Q9BZG2,0,,0,,0,,0,0,0,0,0
1910,Q9BZM4,1,,0,,0,,0,0,0,0,0
1911,Q9BZM5,1,,0,,0,,0,0,0,0,0
1912,Q9BZM6,0,,0,,0,,0,0,0,0,0
1913,Q9BZR6,1,,0,,0,,0,0,0,0,0
1914,Q9BZV3,0,,0,,0,,0,0,0,0,0
1915,Q9BZW8,1,,0,,0,,0,0,0,0,0
1916,Q9BZZ2,1,,0,,0,,0,0,0,0,0
1917,Q9C098,1,,0,,0,,0,0,0,0,0
1918,Q9C0C4,1,,0,,0,,0,0,0,0,0
1919,Q9GZP0,1,,0,,0,,0,0,0,0,0
1920,Q9GZQ4,1,,0,,0,,0,0,0,0,0
1921,Q9GZQ6,1,,0,,0,,0,0,0,0,0
1922,Q9GZT5,1,,0,,0,,0,0,0,0,0
1923,Q9GZV9,0,,0,,0,,0,0,0,0,0
1924,Q9GZX6,1,,0,,0,,0,0,0,0,0
1925,Q9GZZ6,1,,0,,0,,0,0,0,0,0
1926,Q9GZZ7,1,,0,,0,,0,0,0,0,0
1927,Q9GZZ8,0,,0,,0,,0,0,0,0,0
1928,Q9H0A0,0,,0,,0,,0,0,0,0,0
1929,Q9H0Q3,1,,0,,0,,0,0,0,0,0
1930,Q9H0R3,1,,0,,0,,0,0,0,0,0
1931,Q9H156,0,,0,,0,,0,0,0,0,0
1932,Q9H158,1,,0,,0,,0,0,0,0,0
1933,Q9H159,1,,0,,0,,0,0,0,0,0
1934,Q9H1D0,1,,0,,0,,0,0,0,0,0
1935,Q9H1J5,1,,0,,0,,0,0,0,0,0
1936,Q9H1J7,0,,0,,0,,0,0,0,0,0
1937,Q9H1R3,1,,0,,0,,0,0,0,0,0
1938,Q9H1Z9,1,,0,,0,,0,0,0,0,0
1939,Q9H228,1,,0,,0,,0,0,0,0,0
1940,Q9H237,1,,0,,0,,0,0,0,0,0
1941,Q9H244,1,,0,,0,,0,0,0,0,0
1942,Q9H293,0,,0,,0,,0,0,0,0,0
1943,Q9H2A7,0,,0,,0,,0,0,0,0,0
1944,Q9H2E6,1,,0,,0,,0,0,0,0,0
1945,Q9H2U9,0,,0,,0,,0,0,0,0,0
1946,Q9H2X0,0,,0,,0,,0,0,0,0,0
1947,Q9H2X3,1,,0,,0,,0,0,0,0,0
1948,Q9H313,1,,0,,0,,0,0,0,0,0
1949,Q9H3N8,1,,0,,0,,0,0,0,0,0
1950,Q9H3S1,1,,0,,0,,0,0,0,0,0
1951,Q9H3T2,0,,0,,0,,0,0,0,0,0
1952,Q9H3T3,0,,0,,0,,0,0,0,0,0
1953,Q9H3W5,1,,0,,0,,0,0,0,0,0
1954,Q9H461,1,,0,,0,,0,0,0,0,0
1955,Q9H5V8,0,,0,,0,,0,0,0,0,0
1956,Q9H5Y7,1,,0,,0,,0,0,0,0,0
1957,Q9H665,1,,0,,0,,0,0,0,0,0
1958,Q9H6B4,0,,0,,0,,0,0,0,0,0
1959,Q9H6X2,1,,0,,0,,0,0,0,0,0
1960,Q9H772,1,,0,,0,,0,0,0,0,0
1961,Q9H7M9,1,,0,,0,,0,0,0,0,0
1962,Q9H8J5,0,,0,,0,,0,0,0,0,0
1963,Q9H8L6,0,,0,,0,,0,0,0,0,0
1964,Q9HAB3,1,,0,,0,,0,0,0,0,0
1965,Q9HAP6,0,,0,,0,,0,0,0,0,0
1966,Q9HAV5,1,,0,,0,,0,0,0,0,0
1967,Q9HB29,1,,0,,0,,0,0,0,0,0
1968,Q9HB63,0,,0,,0,,0,0,0,0,0
1969,Q9HB89,1,,0,,0,,0,0,0,0,0
1970,Q9HBE4,0,,0,,0,,0,0,0,0,0
1971,Q9HBE5,1,,0,,0,,0,0,0,0,0
1972,Q9HBG7,1,,0,,0,,0,0,0,0,0
1973,Q9HBL7,1,,0,,0,,0,0,0,0,0
1974,Q9HBW0,1,,0,,0,,0,0,0,0,0
1975,Q9HBW1,1,,0,,0,,0,0,0,0,0
1976,Q9HBW9,1,,0,,0,,0,0,0,0,0
1977,Q9HBX8,1,,0,,0,,0,0,0,0,0
1978,Q9HBX9,1,,0,,0,,0,0,0,0,0
1979,Q9HC23,0,,0,,0,,0,0,0,0,0
1980,Q9HC73,1,,0,,0,,0,0,0,0,0
1981,Q9HC97,1,,0,,0,,0,0,0,0,0
1982,Q9HCB6,0,,0,,0,,0,0,0,0,0
1983,Q9HCF6,1,,0,,0,,0,0,0,0,0
1984,Q9HCJ2,1,,0,,0,,0,0,0,0,0
1985,Q9HCK4,1,,0,,0,,0,0,0,0,0
1986,Q9HCM2,1,,0,,0,,0,0,0,0,0
1987,Q9HCN3,1,,0,,0,,0,0,0,0,0
1988,Q9HCN6,1,,0,,0,,0,0,0,0,0
1989,Q9HCQ7,0,,0,,0,,0,0,0,0,0
1990,Q9HCT0,0,,0,,0,,0,0,0,0,0
1991,Q9HCU0,1,,0,,0,,0,0,0,0,0
1992,Q9HCU4,1,,0,,0,,0,0,0,0,0
1993,Q9HD89,0,,0,,0,,0,0,0,0,0
1994,Q9NNX6,1,,0,,0,,0,0,0,0,0
1995,Q9NP59,1,,0,,0,,0,0,0,0,0
1996,Q9NP60,1,,0,,0,,0,0,0,0,0
1997,Q9NP70,0,,0,,0,,0,0,0,0,0
1998,Q9NP84,1,,0,,0,,0,0,0,0,0
1999,Q9NP95,0,,0,,0,,0,0,0,0,0
2000,Q9NP99,1,,0,,0,,0,0,0,0,0
2001,Q9NPB6,1,,0,,0,,0,0,0,0,0
2002,Q9NPB9,1,,0,,0,,0,0,0,0,0
2003,Q9NPF0,1,,0,,0,,0,0,0,0,0
2004,Q9NPF7,0,,0,,0,,0,0,0,0,0
2005,Q9NPG1,1,,0,,0,,0,0,0,0,0
2006,Q9NPH3,1,,0,,0,,0,0,0,0,0
2007,Q9NPH9,0,,0,,0,,0,0,0,0,0
2008,Q9NPR2,1,,0,,0,,0,0,0,0,0
2009,Q9NPY3,1,,0,,0,,0,0,0,0,0
2010,Q9NQ36,1,,0,,0,,0,0,0,0,0
2011,Q9NQ76,0,,0,,0,,0,0,0,0,0
2012,Q9NQC3,1,,0,,0,,0,0,0,0,0
2013,Q9NQS3,1,,0,,0,,0,0,0,0,0
2014,Q9NQS5,1,,0,,0,,0,0,0,0,0
2015,Q9NR23,1,,0,,0,,0,0,0,0,0
2016,Q9NR61,1,,0,,0,,0,0,0,0,0
2017,Q9NR82,1,,0,,0,,0,0,0,0,0
2018,Q9NR96,1,,0,,0,,0,0,0,0,0
2019,Q9NR99,0,,0,,0,,0,0,0,0,0
2020,Q9NRA1,1,,0,,0,,0,0,0,0,0
2021,Q9NRJ3,0,,0,,0,,0,0,0,0,0
2022,Q9NRM1,0,,0,,0,,0,0,0,0,0
2023,Q9NRM6,1,,0,,0,,0,0,0,0,0
2024,Q9NRQ2,1,,0,,0,,0,0,0,0,0
2025,Q9NRR1,0,,0,,0,,0,0,0,0,0
2026,Q9NRR2,0,,0,,0,,0,0,0,0,0
2027,Q9NRV9,0,,0,,0,,0,0,0,0,0
2028,Q9NS15,0,,0,,0,,0,0,0,0,0
2029,Q9NS68,1,,0,,0,,0,0,0,0,0
2030,Q9NS98,0,,0,,0,,0,0,0,0,0
2031,Q9NSA1,0,,0,,0,,0,0,0,0,0
2032,Q9NSA2,1,,0,,0,,0,0,0,0,0
2033,Q9NSD7,1,,0,,0,,0,0,0,0,0
2034,Q9NSE2,0,,0,,0,,0,0,0,0,0
2035,Q9NSG2,0,,0,,0,,0,0,0,0,0
2036,Q9NSI5,1,,0,,0,,0,0,0,0,0
2037,Q9NT99,1,,0,,0,,0,0,0,0,0
2038,Q9NTN9,1,,0,,0,,0,0,0,0,0
2039,Q9NUP9,0,,0,,0,,0,0,0,0,0
2040,Q9NV23,0,,0,,0,,0,0,0,0,0
2041,Q9NWZ3,0,,0,,0,,0,0,0,0,0
2042,Q9NX52,1,,0,,0,,0,0,0,0,0
2043,Q9NX61,1,,0,,0,,0,0,0,0,0
2044,Q9NXB0,1,,0,,0,,0,0,0,0,0
2045,Q9NY15,1,,0,,0,,0,0,0,0,0
2046,Q9NY56,0,,0,,0,,0,0,0,0,0
2047,Q9NYA4,0,,0,,0,,0,0,0,0,0
2048,Q9NYJ7,0,,0,,0,,0,0,0,0,0
2049,Q9NYK1,1,,0,,0,,0,0,0,0,0
2050,Q9NYM4,1,,0,,0,,0,0,0,0,0
2051,Q9NYQ6,1,,0,,0,,0,0,0,0,0
2052,Q9NYQ7,1,,0,,0,,0,0,0,0,0
2053,Q9NYY1,0,,0,,0,,0,0,0,0,0
2054,Q9NYZ4,1,,0,,0,,0,0,0,0,0
2055,Q9NZ08,1,,0,,0,,0,0,0,0,0
2056,Q9NZ53,1,,0,,0,,0,0,0,0,0
2057,Q9NZ94,1,,0,,0,,0,0,0,0,0
2058,Q9NZC2,1,,0,,0,,0,0,0,0,0
2059,Q9NZD1,1,,0,,0,,0,0,0,0,0
2060,Q9NZH0,1,,0,,0,,0,0,0,0,0
2061,Q9NZH6,0,,0,,0,,0,0,0,0,0
2062,Q9NZH7,0,,0,,0,,0,0,0,0,0
2063,Q9NZH8,0,,0,,0,,0,0,0,0,0
2064,Q9NZN1,1,,0,,0,,0,0,0,0,0
2065,Q9NZQ7,1,,0,,0,,0,0,0,0,0
2066,Q9NZR2,0,,0,,0,,0,0,0,0,0
2067,Q9NZS2,1,,0,,0,,0,0,0,0,0
2068,Q9NZT2,1,,0,,0,,0,0,0,0,0
2069,Q9NZU0,1,,0,,0,,0,0,0,0,0
2070,Q9NZU1,1,,0,,0,,0,0,0,0,0
2071,Q9NZV8,1,,0,,0,,0,0,0,0,0
2072,Q9NZW4,0,,0,,0,,0,0,0,0,0
2073,Q9P0K1,1,,0,,0,,0,0,0,0,0
2074,Q9P0L0,1,,0,,0,,0,0,0,0,0
2075,Q9P0M4,0,,0,,0,,0,0,0,0,0
2076,Q9P0N5,1,,0,,0,,0,0,0,0,0
2077,Q9P0W0,0,,0,,0,,0,0,0,0,0
2078,Q9P121,1,,0,,0,,0,0,0,0,0
2079,Q9P126,1,,0,,0,,0,0,0,0,0
2080,Q9P1W8,1,,0,,0,,0,0,0,0,0
2081,Q9P232,0,,0,,0,,0,0,0,0,0
2082,Q9P244,1,,0,,0,,0,0,0,0,0
2083,Q9P283,0,,0,,0,,0,0,0,0,0
2084,Q9P296,1,,0,,0,,0,0,0,0,0
2085,Q9P2B2,1,,0,,0,,0,0,0,0,0
2086,Q9P2K1,1,,0,,0,,0,0,0,0,0
2087,Q9P2M7,0,,0,,0,,0,0,0,0,0
2088,Q9P2U7,1,,0,,0,,0,0,0,0,0
2089,Q9P2V4,0,,0,,0,,0,0,0,0,0
2090,Q9UBB4,1,,0,,0,,0,0,0,0,0
2091,Q9UBC7,0,,0,,0,,0,0,0,0,0
2092,Q9UBD3,0,,0,,0,,0,0,0,0,0
2093,Q9UBD9,0,,0,,0,,0,0,0,0,0
2094,Q9UBG0,1,,0,,0,,0,0,0,0,0
2095,Q9UBH0,1,,0,,0,,0,0,0,0,0
2096,Q9UBH6,1,,0,,0,,0,0,0,0,0
2097,Q9UBK5,1,,0,,0,,0,0,0,0,0
2098,Q9UBN6,1,,0,,0,,0,0,0,0,0
2099,Q9UBP4,0,,0,,0,,0,0,0,0,0
2100,Q9UBR5,0,,0,,0,,0,0,0,0,0
2101,Q9UBS4,0,,0,,0,,0,0,0,0,0
2102,Q9UBS5,1,,0,,0,,0,0,0,0,0
2103,Q9UBT3,0,,0,,0,,0,0,0,0,0
2104,Q9UBU2,0,,0,,0,,0,0,0,0,0
2105,Q9UBU3,1,,0,,0,,0,0,0,0,0
2106,Q9UBV4,1,,0,,0,,0,0,0,0,0
2107,Q9UBY5,1,,0,,0,,0,0,0,0,0
2108,Q9UDY2,0,,0,,0,,0,0,0,0,0
2109,Q9UEF7,1,,0,,0,,0,0,0,0,0
2110,Q9UEW3,1,,0,,0,,0,0,0,0,0
2111,Q9UF33,1,,0,,0,,0,0,0,0,0
2112,Q9UGM1,1,,0,,0,,0,0,0,0,0
2113,Q9UGN4,0,,0,,0,,0,0,0,0,0
2114,Q9UHA7,0,,0,,0,,0,0,0,0,0
2115,Q9UHC3,1,,0,,0,,0,0,0,0,0
2116,Q9UHC6,1,,0,,0,,0,0,0,0,0
2117,Q9UHD0,0,,0,,0,,0,0,0,0,0
2118,Q9UHF0,0,,0,,0,,0,0,0,0,0
2119,Q9UHF4,1,,0,,0,,0,0,0,0,0
2120,Q9UHF5,0,,0,,0,,0,0,0,0,0
2121,Q9UHG2,0,,0,,0,,0,0,0,0,0
2122,Q9UHP7,1,,0,,0,,0,0,0,0,0
2123,Q9UHV2,0,,0,,0,,0,0,0,0,0
2124,Q9UHX3,1,,0,,0,,0,0,0,0,0
2125,Q9UIW2,1,,0,,0,,0,0,0,0,0
2126,Q9UK05,0,,0,,0,,0,0,0,0,0
2127,Q9UK28,1,,0,,0,,0,0,0,0,0
2128,Q9UKF5,0,,0,,0,,0,0,0,0,0
2129,Q9UKJ0,1,,0,,0,,0,0,0,0,0
2130,Q9UKJ1,1,,0,,0,,0,0,0,0,0
2131,Q9UKJ8,1,,0,,0,,0,0,0,0,0
2132,Q9UKP6,1,,0,,0,,0,0,0,0,0
2133,Q9UKQ2,0,,0,,0,,0,0,0,0,0
2134,Q9UKR5,1,,0,,0,,0,0,0,0,0
2135,Q9UKU6,1,,0,,0,,0,0,0,0,0
2136,Q9UKU9,0,,0,,0,,0,0,0,0,0
2137,Q9UKV5,1,,0,,0,,0,0,0,0,0
2138,Q9UKX5,1,,0,,0,,0,0,0,0,0
2139,Q9UKY0,1,,0,,0,,0,0,0,0,0
2140,Q9UL62,1,,0,,0,,0,0,0,0,0
2141,Q9ULB4,0,,0,,0,,0,0,0,0,0
2142,Q9ULB5,1,,0,,0,,0,0,0,0,0
2143,Q9ULH0,1,,0,,0,,0,0,0,0,0
2144,Q9ULH4,1,,0,,0,,0,0,0,0,0
2145,Q9ULK5,1,,0,,0,,0,0,0,0,0
2146,Q9ULL4,1,,0,,0,,0,0,0,0,0
2147,Q9ULP9,0,,0,,0,,0,0,0,0,0
2148,Q9ULT6,1,,0,,0,,0,0,0,0,0
2149,Q9ULV1,1,,0,,0,,0,0,0,0,0
2150,Q9ULW2,1,,0,,0,,0,0,0,0,0
2151,Q9ULZ1,0,,0,,0,,0,0,0,0,0
2152,Q9UM44,1,,0,,0,,0,0,0,0,0
2153,Q9UM47,1,,0,,0,,0,0,0,0,0
2154,Q9UM73,1,,0,,0,,0,0,0,0,0
2155,Q9UMD9,1,,0,,0,,0,0,0,0,0
2156,Q9UMF0,0,,0,,0,,0,0,0,0,0
2157,Q9UMR7,1,,0,,0,,0,0,0,0,0
2158,Q9UMX6,0,,0,,0,,0,0,0,0,0
2159,Q9UN71,1,,0,,0,,0,0,0,0,0
2160,Q9UNE0,1,,0,,0,,0,0,0,0,0
2161,Q9UNE7,0,,0,,0,,0,0,0,0,0
2162,Q9UNG2,1,,0,,0,,0,0,0,0,0
2163,Q9UNN8,1,,0,,0,,0,0,0,0,0
2164,Q9UP38,1,,0,,0,,0,0,0,0,0
2165,Q9UP52,1,,0,,0,,0,0,0,0,0
2166,Q9UPM9,1,,0,,0,,0,0,0,0,0
2167,Q9UPU3,1,,0,,0,,0,0,0,0,0
2168,Q9UPX0,1,,0,,0,,0,0,0,0,0
2169,Q9UPX8,0,,0,,0,,0,0,0,0,0
2170,Q9UPZ6,1,,0,,0,,0,0,0,0,0
2171,Q9UQ26,0,,0,,0,,0,0,0,0,0
2172,Q9UQ52,0,,0,,0,,0,0,0,0,0
2173,Q9UQ80,0,,0,,0,,0,0,0,0,0
2174,Q9UQD0,1,,0,,0,,0,0,0,0,0
2175,Q9UQP3,0,,0,,0,,0,0,0,0,0
2176,Q9UQQ1,0,,0,,0,,0,0,0,0,0
2177,Q9UQQ2,0,,0,,0,,0,0,0,0,0
2178,Q9XRX5,0,,0,,0,,0,0,0,0,0
2179,Q9Y215,0,,0,,0,,0,0,0,0,0
2180,Q9Y219,1,,0,,0,,0,0,0,0,0
2181,Q9Y240,0,,0,,0,,0,0,0,0,0
2182,Q9Y258,0,,0,,0,,0,0,0,0,0
2183,Q9Y264,0,,0,,0,,0,0,0,0,0
2184,Q9Y275,0,,0,,0,,0,0,0,0,0
2185,Q9Y279,1,,0,,0,,0,0,0,0,0
2186,Q9Y286,1,,0,,0,,0,0,0,0,0
2187,Q9Y287,0,,0,,0,,0,0,0,0,0
2188,Q9Y2C9,1,,0,,0,,0,0,0,0,0
2189,Q9Y2I2,1,,0,,0,,0,0,0,0,0
2190,Q9Y2J0,1,,0,,0,,0,0,0,0,0
2191,Q9Y2T6,1,,0,,0,,0,0,0,0,0
2192,Q9Y336,1,,0,,0,,0,0,0,0,0
2193,Q9Y3A6,1,,0,,0,,0,0,0,0,0
2194,Q9Y3Q0,1,,0,,0,,0,0,0,0,0
2195,Q9Y490,0,,0,,0,,0,0,0,0,0
2196,Q9Y4C0,1,,0,,0,,0,0,0,0,0
2197,Q9Y4D7,1,,0,,0,,0,0,0,0,0
2198,Q9Y4X3,0,,0,,0,,0,0,0,0,0
2199,Q9Y561,1,,0,,0,,0,0,0,0,0
2200,Q9Y566,1,,0,,0,,0,0,0,0,0
2201,Q9Y5C1,0,,0,,0,,0,0,0,0,0
2202,Q9Y5E2,1,,0,,0,,0,0,0,0,0
2203,Q9Y5E6,0,,0,,0,,0,0,0,0,0
2204,Q9Y5F9,1,,0,,0,,0,0,0,0,0
2205,Q9Y5G6,1,,0,,0,,0,0,0,0,0
2206,Q9Y5I7,1,,0,,0,,0,0,0,0,0
2207,Q9Y5N1,1,,0,,0,,0,0,0,0,0
2208,Q9Y5Q5,0,,0,,0,,0,0,0,0,0
2209,Q9Y5Q6,0,,0,,0,,0,0,0,0,0
2210,Q9Y5R2,1,,0,,0,,0,0,0,0,0
2211,Q9Y5U5,1,,0,,0,,0,0,0,0,0
2212,Q9Y5V3,1,,0,,0,,0,0,0,0,0
2213,Q9Y5W5,0,,0,,0,,0,0,0,0,0
2214,Q9Y5W7,0,,0,,0,,0,0,0,0,0
2215,Q9Y5X5,1,,0,,0,,0,0,0,0,0
2216,Q9Y5Y4,1,,0,,0,,0,0,0,0,0
2217,Q9Y5Y6,1,,0,,0,,0,0,0,0,0
2218,Q9Y5Y7,1,,0,,0,,0,0,0,0,0
2219,Q9Y5Y9,1,,0,,0,,0,0,0,0,0
2220,Q9Y624,1,,0,,0,,0,0,0,0,0
2221,Q9Y625,1,,0,,0,,0,0,0,0,0
2222,Q9Y639,1,,0,,0,,0,0,0,0,0
2223,Q9Y653,1,,0,,0,,0,0,0,0,0
2224,Q9Y6C2,0,,0,,0,,0,0,0,0,0
2225,Q9Y6C5,1,,0,,0,,0,0,0,0,0
2226,Q9Y6F9,1,,0,,0,,0,0,0,0,0
2227,Q9Y6I3,1,,0,,0,,0,0,0,0,0
2228,Q9Y6N6,0,,0,,0,,0,0,0,0,0
2229,Q9Y6N7,1,,0,,0,,0,0,0,0,0
2230,Q9Y6N8,1,,0,,0,,0,0,0,0,0
2231,Q9Y6Q6,1,,0,,0,,0,0,0,0,0
2232,Q9Y6W8,1,,0,,0,,0,0,0,0,0
2233,Q9Y6Y9,1,,0,,0,,0,0,0,0,0
2234,W5XKT8,1,,0,,0,,0,0,0,0,0
