"","interaction_ID","AML1012-D0","AML210A-D0","AML328-D0","AML419A-D0","AML420B-D0","AML556-D0","AML707B-D0","AML916-D0","AML921A-D0","BM-A","BM-B","BM-C1","BM-E","BM-F","BM-G","BM-H","BM-J","BM-K","BM-L","BM-M","BM-N","BM-O","BM-P","BM-Q","BM-R","BM-Sk2","BM-T","BM-U","BM-W","BM1","BM2","BM3","BM4"
"1","DC:VCAN_DC:FN1",0.3,0.286,0.504,0.467,0,0.485,0.372,0,0.098,0.214,0.22,0.223,0.218,0.245,0.256,0.217,0.212,0.331,0.258,0.365,0.363,0.341,0.228,0.325,0.326,0.225,0.33,0.316,0.158,0.196,0.289,0.264,0.369
"2","DC:VCAN_Ery:FN1",0.3,0.287,0.437,0.458,0,0.484,0.355,0,0,0.207,0.217,0.221,0.216,0.238,0.254,0.206,0.207,0.314,0.25,0.361,0.356,0.331,0.225,0,0.323,0.223,0.324,0.308,0.157,0.196,0.29,0.264,0.369
"3","DC:VCAN_HSPC:FN1",0,0.288,0.445,0.458,0,0.485,0.359,0,0.098,0.209,0.218,0.222,0.217,0.241,0.258,0.21,0.211,0.315,0.251,0.364,0.359,0.333,0.227,0.323,0.325,0.223,0.327,0.311,0.157,0.196,0.29,0.264,0.369
"4","DC:VCAN_Mono:FN1",0.301,0.289,0.452,0.461,0,0.483,0.36,0,0.098,0.206,0.216,0.222,0.217,0.239,0.255,0.208,0.208,0.315,0.248,0.36,0.355,0.329,0.223,0.322,0.324,0.224,0.324,0.307,0.157,0.195,0.29,0.263,0.367
"5","DC:VCAN_T:FN1",0.3,0.289,0.437,0,0,0.485,0.355,0,0.096,0.207,0.216,0.222,0.219,0.238,0.257,0.207,0.209,0.315,0.249,0.361,0.356,0.329,0.225,0.323,0.326,0.225,0.325,0.308,0.159,0.197,0.291,0.264,0.369
"6","DC:VCAN_DC:LDLR",0.316,0.303,0.458,0.478,0,0.514,0.383,0,0.11,0.23,0.235,0.236,0.233,0.252,0.271,0.23,0.225,0.33,0.271,0.379,0.37,0.354,0.239,0.34,0.339,0.229,0.342,0.336,0.174,0.205,0.312,0.287,0.398
"7","DC:VCAN_Ery:LDLR",0.315,0.313,0.454,0.479,0,0.501,0.37,0,0,0.226,0.241,0.243,0.245,0.259,0.271,0.226,0.226,0.33,0.267,0.378,0.374,0.353,0.242,0.35,0.35,0.25,0.34,0.326,0.186,0.211,0.302,0.279,0.387
"8","DC:VCAN_HSPC:LDLR",0.306,0.29,0.447,0.461,0,0.514,0.362,0,0.104,0.225,0.226,0.228,0.225,0.25,0.259,0.224,0.217,0.325,0.266,0.368,0.363,0.344,0.231,0.332,0.332,0.227,0.334,0.324,0.169,0.213,0.303,0.281,0.385
"9","DC:VCAN_Mono:LDLR",0.332,0.318,0.465,0.487,0,0.528,0.386,0,0.129,0.248,0.257,0.255,0.255,0.266,0.285,0.248,0.244,0.343,0.277,0.398,0.386,0.368,0.262,0.359,0.363,0.24,0.36,0.348,0.202,0.227,0.321,0.305,0.414
"10","DC:VCAN_T:LDLR",0.316,0.295,0.445,0,0,0.496,0.364,0,0.104,0.214,0.223,0.227,0.224,0.245,0.263,0.214,0.214,0.324,0.257,0.369,0.361,0.335,0.233,0.329,0.331,0.227,0.329,0.316,0.162,0.203,0.296,0.271,0.375
"11","DC:VCAN_DC:ITGB1",0.578,0.529,0.666,0.687,0,0.755,0.538,0,0.23,0.388,0.356,0.395,0.405,0.389,0.434,0.382,0.377,0.493,0.415,0.529,0.521,0.493,0.412,0.544,0.524,0.405,0.493,0.487,0.328,0.416,0.502,0.457,0.59
"12","DC:VCAN_Ery:ITGB1",0.481,0.528,0.683,0.72,0,0.769,0.519,0,0,0.453,0.507,0.466,0.462,0.521,0.523,0.463,0.466,0.573,0.494,0.639,0.641,0.604,0.507,0.584,0.584,0.49,0.611,0.557,0.413,0.444,0.527,0.51,0.647
"13","DC:VCAN_HSPC:ITGB1",0.573,0.484,0.595,0.618,0,0.681,0.559,0,0.229,0.405,0.358,0.4,0.399,0.392,0.415,0.399,0.386,0.492,0.394,0.518,0.496,0.487,0.414,0.474,0.518,0.404,0.486,0.482,0.335,0.375,0.463,0.448,0.567
"14","DC:VCAN_Mono:ITGB1",0.379,0.378,0.54,0.561,0,0.584,0.43,0,0.176,0.307,0.313,0.294,0.285,0.366,0.334,0.3,0.305,0.433,0.358,0.453,0.463,0.417,0.325,0.401,0.381,0.305,0.414,0.399,0.214,0.264,0.364,0.338,0.451
"15","DC:VCAN_T:ITGB1",0.396,0.391,0.563,0,0,0.581,0.437,0,0.18,0.29,0.28,0.294,0.287,0.333,0.308,0.289,0.237,0.441,0.355,0.45,0.466,0.417,0.312,0.433,0.414,0.321,0.385,0.437,0.193,0.293,0.383,0.378,0.447
"16","DC:VCAN_DC:TLR2",0.348,0.316,0.5,0.543,0,0.54,0.462,0,0.149,0.265,0.261,0.256,0.24,0.292,0.294,0.268,0.261,0.383,0.298,0.413,0.425,0.4,0.267,0.365,0.353,0.263,0.389,0.363,0.189,0.214,0.315,0.293,0.418
"17","DC:VCAN_Ery:TLR2",0.309,0.294,0.442,0.463,0,0.485,0.358,0,0,0.209,0.22,0.224,0.219,0.242,0.254,0.206,0.209,0.316,0.253,0.363,0.359,0.337,0.228,0.323,0.327,0.231,0.33,0.312,0.159,0.203,0.295,0.268,0.374
"18","DC:VCAN_HSPC:TLR2",0.314,0.298,0.444,0.467,0,0.52,0.411,0,0.132,0.253,0.241,0.249,0.227,0.274,0.286,0.249,0.248,0.342,0.273,0.39,0.386,0.362,0.261,0.331,0.332,0.24,0.361,0.349,0.179,0.213,0.299,0.279,0.381
"19","DC:VCAN_Mono:TLR2",0.365,0.347,0.497,0.525,0,0.548,0.404,0,0.153,0.259,0.265,0.269,0.279,0.292,0.298,0.266,0.263,0.363,0.299,0.426,0.422,0.386,0.273,0.395,0.399,0.292,0.386,0.363,0.224,0.272,0.356,0.322,0.425
"20","DC:VCAN_T:TLR2",0.312,0.288,0.438,0,0,0.484,0.36,0,0.097,0.207,0.216,0.221,0.219,0.237,0.255,0.207,0.208,0.314,0.25,0.361,0.355,0.329,0.226,0.323,0.326,0.226,0.323,0.308,0.159,0.198,0.29,0.264,0.369
"21","DC:VCAN_DC:TLR3",0.3,0.29,0.437,0.459,0,0.485,0.354,0,0.096,0.206,0.217,0.222,0.221,0.237,0.255,0.207,0.208,0.314,0.25,0.361,0.355,0.33,0.225,0.325,0.327,0.224,0.324,0.308,0.161,0.204,0.296,0.27,0.376
"22","DC:VCAN_Ery:TLR3",0.3,0.288,0.439,0.458,0,0.485,0.356,0,0,0.208,0.218,0.221,0.217,0.238,0.255,0.208,0.208,0.315,0.25,0.361,0.356,0.331,0.225,0.322,0.324,0.224,0.325,0.309,0.158,0.196,0.29,0.265,0.371
"23","DC:VCAN_HSPC:TLR3",0.301,0.294,0.438,0.465,0,0.486,0.355,0,0.098,0.207,0.218,0.223,0.222,0.239,0.257,0.208,0.208,0.315,0.252,0.363,0.357,0.331,0.226,0.327,0.329,0.227,0.325,0.309,0.161,0.2,0.296,0.268,0.373
"24","DC:VCAN_Mono:TLR3",0.298,0.286,0.436,0.456,0,0.482,0.354,0,0.095,0.205,0.215,0.22,0.216,0.236,0.254,0.206,0.206,0.313,0.249,0.359,0.354,0.328,0.223,0.321,0.323,0.222,0.323,0.306,0.156,0.195,0.288,0.263,0.368
"25","DC:VCAN_T:TLR3",0.298,0.286,0.436,0,0,0.483,0.354,0,0.095,0.205,0.214,0.22,0,0.236,0.253,0.205,0.206,0.312,0.248,0.358,0.354,0.328,0.222,0.321,0,0.222,0.322,0.306,0,0,0.288,0.262,0.367
"26","DC:VEGFA_DC:VCAN",0.309,0.292,0.445,0.46,0,0.503,0.368,0,0.096,0.215,0.232,0.227,0.231,0.247,0.257,0.215,0.216,0.323,0.263,0.367,0.369,0.355,0.225,0.342,0.336,0.225,0.33,0.318,0.177,0.238,0.319,0.3,0.42
"27","Ery:VEGFA_DC:VCAN",0.312,0.307,0.453,0.482,0,0.509,0.368,0,0,0.224,0.243,0.249,0.242,0.27,0.286,0.237,0.234,0.337,0.276,0.386,0.378,0.352,0.244,0.356,0.352,0.243,0.346,0.329,0.183,0.23,0.321,0.288,0.391
"28","HSPC:VEGFA_DC:VCAN",0.303,0.294,0.441,0.459,0,0.501,0.374,0,0.097,0.217,0.221,0.231,0.224,0.243,0.26,0.218,0.217,0.32,0.254,0.365,0.358,0.337,0.228,0.33,0.33,0.229,0.329,0.317,0.169,0.209,0.299,0.274,0.378
"29","Mono:VEGFA_DC:VCAN",0.327,0.315,0.456,0.49,0,0.521,0.378,0,0.126,0.234,0.258,0.241,0.244,0.265,0.272,0.243,0.233,0.337,0.272,0.398,0.403,0.385,0.24,0.348,0.354,0.251,0.357,0.34,0.194,0.239,0.328,0.304,0.412
"30","T:VEGFA_DC:VCAN",0.306,0.287,0,0,0,0.486,0.356,0,0.095,0.205,0.214,0,0.216,0.236,0.254,0.205,0.207,0.313,0.248,0.36,0.354,0.329,0.222,0.322,0.324,0.223,0.323,0.307,0.156,0.197,0.289,0.263,0.368
"31","Ery:MIF_DC:CD74",1.145,1.235,1.219,1.08,0,0.647,1.458,1.261,0,1.934,1.859,1.495,1.361,1.655,1.408,1.573,1.626,1.759,1.723,1.584,1.9,2.013,1.633,1.282,1.201,1.375,1.688,1.781,1.616,1.234,1.102,1.255,1.466
"32","Ery:MIF_Ery:CD74",1.27,0.919,1.036,0.905,0.641,0.725,1.248,1.037,0,1.263,1.044,0.967,0.883,0.855,0.675,0.707,0.894,0.892,0.976,0.842,1.077,1.25,1.11,0.656,0.777,1.078,1.059,1.094,0.954,0.542,0.652,0.808,1.038
"33","Ery:MIF_HSPC:CD74",0.713,0.652,0.947,0.801,0.288,0.453,1.198,1.105,0,1.416,1.306,0.988,0.783,1.144,0.904,1.036,1.116,1.055,1.274,1.093,1.395,1.499,1.144,0.78,0.729,0.822,1.212,1.279,1.073,0.423,0.575,0.686,0.821
"34","Ery:MIF_Mono:CD74",1.533,1.513,1.497,1.454,1.244,1.123,1.695,0,0,1.676,1.626,1.439,1.455,1.487,1.091,1.399,1.394,1.506,1.58,1.327,1.611,1.73,1.349,1.352,1.262,1.553,1.409,1.485,1.445,1.135,1.29,1.347,1.593
"35","Ery:MIF_T:CD74",0.81,0.599,0.646,0,0.373,0.67,0.925,0.922,0,0.936,0.79,0.693,0.577,0.668,0.478,0.59,0.668,0.637,0.749,0.637,0.871,0.953,0.733,0.535,0.58,0.83,0.698,0.781,0.715,0.394,0.521,0.593,0.752
"36","DC:AREG_DC:ICAM1",0.128,0.197,0.072,0.349,0,0.149,0.087,0.138,0.05,0.148,0.219,0.116,0.354,0.149,0.059,0.14,0.129,0.12,0.224,0.11,0.153,0.261,0,0.309,0.29,0.25,0.088,0.171,0.419,0.674,0.547,0.764,0.932
"37","HSPC:AREG_DC:ICAM1",0.054,0.214,0.089,0.236,0,0.29,0,0.109,0.063,0.269,0.263,0.069,0.367,0.149,0.072,0.19,0.123,0.2,0.39,0.126,0.17,0.305,0.025,0.444,0.353,0.23,0.089,0.125,0.357,0.81,0.747,0.89,1.214
"38","DC:AREG_Ery:ICAM1",0.121,0.179,0.05,0.341,0,0.143,0.084,0.136,0,0.134,0.21,0.106,0.34,0.137,0.048,0.128,0.118,0.105,0.212,0.099,0.14,0.25,0,0.293,0.279,0.241,0.081,0.16,0.404,0.652,0.532,0.753,0.919
"39","HSPC:AREG_Ery:ICAM1",0.047,0.195,0.067,0.227,0.156,0.284,0,0.108,0,0.256,0.253,0.059,0.353,0.137,0.06,0.178,0.112,0.185,0.378,0.116,0.157,0.294,0.015,0.427,0.341,0.221,0.082,0.114,0.342,0.789,0.732,0.879,1.201
"40","DC:AREG_HSPC:ICAM1",0.125,0.18,0.052,0.342,0,0.144,0.083,0.134,0.04,0.138,0.21,0.109,0.345,0.139,0.048,0.128,0.12,0.106,0.217,0.101,0.141,0.252,0,0.299,0.285,0.244,0.081,0.161,0.409,0.652,0.531,0.753,0.918
"41","HSPC:AREG_HSPC:ICAM1",0.05,0.197,0.069,0.229,0.155,0.285,0,0.106,0.054,0.259,0.254,0.062,0.358,0.139,0.061,0.179,0.114,0.187,0.382,0.117,0.158,0.296,0.016,0.434,0.347,0.224,0.082,0.115,0.347,0.788,0.731,0.878,1.201
"42","DC:AREG_Mono:ICAM1",0.145,0.206,0.087,0.372,0,0.183,0.112,0,0.073,0.163,0.244,0.119,0.369,0.168,0.065,0.177,0.145,0.139,0.245,0.137,0.187,0.289,0,0.332,0.307,0.264,0.104,0.19,0.437,0.682,0.559,0.777,0.94
"43","HSPC:AREG_Mono:ICAM1",0.071,0.223,0.105,0.259,0.178,0.323,0,0,0.086,0.285,0.288,0.072,0.381,0.169,0.077,0.227,0.14,0.219,0.411,0.153,0.205,0.334,0.027,0.467,0.369,0.244,0.105,0.144,0.376,0.819,0.759,0.903,1.223
"44","DC:AREG_T:ICAM1",0.128,0.178,0.05,0,0,0.146,0.086,0.14,0.039,0.134,0.209,0.106,0.342,0.137,0.048,0.128,0.117,0.105,0.213,0.1,0.14,0.249,0,0.296,0.283,0.242,0.079,0.159,0.407,0.653,0.533,0.753,0.919
"45","HSPC:AREG_T:ICAM1",0.053,0.195,0.067,0,0.157,0.287,0,0.111,0.052,0.256,0.252,0.059,0.355,0.137,0.06,0.178,0.111,0.186,0.379,0.116,0.157,0.293,0.014,0.431,0.345,0.222,0.08,0.113,0.345,0.79,0.733,0.879,1.201
"174","DC:FBLN2_DC:VCAN",0.302,0.293,0.438,0.459,0,0.483,0.356,0,0.103,0.211,0.221,0.226,0.22,0.242,0.26,0.211,0.212,0.318,0.253,0.366,0.36,0.335,0.231,0.325,0.326,0.225,0.331,0.314,0.162,0.203,0.296,0.271,0.379
"175","Ery:FBLN2_DC:VCAN",0.301,0.287,0.438,0.457,0,0.482,0.356,0,0,0.21,0.217,0.221,0.217,0.237,0.252,0.205,0.207,0.314,0.25,0.359,0.356,0.333,0.224,0.321,0.324,0.224,0.323,0.308,0.159,0,0.288,0.263,0.37
"176","HSPC:FBLN2_DC:VCAN",0.301,0.287,0.441,0.457,0,0.483,0.36,0,0.098,0.208,0.217,0.224,0.218,0.239,0.256,0.209,0.21,0.315,0.25,0.362,0.357,0.33,0.226,0.322,0.325,0.223,0.327,0.31,0.16,0.195,0.29,0.264,0.369
"177","Mono:FBLN2_DC:VCAN",0.298,0.287,0.436,0.457,0,0.483,0.352,0,0,0.204,0.214,0.22,0.216,0.235,0.253,0.205,0.206,0.313,0.247,0.358,0,0.328,0.223,0.321,0.323,0.223,0.322,0.306,0,0.195,0.29,0.264,0.371
"178","T:FBLN2_DC:VCAN",0.299,0.287,0.436,0,0,0.482,0.353,0,0.095,0.205,0.215,0.22,0.217,0.237,0.254,0.205,0.208,0.312,0.248,0.359,0.354,0.328,0.223,0.322,0.324,0.223,0.324,0.306,0.157,0.196,0.29,0.262,0.368
"189","HSPC:HSP90B1_DC:TLR4",0.435,0.475,0.376,0.571,0,0.699,0.425,0.328,0.43,0.461,0.39,0.383,0.466,0.436,0.441,0.492,0.436,0.396,0.421,0.473,0.468,0.499,0.485,0.494,0.65,0.419,0.492,0.532,0.47,0.78,0.624,0.68,0.777
"190","HSPC:HSP90B1_Ery:TLR4",0.391,0.424,0.271,0.363,0.422,0.616,0.345,0.322,0,0.414,0.354,0.349,0,0.382,0,0,0,0.326,0.373,0.406,0.398,0.435,0.441,0,0,0.318,0.428,0.471,0,0.777,0.595,0.654,0.737
"191","HSPC:HSP90B1_HSPC:TLR4",0.389,0.445,0,0.397,0.449,0.669,0.351,0.325,0.412,0.432,0.367,0.356,0.447,0.403,0.42,0.454,0.406,0.34,0.388,0.43,0.427,0.455,0.466,0.449,0.62,0.354,0.45,0.49,0.452,0.817,0.615,0.685,0.766
"192","HSPC:HSP90B1_Mono:TLR4",0.419,0.461,0.325,0.407,0.47,0.661,0.368,0,0.421,0.45,0.393,0.378,0.47,0.434,0.429,0.478,0.431,0.369,0.417,0.453,0.447,0.486,0.477,0.478,0.64,0.347,0.472,0.509,0.474,0.813,0.639,0.691,0.774
"193","HSPC:HSP90B1_T:TLR4",0.393,0,0.27,0,0,0.616,0.348,0.324,0.388,0.413,0.352,0.35,0,0.383,0,0.44,0,0.326,0.371,0.405,0.396,0.43,0,0,0,0,0,0,0,0,0,0.653,0.735
"194","HSPC:HSP90B1_DC:TLR2",0.439,0.449,0.333,0.446,0,0.672,0.453,0.361,0.44,0.474,0.399,0.385,0.458,0.439,0.439,0.503,0.448,0.397,0.422,0.46,0.468,0.502,0.485,0.476,0.624,0.358,0.494,0.526,0.477,0.794,0.619,0.684,0.787
"195","HSPC:HSP90B1_Ery:TLR2",0.4,0.427,0.275,0.366,0.425,0.617,0.35,0.326,0,0.418,0.357,0.353,0.436,0.388,0.399,0.442,0.395,0.33,0.376,0.409,0.402,0.439,0.446,0.434,0.598,0.325,0.435,0.476,0.447,0.783,0.6,0.659,0.742
"196","HSPC:HSP90B1_HSPC:TLR2",0.405,0.431,0.277,0.37,0.43,0.652,0.402,0.358,0.423,0.461,0.379,0.377,0.445,0.42,0.431,0.484,0.435,0.355,0.397,0.437,0.429,0.464,0.48,0.443,0.603,0.334,0.466,0.512,0.467,0.793,0.604,0.67,0.75
"197","HSPC:HSP90B1_Mono:TLR2",0.456,0.48,0.33,0.428,0.489,0.68,0.395,0,0.445,0.468,0.403,0.398,0.496,0.438,0.443,0.502,0.45,0.377,0.423,0.472,0.465,0.488,0.492,0.506,0.67,0.387,0.491,0.526,0.512,0.852,0.661,0.713,0.793
"198","HSPC:HSP90B1_T:TLR2",0.403,0.421,0.271,0,0.422,0.617,0.351,0.329,0.389,0.416,0.354,0.35,0.436,0.384,0.401,0.442,0.394,0.328,0.373,0.407,0.398,0.431,0.444,0.434,0.597,0.32,0.428,0.472,0.448,0.778,0.595,0.655,0.738
"199","HSPC:HSP90B1_DC:ASGR1",0.396,0,0.285,0,0,0,0.348,0.32,0.388,0.421,0.357,0.354,0.435,0.389,0.408,0.448,0.4,0.334,0.381,0.414,0.406,0.436,0.452,0.44,0.6,0,0.438,0.481,0,0,0.593,0,0
"200","HSPC:HSP90B1_Ery:ASGR1",0.41,0.432,0.282,0.369,0.424,0.617,0.353,0.332,0,0.423,0.357,0.352,0.437,0.386,0.4,0.444,0.396,0.328,0.375,0.409,0.405,0.439,0.454,0.433,0.596,0.327,0.439,0.478,0.448,0.78,0.598,0.659,0.743
"201","HSPC:HSP90B1_HSPC:ASGR1",0,0,0.269,0,0.423,0,0,0.32,0.386,0.415,0.355,0,0,0.386,0.4,0.443,0.394,0.326,0.373,0.407,0.401,0.434,0.445,0.434,0,0,0.429,0.472,0.445,0.777,0.595,0.656,0.739
"202","HSPC:HSP90B1_Mono:ASGR1",0.499,0.536,0.403,0.495,0.543,0.713,0.44,0,0.522,0.508,0.426,0.436,0.543,0.465,0.489,0.546,0.483,0.42,0.473,0.531,0.503,0.526,0.555,0.542,0.707,0.434,0.553,0.588,0.538,0.875,0.708,0.74,0.82
"203","HSPC:HSP90B1_T:ASGR1",0.4,0.419,0,0,0,0,0.344,0.323,0,0,0,0.349,0,0,0,0,0,0,0,0,0,0,0.443,0,0,0.317,0,0,0,0,0,0,0
"214","DC:SELPLG_DC:SELL",0.268,0.21,0.215,0.197,0,0.156,0.126,0.052,0.157,0.274,0.262,0.26,0.365,0.224,0.28,0.253,0.257,0.259,0.315,0.25,0.259,0.291,0.254,0.344,0.333,0.258,0.241,0.303,0.381,0.546,0.415,0.504,0.54
"215","Ery:SELPLG_DC:SELL",0.261,0.176,0.123,0.118,0,0.122,0.087,0.044,0,0.207,0.22,0.22,0.316,0.174,0.201,0.167,0.192,0.17,0.236,0.177,0.183,0.236,0.194,0.28,0.286,0.204,0.179,0.222,0.335,0.491,0.386,0.473,0.524
"216","HSPC:SELPLG_DC:SELL",0.242,0.184,0.152,0.156,0,0.12,0.057,0.039,0.139,0.204,0.217,0.211,0.317,0.18,0.222,0.178,0.197,0.183,0.253,0.201,0.205,0.237,0.21,0.294,0.296,0.217,0.189,0.236,0.331,0.481,0.375,0.46,0.498
"217","Mono:SELPLG_DC:SELL",0.274,0.215,0.173,0.171,0,0.159,0.093,0,0.129,0.227,0.25,0.257,0.349,0.244,0.237,0.21,0.242,0.231,0.294,0.226,0.225,0.256,0.229,0.319,0.316,0.251,0.22,0.258,0.367,0.516,0.416,0.501,0.538
"218","T:SELPLG_DC:SELL",0.243,0.177,0.127,0,0,0.121,0.086,0.027,0.095,0.19,0.208,0.217,0.319,0.173,0.208,0.171,0.185,0.169,0.228,0.181,0.176,0.219,0.188,0.293,0.296,0.21,0.169,0.211,0.333,0.501,0.389,0.476,0.512
"219","DC:SELPLG_HSPC:SELL",0.306,0.286,0.235,0.295,0,0.204,0.231,0.063,0.216,0.304,0.274,0.259,0.361,0.238,0.3,0.268,0.264,0.298,0.308,0.275,0.281,0.3,0.28,0.335,0.317,0.3,0.267,0.274,0.339,0.402,0.408,0.43,0.509
"220","Ery:SELPLG_HSPC:SELL",0.298,0.252,0.143,0.216,0.416,0.169,0.192,0.054,0,0.237,0.232,0.219,0.313,0.188,0.221,0.182,0.2,0.208,0.229,0.202,0.206,0.245,0.22,0.27,0.27,0.246,0.205,0.192,0.292,0.347,0.379,0.399,0.492
"221","HSPC:SELPLG_HSPC:SELL",0.28,0.259,0.172,0.254,0.422,0.167,0.163,0.05,0.198,0.234,0.228,0.21,0.313,0.194,0.242,0.192,0.204,0.222,0.247,0.225,0.228,0.245,0.236,0.285,0.28,0.26,0.215,0.206,0.289,0.337,0.368,0.386,0.466
"222","Mono:SELPLG_HSPC:SELL",0.312,0.29,0.193,0.269,0.471,0.206,0.198,0,0.189,0.257,0.261,0.256,0.346,0.258,0.257,0.225,0.249,0.269,0.288,0.251,0.248,0.265,0.255,0.309,0.299,0.293,0.246,0.229,0.324,0.372,0.409,0.428,0.507
"223","T:SELPLG_HSPC:SELL",0.281,0.252,0.147,0,0.431,0.168,0.191,0.038,0.154,0.219,0.219,0.216,0.315,0.187,0.228,0.185,0.192,0.208,0.221,0.205,0.198,0.228,0.214,0.284,0.28,0.252,0.195,0.182,0.29,0.357,0.382,0.402,0.481
"224","DC:S100A8_DC:ITGB2",0.812,0.592,0.559,0.946,0,0.773,0.574,0.229,0.542,0.632,0.645,0.601,0.511,0.55,0.736,0.574,0.548,0.716,0.738,0.864,0.875,0.876,0.737,0.656,0.78,0.638,0.804,0.859,0.492,0.351,0.577,0.52,0.7
"225","DC:S100A8_Ery:ITGB2",0.722,0.458,0.351,0.679,0,0.562,0.38,0.169,0,0.377,0.368,0.397,0.374,0.294,0.479,0.302,0.32,0.393,0.461,0.555,0.559,0.54,0.53,0.438,0.604,0.504,0.545,0.566,0.296,0.324,0.476,0.419,0.549
"226","DC:S100A8_HSPC:ITGB2",0.638,0.389,0.287,0.679,0,0.654,0.306,0.174,0.385,0.402,0.438,0.397,0.36,0.367,0.531,0.328,0.352,0.415,0.534,0.631,0.653,0.62,0.539,0.468,0.616,0.486,0.568,0.6,0.318,0.295,0.452,0.412,0.518
"227","DC:S100A8_Mono:ITGB2",0.839,0.684,0.61,0.975,0,0.86,0.623,0,0.597,0.687,0.597,0.61,0.655,0.608,0.69,0.629,0.607,0.739,0.838,0.836,0.812,0.778,0.747,0.745,0.864,0.832,0.781,0.853,0.536,0.49,0.714,0.605,0.752
"228","DC:S100A8_T:ITGB2",0.669,0.482,0.419,0,0,0.692,0.485,0.183,0.389,0.469,0.444,0.437,0.428,0.4,0.547,0.423,0.392,0.473,0.538,0.619,0.653,0.647,0.535,0.584,0.717,0.6,0.563,0.634,0.379,0.391,0.556,0.495,0.616
"229","DC:S100A8_DC:TLR4",0.607,0.367,0.311,0.76,0,0.581,0.354,0.027,0.207,0.323,0.354,0.354,0.346,0.285,0.47,0.277,0.305,0.353,0.428,0.555,0.53,0.517,0.433,0.462,0.608,0.461,0.481,0.516,0.291,0.259,0.436,0.376,0.507
"230","DC:S100A8_Ery:TLR4",0.563,0.316,0.206,0.552,0,0.498,0.273,0.021,0,0.276,0.317,0.32,0,0.232,0,0,0,0.282,0.381,0.488,0.46,0.453,0.389,0,0,0.359,0.417,0.455,0,0.256,0.406,0.351,0.466
"231","DC:S100A8_HSPC:TLR4",0.561,0.337,0,0.586,0,0.551,0.279,0.023,0.19,0.294,0.331,0.327,0.327,0.253,0.449,0.239,0.274,0.297,0.395,0.512,0.489,0.473,0.414,0.417,0.579,0.395,0.439,0.473,0.273,0.297,0.427,0.381,0.495
"232","DC:S100A8_Mono:TLR4",0.592,0.353,0.26,0.597,0,0.542,0.297,0,0.199,0.312,0.356,0.349,0.35,0.284,0.458,0.263,0.3,0.326,0.425,0.535,0.509,0.504,0.425,0.447,0.599,0.389,0.461,0.492,0.295,0.293,0.45,0.388,0.504
"233","DC:S100A8_T:TLR4",0.565,0,0.205,0,0,0.498,0.277,0.022,0.165,0.274,0.316,0.321,0,0.233,0,0.225,0,0.283,0.379,0.487,0.458,0.448,0,0,0,0,0,0,0,0,0,0.349,0.464
"234","DC:S100A9_DC:ITGB2",0.914,0.608,0.923,0.979,0,0.769,0.708,0.249,0.618,0.762,0.758,0.65,0.551,0.654,0.831,0.7,0.641,0.932,0.893,0.992,1.074,1.086,0.827,0.742,0.822,0.651,0.953,0.998,0.527,0.357,0.615,0.581,0.802
"235","DC:S100A9_Ery:ITGB2",0.824,0.474,0.715,0.712,0,0.558,0.514,0.189,0,0.507,0.481,0.447,0.414,0.398,0.574,0.429,0.413,0.608,0.616,0.683,0.758,0.75,0.62,0.524,0.645,0.517,0.693,0.705,0.332,0.331,0.514,0.479,0.651
"236","DC:S100A9_HSPC:ITGB2",0.74,0.405,0.652,0.712,0,0.651,0.44,0.194,0.461,0.531,0.551,0.447,0.4,0.47,0.625,0.455,0.444,0.631,0.688,0.759,0.852,0.83,0.629,0.555,0.658,0.499,0.717,0.739,0.354,0.302,0.49,0.472,0.62
"237","DC:S100A9_Mono:ITGB2",0.941,0.7,0.974,1.008,0,0.856,0.757,0,0.673,0.816,0.71,0.659,0.695,0.712,0.784,0.755,0.699,0.954,0.993,0.964,1.01,0.989,0.837,0.832,0.906,0.846,0.93,0.992,0.572,0.497,0.752,0.665,0.854
"238","DC:S100A9_T:ITGB2",0.771,0.497,0.783,0,0,0.688,0.62,0.203,0.465,0.598,0.557,0.486,0.468,0.504,0.641,0.549,0.485,0.688,0.692,0.747,0.851,0.858,0.625,0.67,0.759,0.613,0.711,0.773,0.415,0.398,0.593,0.555,0.718
"239","DC:S100A9_DC:TLR4",0.709,0.383,0.676,0.793,0,0.577,0.488,0.047,0.283,0.452,0.466,0.403,0.386,0.389,0.565,0.403,0.397,0.568,0.583,0.683,0.729,0.728,0.523,0.548,0.65,0.474,0.629,0.655,0.326,0.266,0.473,0.436,0.609
"240","DC:S100A9_Ery:TLR4",0.666,0.332,0.571,0.585,0,0.494,0.408,0.041,0,0.405,0.43,0.369,0,0.336,0,0,0,0.498,0.536,0.617,0.658,0.664,0.479,0,0,0.372,0.565,0.594,0,0.263,0.444,0.411,0.568
"241","DC:S100A9_HSPC:TLR4",0.663,0.352,0,0.62,0,0.547,0.414,0.043,0.266,0.423,0.443,0.377,0.367,0.356,0.543,0.366,0.367,0.512,0.55,0.64,0.688,0.683,0.504,0.503,0.621,0.409,0.587,0.612,0.309,0.303,0.465,0.441,0.597
"242","DC:S100A9_Mono:TLR4",0.694,0.369,0.624,0.63,0,0.539,0.431,0,0.275,0.441,0.469,0.399,0.39,0.387,0.552,0.39,0.392,0.541,0.579,0.663,0.708,0.714,0.515,0.533,0.64,0.402,0.609,0.631,0.33,0.299,0.488,0.448,0.606
"243","DC:S100A9_T:TLR4",0.667,0,0.569,0,0,0.494,0.411,0.042,0.241,0.404,0.428,0.37,0,0.336,0,0.352,0,0.498,0.534,0.616,0.657,0.658,0,0,0,0,0,0,0,0,0,0.41,0.566
"249","Ery:EPCAM_DC:CLDN7",0.016,0.024,0.049,0.093,0,0.092,0.065,0.039,0,0.122,0.238,0.122,0.132,0.189,0.11,0.082,0.164,0,0.14,0.176,0.174,0.219,0.098,0.123,0.153,0.142,0.124,0.126,0.185,0.064,0.094,0.147,0
"250","Ery:EPCAM_Ery:CLDN7",0.016,0.024,0.038,0.096,0.013,0.096,0.065,0.042,0,0.127,0.246,0.125,0.135,0.196,0.116,0.087,0.171,0,0.146,0.185,0.181,0.224,0.102,0.126,0.156,0.145,0.129,0.132,0.19,0.068,0.1,0.154,0.171
"251","Ery:EPCAM_HSPC:CLDN7",0.016,0.025,0.048,0.093,0.013,0.092,0.064,0.039,0,0.124,0.241,0.123,0.133,0.191,0.113,0.084,0.166,0,0.144,0.18,0.177,0.221,0.101,0.125,0.153,0.143,0.127,0.129,0.186,0.065,0.096,0.148,0.166
"252","Ery:EPCAM_Mono:CLDN7",0.017,0.026,0.038,0.095,0.013,0.091,0.064,0,0,0.121,0,0.121,0.133,0.189,0.11,0.081,0.164,0,0,0.177,0,0,0.097,0.125,0.154,0.144,0.125,0.125,0.186,0.065,0.095,0,0.165
"253","Ery:EPCAM_T:CLDN7",0.016,0.024,0.037,0,0.012,0.091,0.063,0.04,0,0.121,0.238,0.121,0.133,0.189,0.109,0.081,0.164,0,0.139,0.177,0.174,0.217,0,0.124,0.153,0.142,0.125,0,0.186,0.065,0.095,0.147,0.166
"279","DC:CD34_DC:SELL",0.306,0,0.201,0,0,0.107,0.153,0.329,0.072,0.225,0.197,0.217,0.333,0.151,0.193,0.214,0.207,0.153,0.243,0,0,0.2,0.172,0.295,0.297,0.197,0,0.215,0.385,0,0.368,0.453,0.496
"280","Ery:CD34_DC:SELL",0.285,0.174,0.144,0.111,0,0.122,0.148,0.062,0,0.252,0.222,0.206,0.315,0.161,0.203,0.179,0.196,0.169,0.236,0.169,0.178,0.247,0.189,0.272,0.282,0.193,0.165,0.228,0.345,0.472,0.379,0.469,0.529
"281","HSPC:CD34_DC:SELL",0.416,0.197,0.39,0.103,0,0.13,0.413,0.326,0.113,0.4,0.317,0.38,0.449,0.276,0.318,0.385,0.368,0.273,0.335,0.222,0.206,0.305,0.283,0.373,0.356,0.253,0.247,0.344,0.545,0.538,0.498,0.562,0.623
"282","Mono:CD34_DC:SELL",0.226,0.147,0.088,0.087,0,0.102,0.072,0,0.07,0.172,0.19,0.19,0.303,0.142,0.196,0.151,0.173,0.136,0.203,0.156,0.148,0.187,0.161,0.271,0.275,0.176,0.144,0.193,0.318,0.478,0.366,0.452,0.492
"283","T:CD34_DC:SELL",0.257,0.143,0.089,0,0,0.097,0.076,0.089,0.063,0.163,0.179,0.185,0.299,0.139,0.179,0.144,0.164,0,0.198,0.148,0.143,0.184,0.15,0.267,0.271,0.173,0.14,0.184,0.315,0.473,0,0.447,0.486
"284","DC:CD34_HSPC:SELL",0.344,0,0.221,0,0,0.155,0.258,0.34,0.131,0.255,0.208,0.216,0.33,0.165,0.213,0.229,0.214,0.191,0.237,0,0,0.209,0.198,0.285,0.281,0.239,0,0.185,0.342,0,0.361,0.38,0.464
"285","Ery:CD34_HSPC:SELL",0.323,0.25,0.164,0.208,0.42,0.169,0.253,0.073,0,0.282,0.234,0.205,0.311,0.174,0.224,0.194,0.204,0.208,0.229,0.194,0.201,0.256,0.215,0.262,0.265,0.235,0.191,0.198,0.302,0.328,0.372,0.396,0.498
"286","HSPC:CD34_HSPC:SELL",0.454,0.272,0.41,0.2,0.549,0.177,0.518,0.337,0.173,0.43,0.328,0.379,0.445,0.29,0.338,0.4,0.375,0.311,0.329,0.247,0.229,0.313,0.309,0.363,0.34,0.296,0.273,0.314,0.503,0.394,0.491,0.488,0.592
"287","Mono:CD34_HSPC:SELL",0.264,0.223,0.108,0.184,0.396,0.149,0.178,0,0.129,0.202,0.202,0.189,0.299,0.156,0.216,0.166,0.181,0.175,0.197,0.181,0.17,0.196,0.187,0.261,0.258,0.218,0.17,0.164,0.276,0.334,0.359,0.378,0.461
"288","T:CD34_HSPC:SELL",0.295,0.219,0.109,0,0.396,0.145,0.181,0.1,0.122,0.193,0.191,0.184,0.295,0.153,0.2,0.159,0.172,0,0.192,0.173,0.166,0.193,0.176,0.257,0.255,0.216,0.166,0.154,0.272,0.329,0,0.374,0.455
"294","DC:GZMB_DC:PGRMC1",0.034,0.043,0,0.04,0,0.121,0.044,0.056,0.051,0.214,0.107,0.115,0.208,0.103,0.207,0.191,0.203,0.147,0.221,0.117,0.146,0.094,0.149,0.18,0.164,0.164,0.114,0.183,0.16,0.366,0.164,0.204,0.117
"295","DC:GZMB_Ery:PGRMC1",0.046,0.041,0,0.057,0,0.144,0.068,0.062,0,0.247,0.14,0.115,0.196,0.119,0.2,0.185,0.212,0.155,0.24,0.13,0.182,0.142,0.157,0.161,0.155,0.169,0.122,0.191,0.165,0.353,0.159,0.21,0.139
"296","DC:GZMB_HSPC:PGRMC1",0.033,0.034,0,0.039,0,0.125,0.045,0.056,0.053,0.213,0.105,0.108,0.202,0.111,0.199,0.195,0.2,0.147,0.222,0.121,0.159,0.103,0.145,0.17,0.167,0.157,0.12,0.187,0.158,0.364,0.154,0.203,0.121
"297","DC:GZMB_Mono:PGRMC1",0.031,0.035,0,0.044,0,0.119,0.047,0,0.045,0.2,0.096,0.109,0.196,0.097,0.195,0.174,0.193,0.14,0.214,0.105,0.141,0.082,0.137,0.169,0.154,0.169,0.103,0.166,0.157,0.358,0.157,0.198,0.117
"298","DC:GZMB_T:PGRMC1",0.022,0.015,0,0,0,0.108,0.027,0.029,0.02,0.176,0.073,0.086,0.179,0.078,0.167,0.153,0.169,0.117,0.19,0.083,0.122,0.065,0.11,0.153,0.138,0.147,0.08,0.144,0.137,0.341,0.136,0.176,0.088
"304","DC:VCAN_B:FN1",0,0.288,0.438,0.458,0,0.483,0.357,0,0.097,0.208,0.217,0.222,0.218,0.238,0.255,0.209,0.209,0.315,0.249,0.361,0.355,0.329,0.225,0.323,0.325,0.225,0.325,0.309,0.158,0.195,0.29,0.264,0.369
"305","DC:VCAN_B:LDLR",0,0.296,0.451,0.464,0,0.531,0.367,0,0.104,0.223,0.226,0.231,0.231,0.251,0.265,0.213,0.216,0.325,0.26,0.374,0.364,0.337,0.24,0.329,0.331,0.227,0.33,0.318,0.165,0.204,0.304,0.275,0.38
"306","DC:VCAN_B:ITGB1",0,0.399,0.573,0.562,0,0.552,0.418,0,0.195,0.294,0.276,0.296,0.27,0.34,0.315,0.252,0.271,0.433,0.325,0.434,0.427,0.376,0.321,0.389,0.387,0.344,0.407,0.408,0.206,0.223,0.355,0.339,0.445
"307","DC:VCAN_B:TLR2",0,0.292,0.44,0.462,0,0.485,0.359,0,0.101,0.21,0.217,0.221,0.219,0.24,0.256,0.211,0.21,0.317,0.252,0.362,0.358,0.332,0.229,0.323,0.328,0.23,0.326,0.311,0.161,0.195,0.288,0.265,0.37
"308","DC:VCAN_B:TLR3",0,0,0.436,0.455,0,0.483,0.354,0,0.095,0.206,0.215,0.22,0.216,0.236,0.253,0.205,0.206,0.312,0,0.359,0,0.328,0.224,0.321,0,0,0.322,0.306,0.156,0,0.288,0,0.367
"309","B:VEGFA_DC:VCAN",0,0.286,0.437,0.456,0,0.496,0.357,0,0.094,0.21,0.219,0.221,0.218,0.239,0.257,0.205,0.209,0.314,0.249,0.364,0.355,0.331,0.227,0.322,0.325,0.222,0.324,0.309,0.156,0.199,0.293,0.264,0.37
"310","Ery:MIF_B:CD74",0,2.095,2.052,2.121,1.604,1.65,1.81,1.5,0,1.976,1.918,1.736,2.007,1.957,1.322,2.21,1.95,2.101,2.264,1.707,2.351,2.472,1.64,1.89,2.131,2.161,2.057,2.232,2.252,1.275,1.556,1.978,1.964
"311","DC:AREG_B:ICAM1",0,0.178,0.054,0.342,0,0.168,0.088,0.137,0.044,0.141,0.213,0.108,0.348,0.144,0.055,0.128,0.119,0.11,0.22,0.107,0.148,0.253,0,0.299,0.285,0.242,0.079,0.162,0.41,0.653,0.532,0.753,0.92
"312","HSPC:AREG_B:ICAM1",0,0.195,0.071,0.228,0.163,0.309,0,0.108,0.057,0.262,0.257,0.061,0.361,0.144,0.068,0.179,0.113,0.191,0.386,0.123,0.165,0.297,0.022,0.434,0.347,0.222,0.08,0.116,0.348,0.79,0.732,0.879,1.202
"339","B:FBLN2_DC:VCAN",0,0.29,0.439,0.459,0,0.483,0.355,0,0.096,0.205,0.215,0.222,0.219,0.237,0.257,0.207,0.207,0.314,0.249,0.359,0.354,0.33,0.223,0.324,0.327,0.228,0.324,0.308,0.161,0.195,0.291,0.264,0.369
"342","HSPC:HSP90B1_B:TLR4",0,0.419,0.272,0.361,0,0.616,0.349,0.321,0.39,0.414,0.353,0.349,0,0.384,0,0.441,0.392,0.327,0.374,0.406,0.398,0.431,0.441,0,0,0,0.427,0.47,0,0,0.593,0,0
"343","HSPC:HSP90B1_B:TLR2",0,0.425,0.273,0.364,0.423,0.618,0.35,0.324,0.393,0.419,0.354,0.35,0.436,0.386,0.401,0.447,0.397,0.331,0.376,0.409,0.401,0.435,0.447,0.434,0.599,0.325,0.431,0.475,0.449,0.775,0.593,0.656,0.739
"344","HSPC:HSP90B1_B:ASGR1",0,0,0,0,0,0.614,0.345,0.321,0.39,0.418,0,0.351,0,0.382,0.399,0,0.393,0,0,0.407,0.396,0.431,0.449,0,0.594,0.317,0.428,0.47,0,0,0,0,0
"345","B:CD69_B:SIRPA",0,0.592,0.376,0.606,0.441,0.303,0.377,0.465,0.496,0.403,0.448,0.348,0.787,0.532,0.27,0.935,0.56,0.664,0.664,0.425,0.782,0.599,0.297,0.677,0.859,0.429,0.603,0.64,0.667,0.581,0.484,0.769,0.608
"346","B:CD69_DC:SIRPA",0,0.63,0.411,0.661,0,0.318,0.426,0.465,0.529,0.438,0.487,0.382,0.813,0.569,0.299,0.972,0.591,0.713,0.701,0.471,0.83,0.651,0.328,0.713,0.889,0.468,0.651,0.684,0.696,0.599,0.511,0.794,0.644
"347","B:CD69_Ery:SIRPA",0,0.597,0.378,0.609,0.441,0.299,0.376,0.47,0,0.403,0.448,0.346,0,0.531,0.265,0.934,0.56,0.663,0.664,0.425,0.784,0.6,0.296,0,0,0.432,0.606,0.641,0,0.582,0.484,0.77,0.609
"348","B:CD69_HSPC:SIRPA",0,0.599,0.371,0.616,0.445,0.313,0.384,0.464,0.507,0.407,0.457,0.353,0.791,0.543,0.275,0.944,0.569,0.668,0.669,0.436,0.796,0.61,0.302,0.682,0.867,0.437,0.616,0.65,0.674,0.587,0.487,0.776,0.615
"349","B:CD69_Mono:SIRPA",0,0.643,0.425,0.664,0.489,0.354,0.417,0,0.551,0.456,0.498,0.39,0.833,0.573,0.307,0.989,0.606,0.705,0.711,0.48,0.837,0.659,0.34,0.721,0.908,0.475,0.659,0.694,0.714,0.626,0.535,0.819,0.66
"350","B:CD69_T:SIRPA",0,0.592,0.372,0,0.44,0.299,0.375,0.466,0.491,0.4,0.446,0.346,0.787,0.53,0.267,0.934,0.559,0.662,0.662,0.423,0.781,0.596,0.292,0.677,0.859,0.429,0.603,0.638,0.667,0.581,0.483,0.768,0.607
"370","B:SELPLG_DC:SELL",0,0.155,0.101,0.095,0,0.114,0.063,0.024,0.073,0.177,0.191,0.204,0.304,0.154,0.2,0.146,0.173,0.142,0.209,0.161,0.15,0.194,0.177,0.269,0.273,0.194,0.147,0.19,0.315,0.478,0.383,0.46,0.501
"371","B:SELPLG_HSPC:SELL",0,0.231,0.121,0.192,0.417,0.161,0.168,0.035,0.132,0.206,0.202,0.203,0.3,0.168,0.22,0.161,0.18,0.18,0.203,0.186,0.172,0.203,0.203,0.259,0.257,0.236,0.173,0.16,0.273,0.334,0.376,0.387,0.47
"372","DC:S100A8_B:ITGB2",0,0.41,0.324,0.646,0,0.557,0.391,0.178,0.331,0.386,0.375,0.379,0.387,0.313,0.467,0.332,0.329,0.378,0.477,0.543,0.547,0.551,0.503,0.471,0.617,0.502,0.498,0.572,0.313,0.29,0.464,0.418,0.531
"373","DC:S100A8_B:TLR4",0,0.31,0.207,0.55,0,0.497,0.278,0.02,0.168,0.276,0.316,0.32,0,0.234,0,0.225,0.261,0.284,0.381,0.488,0.46,0.449,0.389,0,0,0,0.415,0.454,0,0,0.405,0,0
"374","DC:S100A9_B:ITGB2",0,0.426,0.688,0.679,0,0.553,0.525,0.198,0.407,0.515,0.488,0.428,0.427,0.416,0.562,0.459,0.422,0.594,0.631,0.671,0.746,0.762,0.593,0.557,0.658,0.515,0.646,0.712,0.349,0.296,0.501,0.478,0.633
"375","DC:S100A9_B:TLR4",0,0.326,0.571,0.583,0,0.493,0.412,0.04,0.244,0.405,0.429,0.37,0,0.337,0,0.352,0.353,0.499,0.536,0.616,0.659,0.66,0.479,0,0,0,0.564,0.593,0,0,0.442,0,0
"377","Ery:EPCAM_B:CLDN7",0,0.025,0.037,0.094,0.012,0,0.064,0.04,0,0.121,0,0,0.132,0.188,0,0.081,0.163,0,0.14,0,0.174,0.218,0.096,0.124,0.153,0.143,0.124,0.125,0.185,0,0.095,0.147,0.165
"389","B:CD34_DC:SELL",0,0.147,0.104,0.09,0,0,0.091,0.088,0.079,0.195,0.188,0.192,0.304,0.142,0.193,0.147,0.185,0.14,0.207,0.158,0.146,0.189,0.171,0.272,0.27,0.173,0.146,0.19,0.327,0,0,0.447,0
"390","B:CD34_HSPC:SELL",0,0.222,0.124,0.188,0.401,0,0.196,0.099,0.138,0.224,0.199,0.191,0.3,0.156,0.213,0.162,0.193,0.178,0.2,0.182,0.169,0.197,0.197,0.263,0.254,0.215,0.172,0.16,0.284,0,0,0.374,0
"391","B:PODXL2_DC:SELL",0,0.147,0.092,0.088,0,0.114,0.06,0.018,0.065,0.173,0.187,0.192,0.305,0.144,0.203,0.155,0.173,0.14,0.205,0.158,0.145,0.186,0.161,0.27,0.271,0.173,0.144,0.191,0.317,0.477,0.368,0.451,0.492
"392","DC:PODXL2_DC:SELL",0,0,0,0,0,0,0.052,0,0.058,0.162,0.179,0.184,0.296,0.137,0,0.144,0.164,0.133,0.199,0,0.142,0,0.149,0,0.268,0,0,0,0,0,0,0,0
"393","Ery:PODXL2_DC:SELL",0,0.151,0.097,0.094,0,0.108,0.07,0.023,0,0.188,0.207,0.196,0.31,0.156,0.193,0.159,0.182,0.147,0.216,0.164,0.164,0.212,0.163,0.278,0.281,0.182,0.152,0.2,0.334,0.477,0.372,0.459,0.505
"394","HSPC:PODXL2_DC:SELL",0,0.147,0,0.084,0,0,0.068,0.011,0.061,0.17,0.185,0.192,0.301,0.143,0.185,0.157,0.174,0.138,0.203,0.152,0.149,0.189,0.154,0.269,0.272,0.174,0.143,0.191,0.321,0.473,0.365,0.447,0
"395","Mono:PODXL2_DC:SELL",0,0,0,0,0,0,0.052,0,0.058,0.162,0.179,0,0,0,0.18,0,0.164,0,0,0,0,0,0.149,0.265,0,0,0,0,0,0.472,0,0,0
"396","T:PODXL2_DC:SELL",0,0.144,0.086,0,0,0.098,0.051,0.013,0.06,0.165,0.181,0.185,0.299,0.139,0.181,0.147,0.167,0.133,0.201,0.149,0.143,0.184,0.151,0.266,0.27,0.173,0.14,0.184,0.317,0.473,0.363,0.447,0.487
"397","B:PODXL2_HSPC:SELL",0,0.223,0.112,0.186,0.408,0.162,0.165,0.029,0.124,0.203,0.198,0.191,0.301,0.157,0.223,0.17,0.18,0.178,0.198,0.183,0.168,0.194,0.187,0.26,0.255,0.216,0.17,0.161,0.274,0.333,0.361,0.377,0.46
"398","DC:PODXL2_HSPC:SELL",0,0,0,0,0,0,0.157,0,0.118,0.192,0.191,0.183,0.292,0.151,0,0.159,0.172,0.171,0.192,0,0.165,0,0.175,0,0.252,0,0,0,0,0,0,0,0
"399","Ery:PODXL2_HSPC:SELL",0,0.226,0.117,0.192,0.4,0.155,0.175,0.034,0,0.218,0.218,0.195,0.307,0.169,0.213,0.174,0.189,0.185,0.21,0.189,0.186,0.221,0.19,0.268,0.265,0.224,0.178,0.17,0.291,0.333,0.365,0.386,0.473
"400","HSPC:PODXL2_HSPC:SELL",0,0.222,0,0.181,0.397,0,0.173,0.022,0.12,0.2,0.196,0.191,0.297,0.157,0.205,0.172,0.182,0.176,0.197,0.177,0.171,0.197,0.181,0.26,0.256,0.216,0.169,0.161,0.278,0.329,0.358,0.373,0
"401","Mono:PODXL2_HSPC:SELL",0,0,0,0,0,0,0.157,0,0.117,0.192,0.191,0,0,0,0.2,0,0.172,0,0,0,0,0,0.176,0.255,0,0,0,0,0,0.327,0,0,0
"402","T:PODXL2_HSPC:SELL",0,0.219,0.106,0,0.396,0.146,0.156,0.024,0.119,0.194,0.192,0.184,0.296,0.153,0.201,0.161,0.175,0.172,0.195,0.173,0.165,0.193,0.177,0.256,0.254,0.215,0.166,0.154,0.274,0.329,0.356,0.374,0.455
"404","DC:GZMB_B:PGRMC1",0,0.016,0,0.021,0,0.104,0.03,0.037,0.025,0.199,0.093,0.101,0.184,0.086,0.191,0.155,0.185,0.123,0.196,0.098,0.125,0.07,0.131,0.156,0.136,0.149,0.089,0.152,0.139,0.352,0.146,0.18,0.101
"46","HSPC:HSP90B1_DC:LRP1",0.416,0.435,0.42,0.423,0,0.63,0,0,0.402,0.443,0.376,0.365,0.444,0.417,0.414,0.475,0.418,0.383,0.407,0.432,0.447,0.483,0.462,0.464,0.613,0.344,0.462,0.503,0.457,0.787,0.61,0.664,0.759
"47","HSPC:HSP90B1_Ery:LRP1",0.394,0.421,0.277,0.375,0.429,0.634,0,0,0,0.421,0.37,0.357,0.436,0.401,0.409,0.452,0.402,0.333,0.376,0.417,0.408,0.445,0.448,0.438,0.598,0.323,0.436,0.476,0.449,0.794,0.615,0.674,0.756
"48","HSPC:HSP90B1_HSPC:LRP1",0.389,0,0.277,0.359,0,0.621,0,0,0,0.414,0,0.352,0,0.385,0.399,0,0.393,0,0.373,0,0.403,0.434,0.445,0.435,0,0.32,0.427,0,0,0,0,0.654,0.736
"49","HSPC:HSP90B1_Mono:LRP1",0.452,0.495,0.371,0.452,0.501,0.677,0,0,0.468,0.472,0.414,0.392,0.491,0.458,0.439,0.514,0.455,0.396,0.439,0.485,0.485,0.516,0.495,0.5,0.655,0.391,0.505,0.535,0.49,0.826,0.656,0.708,0.788
"50","HSPC:HSP90B1_T:LRP1",0.396,0.42,0.271,0,0.421,0,0,0,0.388,0.414,0.353,0.35,0.433,0.384,0.399,0.441,0.393,0.327,0.372,0.406,0,0.433,0.443,0,0.594,0.317,0.429,0.47,0.445,0.776,0.594,0.654,0.737
"51","Ery:APOC1_DC:VLDLR",0.131,0.11,0.158,0.214,0,0.195,0.215,0.12,0,0.365,0.5,0.271,0.269,0.397,0.251,0.217,0.352,0.253,0.347,0.358,0.397,0.51,0.272,0.243,0.292,0.255,0.304,0.315,0.394,0,0.191,0.267,0.339
"52","Ery:APOC1_Ery:VLDLR",0.132,0.109,0.159,0.213,0.07,0.175,0.206,0.121,0,0.364,0.5,0.269,0.268,0.397,0.25,0,0.35,0.252,0.345,0.357,0.396,0.509,0.27,0,0.292,0.253,0.304,0.314,0.392,0.13,0.191,0.268,0.339
"53","Ery:APOC1_HSPC:VLDLR",0.131,0.111,0.162,0.213,0.072,0.193,0.234,0.121,0,0.374,0.503,0.278,0.271,0.403,0.255,0.229,0.362,0.256,0.349,0.361,0.399,0.513,0.275,0.245,0.294,0.256,0.309,0.322,0.402,0.129,0.191,0.268,0.338
"54","Ery:APOC1_Mono:VLDLR",0.131,0.108,0.158,0.212,0,0.177,0.205,0,0,0.364,0.5,0.269,0.269,0.396,0.252,0.215,0.351,0.252,0.346,0.358,0.396,0.508,0.271,0.242,0.292,0.252,0.305,0.314,0.393,0.13,0.19,0.268,0.339
"55","Ery:APOC1_T:VLDLR",0.132,0.109,0.158,0,0.07,0.174,0.205,0.121,0,0.364,0.5,0.269,0.27,0.397,0.251,0.215,0.351,0.252,0.346,0.358,0.396,0.508,0.27,0.243,0.293,0.253,0.305,0.314,0.393,0.13,0.191,0.267,0.338
"56","DC:VCAN_DC:TLR6",0.312,0.307,0.47,0.479,0,0.489,0.373,0,0.134,0.235,0.242,0.243,0.232,0.271,0.285,0.238,0.238,0.351,0.278,0.393,0.392,0.358,0.255,0.341,0.339,0.244,0.359,0.337,0.17,0.208,0.301,0.273,0.378
"57","DC:VCAN_Ery:TLR6",0.297,0.286,0.436,0.457,0,0.483,0.354,0,0,0.206,0.215,0.221,0.216,0.237,0.253,0.206,0.207,0.313,0.248,0.359,0.354,0.329,0.223,0.321,0.323,0.223,0.323,0.307,0.156,0.196,0.29,0.263,0.368
"58","DC:VCAN_HSPC:TLR6",0.302,0.292,0.447,0.464,0,0.485,0.355,0,0.12,0.217,0.227,0.23,0.221,0.252,0.269,0.214,0.218,0.327,0.267,0.376,0.375,0.342,0.238,0.327,0.325,0.226,0.341,0.318,0.157,0.199,0.294,0.265,0.371
"59","DC:VCAN_Mono:TLR6",0.301,0.294,0.445,0.461,0,0.485,0.361,0,0.102,0.208,0.218,0.222,0.221,0.241,0.256,0.21,0.209,0.318,0.252,0.364,0.359,0.333,0.227,0.328,0.328,0.226,0.327,0.309,0.159,0.199,0.294,0.266,0.372
"60","DC:VCAN_T:TLR6",0.299,0.286,0.438,0,0,0.483,0.355,0,0.096,0.205,0.215,0.221,0.216,0.236,0.254,0.206,0.207,0.314,0.249,0.359,0.355,0.329,0.223,0.321,0.323,0.222,0.323,0.307,0.156,0.195,0.289,0.263,0.368
"61","Ery:MIF_DC:CD44",0.819,0.5,0.695,0.598,0,0.476,0.806,0.598,0,0.947,0.905,0.711,0.61,0.733,0.554,0.582,0.748,0.743,0.802,0.724,0.857,1.031,0.735,0.494,0.572,0.595,0.773,0.834,0.75,0.346,0.398,0.566,0.744
"62","Ery:MIF_Ery:CD44",0.797,0.542,0.633,0.612,0.381,0.44,0.717,0.598,0,0.862,0.846,0.673,0.547,0.686,0.481,0.479,0.66,0.698,0.708,0.634,0.796,0.967,0.724,0.399,0.514,0.66,0.742,0.771,0.644,0.348,0.443,0.559,0.719
"63","Ery:MIF_HSPC:CD44",0.772,0.448,0.564,0.46,0.357,0.412,0.667,0.56,0,0.913,0.847,0.617,0.548,0.677,0.491,0.497,0.68,0.682,0.751,0.672,0.814,0.969,0.687,0.382,0.5,0.572,0.708,0.747,0.676,0.311,0.378,0.537,0.704
"64","Ery:MIF_Mono:CD44",0.963,0.74,0.926,0.853,0.607,0.721,0.881,0,0,1.115,1.13,0.868,0.814,0.955,0.649,0.778,0.939,0.927,1.002,0.908,1.097,1.267,0.878,0.713,0.807,0.823,0.945,0.987,0.96,0.584,0.634,0.796,0.937
"65","Ery:MIF_T:CD44",0.798,0.539,0.661,0,0.407,0.497,0.743,0.591,0,0.9,0.866,0.71,0.596,0.694,0.521,0.517,0.707,0.701,0.785,0.687,0.832,0.966,0.714,0.444,0.547,0.611,0.726,0.792,0.72,0.405,0.446,0.621,0.759
"66","HSPC:SRGN_DC:CD44",1.045,1.043,0.52,0.877,0,1.727,0.462,0.775,1.255,1.035,0.99,0.6,0.953,0.937,0.925,0.861,0.809,1.069,1.163,1.137,1.148,1.191,0.98,1.046,1.1,0.767,0.983,0.999,0.729,1.467,1.138,1.271,1.433
"67","HSPC:SRGN_Ery:CD44",1.023,1.084,0.458,0.892,0.635,1.691,0.373,0.775,0,0.95,0.931,0.562,0.89,0.89,0.851,0.759,0.72,1.025,1.069,1.046,1.088,1.127,0.969,0.951,1.042,0.832,0.952,0.936,0.623,1.468,1.184,1.265,1.407
"68","HSPC:SRGN_HSPC:CD44",0.998,0.99,0.388,0.739,0.611,1.663,0.323,0.737,1.249,1.001,0.932,0.506,0.89,0.881,0.862,0.776,0.741,1.009,1.112,1.085,1.105,1.129,0.932,0.934,1.028,0.744,0.918,0.912,0.655,1.431,1.118,1.243,1.392
"69","HSPC:SRGN_Mono:CD44",1.189,1.283,0.751,1.132,0.86,1.972,0.537,0,1.455,1.204,1.215,0.757,1.157,1.159,1.02,1.057,0.999,1.253,1.363,1.32,1.389,1.427,1.123,1.265,1.335,0.994,1.155,1.152,0.938,1.704,1.374,1.502,1.626
"70","HSPC:SRGN_T:CD44",1.024,1.082,0.486,0,0.661,1.748,0.399,0.768,1.218,0.989,0.95,0.598,0.939,0.898,0.892,0.796,0.768,1.027,1.146,1.099,1.124,1.126,0.959,0.996,1.075,0.783,0.936,0.958,0.698,1.525,1.187,1.326,1.448
"71","DC:VCAN_DC:CD44",0.628,0.493,0.759,0.726,0,0.728,0.699,0,0.411,0.538,0.526,0.503,0.449,0.554,0.558,0.536,0.52,0.667,0.575,0.685,0.668,0.668,0.529,0.57,0.537,0.378,0.667,0.645,0.396,0.398,0.472,0.502,0.641
"72","DC:VCAN_Ery:CD44",0.605,0.535,0.697,0.74,0,0.692,0.609,0,0,0.453,0.467,0.465,0.386,0.507,0.485,0.433,0.432,0.622,0.481,0.594,0.607,0.604,0.519,0.475,0.479,0.444,0.637,0.582,0.29,0.399,0.517,0.496,0.616
"73","DC:VCAN_HSPC:CD44",0.581,0.441,0.627,0.587,0,0.664,0.56,0,0.406,0.504,0.468,0.409,0.386,0.498,0.495,0.451,0.452,0.606,0.524,0.633,0.625,0.606,0.482,0.458,0.465,0.355,0.603,0.557,0.322,0.363,0.451,0.474,0.601
"74","DC:VCAN_Mono:CD44",0.772,0.734,0.99,0.98,0,0.973,0.773,0,0.612,0.707,0.751,0.66,0.653,0.775,0.654,0.732,0.71,0.851,0.775,0.868,0.908,0.904,0.672,0.789,0.772,0.606,0.839,0.798,0.606,0.636,0.708,0.733,0.834
"75","DC:VCAN_T:CD44",0.607,0.533,0.725,0,0,0.749,0.635,0,0.374,0.492,0.486,0.502,0.435,0.515,0.526,0.471,0.479,0.625,0.558,0.647,0.643,0.603,0.509,0.52,0.512,0.395,0.621,0.603,0.366,0.457,0.52,0.557,0.656
"76","DC:VCAN_DC:ITGA4",0.599,0.581,0.707,0.787,0,0.654,0.643,0,0.365,0.453,0.438,0.471,0.457,0.531,0.496,0.445,0.468,0.629,0.479,0.64,0.664,0.59,0.491,0.626,0.57,0.533,0.609,0.556,0.397,0.422,0.51,0.464,0.587
"77","DC:VCAN_Ery:ITGA4",0.39,0.421,0.543,0.576,0,0.654,0.456,0,0,0.336,0.333,0.378,0.391,0.376,0.393,0.348,0.328,0.43,0.362,0.477,0.448,0.444,0.348,0.516,0.503,0.374,0.427,0.421,0.318,0.366,0.426,0.383,0.504
"78","DC:VCAN_HSPC:ITGA4",0.663,0.595,0.761,0.731,0,0.711,0.831,0,0.3,0.503,0.466,0.558,0.519,0.513,0.504,0.525,0.529,0.568,0.468,0.617,0.554,0.563,0.497,0.6,0.627,0.481,0.596,0.57,0.499,0.469,0.592,0.566,0.708
"79","DC:VCAN_Mono:ITGA4",0.339,0.339,0.473,0.521,0,0.506,0.378,0,0.132,0.242,0.255,0.257,0.257,0.298,0.278,0.243,0.246,0.368,0.295,0.395,0.403,0.361,0.263,0.372,0.353,0.278,0.357,0.343,0.192,0.22,0.317,0.286,0.392
"80","DC:VCAN_T:ITGA4",0.37,0.32,0.469,0,0,0.525,0.404,0,0.129,0.243,0.235,0.266,0.249,0.27,0.274,0.241,0.231,0.344,0.272,0.384,0.389,0.351,0.252,0.366,0.366,0.269,0.352,0.339,0.189,0.24,0.317,0.298,0.405
"81","DC:CALM1_DC:SELL",0.637,0.658,0.462,0.543,0,0.468,0.41,0.365,0.465,0.61,0.607,0.613,0.735,0.546,0.6,0.584,0.563,0.592,0.656,0.588,0.569,0.677,0.593,0.705,0.68,0.575,0.582,0.681,0.725,1.018,0.867,0.97,1.049
"82","DC:CALM1_HSPC:SELL",0.674,0.734,0.482,0.641,0,0.515,0.515,0.376,0.524,0.64,0.618,0.612,0.732,0.56,0.62,0.598,0.571,0.63,0.649,0.613,0.592,0.686,0.619,0.695,0.664,0.617,0.608,0.651,0.683,0.874,0.86,0.897,1.018
"83","Ery:CALM1_DC:SELL",0.53,0.481,0.41,0.424,0,0.42,0.346,0.383,0,0.526,0.572,0.556,0.636,0.481,0.438,0.43,0.495,0.516,0.537,0.497,0.554,0.603,0.544,0.535,0.582,0.595,0.522,0.57,0.633,0.734,0.63,0.77,0.851
"84","Ery:CALM1_HSPC:SELL",0.568,0.556,0.43,0.522,0.607,0.468,0.452,0.394,0,0.556,0.583,0.555,0.632,0.495,0.458,0.445,0.503,0.555,0.531,0.522,0.576,0.612,0.57,0.525,0.566,0.637,0.548,0.54,0.591,0.59,0.623,0.697,0.82
"85","HSPC:CALM1_DC:SELL",0.498,0.398,0.339,0.367,0,0.345,0.236,0.295,0.353,0.447,0.427,0.417,0.511,0.397,0.387,0.408,0.399,0.426,0.475,0.401,0.419,0.485,0.42,0.457,0.515,0.433,0.407,0.475,0.514,0.755,0.564,0.672,0.709
"86","HSPC:CALM1_HSPC:SELL",0.536,0.473,0.359,0.465,0.585,0.393,0.342,0.306,0.412,0.477,0.438,0.416,0.507,0.411,0.407,0.423,0.406,0.464,0.468,0.426,0.442,0.494,0.446,0.447,0.499,0.475,0.433,0.445,0.471,0.611,0.557,0.599,0.677
"87","Mono:CALM1_DC:SELL",0.495,0.445,0.36,0.388,0,0.432,0.311,0,0.348,0.511,0.497,0.554,0.604,0.467,0.478,0.46,0.487,0.493,0.566,0.468,0.442,0.519,0.511,0.524,0.551,0.452,0.472,0.556,0.591,0.811,0.697,0.789,0.868
"88","Mono:CALM1_HSPC:SELL",0.533,0.521,0.38,0.485,0.671,0.48,0.417,0,0.407,0.541,0.508,0.553,0.6,0.481,0.498,0.475,0.494,0.532,0.56,0.493,0.464,0.528,0.537,0.515,0.535,0.495,0.498,0.526,0.548,0.667,0.69,0.715,0.837
"89","T:CALM1_DC:SELL",0.523,0.544,0.521,0,0,0.587,0.43,0.328,0.463,0.618,0.627,0.618,0.695,0.578,0.542,0.583,0.543,0.587,0.649,0.566,0.597,0.696,0.547,0.684,0.673,0.535,0.553,0.639,0.682,0.897,0.769,0.893,0.936
"90","T:CALM1_HSPC:SELL",0.561,0.619,0.541,0,0.807,0.634,0.535,0.339,0.522,0.647,0.638,0.617,0.691,0.592,0.562,0.598,0.55,0.625,0.643,0.591,0.62,0.705,0.573,0.674,0.657,0.577,0.579,0.609,0.639,0.753,0.762,0.819,0.905
"91","DC:CALM2_DC:SELL",0.93,0.952,0.655,0.896,0,0.514,0.548,0.503,0.814,0.865,0.912,0.923,1.075,0.89,0.962,0.827,0.884,0.872,0.902,0.94,0.908,0.868,0.962,1.066,1.021,0.934,0.904,0.958,1.051,1.292,1.141,1.238,1.296
"92","DC:CALM2_HSPC:SELL",0.968,1.028,0.675,0.994,0,0.562,0.654,0.514,0.873,0.895,0.924,0.922,1.071,0.903,0.982,0.842,0.892,0.911,0.895,0.965,0.93,0.877,0.988,1.056,1.005,0.977,0.93,0.928,1.008,1.148,1.133,1.164,1.265
"93","Ery:CALM2_DC:SELL",0.941,1.07,0.915,0.836,0,1.082,0.871,0.836,0,1.12,1.027,1.108,1.423,1.008,1.117,1.084,1.103,0.911,1.156,1.096,1.069,1.043,1.166,1.434,1.41,1.17,1.076,1.106,1.427,1.353,1.129,1.29,1.366
"94","Ery:CALM2_HSPC:SELL",0.979,1.145,0.935,0.933,1.324,1.129,0.976,0.847,0,1.149,1.039,1.107,1.42,1.022,1.137,1.099,1.111,0.95,1.15,1.121,1.091,1.052,1.192,1.424,1.394,1.212,1.102,1.076,1.385,1.209,1.122,1.216,1.335
"95","HSPC:CALM2_DC:SELL",0.793,0.684,0.489,0.635,0,0.474,0.48,0.443,0.583,0.63,0.621,0.635,0.803,0.618,0.645,0.637,0.631,0.569,0.651,0.647,0.65,0.658,0.677,0.777,0.828,0.671,0.669,0.674,0.838,1.077,0.882,0.973,1.015
"96","HSPC:CALM2_HSPC:SELL",0.831,0.759,0.509,0.733,0.875,0.522,0.586,0.454,0.642,0.66,0.633,0.634,0.799,0.631,0.665,0.651,0.639,0.608,0.645,0.671,0.672,0.667,0.703,0.767,0.811,0.713,0.695,0.644,0.795,0.933,0.875,0.9,0.983
"97","Mono:CALM2_DC:SELL",0.75,0.729,0.642,0.723,0,0.518,0.46,0,0.554,0.645,0.665,0.626,0.854,0.718,0.641,0.638,0.655,0.681,0.774,0.679,0.677,0.675,0.719,0.847,0.769,0.809,0.66,0.719,0.816,1.089,0.986,0.984,1.05
"98","Mono:CALM2_HSPC:SELL",0.787,0.805,0.662,0.821,1.003,0.566,0.565,0,0.614,0.675,0.676,0.625,0.851,0.732,0.661,0.653,0.663,0.719,0.768,0.703,0.699,0.684,0.745,0.837,0.753,0.852,0.686,0.689,0.774,0.945,0.979,0.911,1.018
"99","T:CALM2_DC:SELL",0.538,0.403,0.261,0,0,0.397,0.259,0.263,0.239,0.418,0.422,0.38,0.573,0.38,0.409,0.374,0.374,0.336,0.444,0.371,0.415,0.466,0.456,0.575,0.562,0.494,0.365,0.439,0.594,0.761,0.627,0.712,0.748
"100","T:CALM2_HSPC:SELL",0.576,0.479,0.281,0,0.631,0.445,0.364,0.274,0.299,0.448,0.433,0.379,0.57,0.394,0.429,0.389,0.381,0.374,0.438,0.396,0.438,0.475,0.482,0.565,0.546,0.536,0.39,0.409,0.552,0.617,0.619,0.638,0.716
"101","DC:CALM3_DC:SELL",0.296,0.236,0.206,0.183,0,0.154,0.147,0.161,0.146,0.288,0.289,0.283,0.389,0.21,0.283,0.257,0.26,0.214,0.312,0.246,0.214,0.289,0.266,0.352,0.358,0.263,0.229,0.307,0.412,0.503,0.45,0.546,0.584
"102","DC:CALM3_HSPC:SELL",0.334,0.311,0.226,0.28,0,0.201,0.252,0.172,0.205,0.318,0.301,0.282,0.385,0.223,0.303,0.272,0.267,0.253,0.305,0.271,0.237,0.298,0.292,0.342,0.342,0.305,0.255,0.277,0.369,0.358,0.443,0.473,0.553
"103","Ery:CALM3_DC:SELL",0.654,0.776,0.645,0.614,0,0.849,0.568,0.571,0,0.772,0.763,0.845,1.035,0.794,0.949,0.901,0.844,0.716,0.887,0.835,0.78,0.711,0.862,1.113,1.031,0.735,0.758,0.808,1.005,1.177,0.982,1.031,1.059
"104","Ery:CALM3_HSPC:SELL",0.692,0.852,0.665,0.711,1.129,0.897,0.673,0.582,0,0.801,0.774,0.844,1.031,0.807,0.969,0.915,0.852,0.755,0.88,0.859,0.803,0.72,0.888,1.103,1.015,0.777,0.784,0.778,0.962,1.033,0.975,0.957,1.027
"105","HSPC:CALM3_DC:SELL",0.284,0.207,0.182,0.152,0,0.142,0.201,0.153,0.134,0.289,0.271,0.279,0.372,0.23,0.263,0.289,0.28,0.222,0.306,0.232,0.229,0.292,0.256,0.35,0.353,0.264,0.235,0.293,0.427,0.526,0.424,0.522,0.562
"106","HSPC:CALM3_HSPC:SELL",0.322,0.282,0.202,0.25,0.42,0.19,0.307,0.164,0.193,0.318,0.282,0.278,0.368,0.244,0.283,0.304,0.287,0.261,0.3,0.256,0.252,0.301,0.282,0.34,0.337,0.306,0.26,0.263,0.384,0.382,0.417,0.449,0.531
"107","Mono:CALM3_DC:SELL",0.392,0.329,0.281,0.246,0,0.288,0.248,0,0.234,0.39,0.339,0.405,0.495,0.313,0.393,0.341,0.366,0.323,0.417,0.322,0.296,0.338,0.391,0.449,0.462,0.351,0.317,0.396,0.496,0.673,0.593,0.649,0.684
"108","Mono:CALM3_HSPC:SELL",0.429,0.404,0.301,0.343,0.591,0.336,0.353,0,0.293,0.42,0.351,0.404,0.491,0.327,0.413,0.356,0.373,0.361,0.411,0.347,0.319,0.347,0.417,0.439,0.446,0.393,0.343,0.367,0.454,0.529,0.586,0.576,0.653
"109","T:CALM3_DC:SELL",0.356,0.296,0.235,0,0,0.259,0.204,0.186,0.206,0.322,0.302,0.344,0.433,0.26,0.337,0.297,0.329,0.257,0.341,0.272,0.256,0.298,0.312,0.395,0.399,0.309,0.27,0.334,0.443,0.591,0.501,0.572,0.616
"110","T:CALM3_HSPC:SELL",0.393,0.372,0.255,0,0.541,0.307,0.309,0.197,0.266,0.351,0.314,0.343,0.43,0.274,0.357,0.312,0.336,0.296,0.335,0.297,0.278,0.307,0.338,0.385,0.383,0.352,0.296,0.304,0.401,0.447,0.494,0.498,0.584
"111","DC:VCAN_DC:SELL",0.51,0.428,0.519,0.537,0,0.578,0.401,0,0.152,0.366,0.393,0.403,0.511,0.372,0.43,0.349,0.369,0.444,0.446,0.506,0.495,0.51,0.37,0.585,0.591,0.394,0.459,0.488,0.469,0.666,0.65,0.707,0.851
"112","DC:VCAN_Ery:SELL",0.463,0.4,0.534,0.553,0,0.556,0.489,0,0,0.3,0.269,0.286,0.271,0.288,0.307,0.263,0.264,0.405,0.307,0.422,0.426,0.4,0.352,0.347,0.359,0.332,0.432,0.412,0.188,0.241,0.348,0.346,0.463
"113","DC:VCAN_HSPC:SELL",0.548,0.504,0.539,0.635,0,0.626,0.506,0,0.211,0.396,0.404,0.402,0.508,0.386,0.45,0.363,0.377,0.483,0.439,0.531,0.518,0.519,0.396,0.575,0.574,0.436,0.485,0.458,0.426,0.522,0.643,0.634,0.819
"114","DC:VCAN_Mono:SELL",0.464,0.485,0.581,0.665,0,0.742,0.51,0,0.296,0.485,0.435,0.409,0.414,0.395,0.532,0.416,0.44,0.502,0.462,0.626,0.576,0.584,0.552,0.48,0.55,0.471,0.598,0.584,0.397,0.426,0.546,0.524,0.681
"115","DC:VCAN_T:SELL",0.453,0.481,0.582,0,0,0.593,0.483,0,0.224,0.379,0.404,0.404,0.426,0.411,0.434,0.36,0.396,0.462,0.446,0.54,0.472,0.48,0.457,0.491,0.487,0.435,0.528,0.496,0.42,0.334,0.438,0.428,0.552
"116","Ery:VCAN_DC:SELL",0.281,0.196,0.121,0.127,0,0.113,0.073,0,0,0.18,0.201,0.198,0.299,0.16,0,0,0.174,0.133,0.22,0.169,0.168,0.229,0.188,0,0.277,0.218,0.182,0.217,0,0.52,0.397,0.477,0.513
"117","Ery:VCAN_HSPC:SELL",0.318,0.272,0.141,0.224,0.417,0.16,0.178,0,0,0.21,0.212,0.197,0.296,0.174,0,0,0.182,0.172,0.213,0.194,0.19,0.238,0.215,0,0.261,0.26,0.208,0.187,0,0.376,0.39,0.404,0.481
"118","HSPC:VCAN_DC:SELL",0.235,0.193,0.108,0.11,0,0.356,0.071,0,0.065,0.178,0.199,0.217,0.312,0.185,0.188,0,0.184,0.134,0.202,0.172,0.211,0.224,0.217,0.274,0.296,0.214,0.173,0.187,0.326,0.488,0.375,0.503,0.497
"119","HSPC:VCAN_HSPC:SELL",0.273,0.269,0.128,0.207,0.413,0.404,0.176,0,0.124,0.207,0.211,0.216,0.308,0.198,0.208,0,0.191,0.172,0.196,0.197,0.233,0.232,0.244,0.265,0.28,0.257,0.199,0.157,0.283,0.344,0.368,0.429,0.466
"120","Mono:VCAN_DC:SELL",0.655,0.587,0.442,0.597,0,0.646,0.292,0,0.454,0.566,0.584,0.568,0.756,0.474,0.523,0.501,0.556,0.444,0.558,0.659,0.615,0.745,0.617,0.699,0.867,0.719,0.659,0.612,0.872,1.017,0.914,0.964,1.004
"121","Mono:VCAN_HSPC:SELL",0.693,0.663,0.462,0.695,0.898,0.694,0.397,0,0.514,0.595,0.596,0.567,0.752,0.487,0.543,0.515,0.563,0.482,0.552,0.684,0.638,0.754,0.643,0.69,0.851,0.761,0.685,0.582,0.829,0.873,0.907,0.89,0.973
"122","T:VCAN_DC:SELL",0.293,0.152,0.089,0,0,0.107,0.064,0,0.064,0.168,0,0.188,0.298,0.142,0,0,0.165,0.135,0,0.15,0.143,0.195,0.161,0.267,0.272,0.188,0.143,0.186,0.321,0.481,0.369,0.457,0.49
"123","T:VCAN_HSPC:SELL",0.331,0.227,0.109,0,0,0.155,0.17,0,0.123,0.198,0,0.187,0.294,0.155,0,0,0.172,0.173,0,0.174,0.166,0.204,0.187,0.257,0.256,0.231,0.169,0.157,0.278,0.337,0.362,0.383,0.459
"124","DC:CFH_DC:SELL",0,0,0.108,0.091,0,0.099,0,0,0.06,0.164,0.181,0.184,0.298,0.139,0.18,0.146,0.167,0.136,0.202,0.149,0.146,0.186,0.152,0.267,0.269,0.181,0.139,0.184,0.315,0,0,0,0
"125","DC:CFH_HSPC:SELL",0,0,0.128,0.188,0,0.146,0,0,0.12,0.194,0.192,0.183,0.294,0.153,0.2,0.161,0.174,0.174,0.195,0.174,0.168,0.194,0.178,0.257,0.253,0.223,0.165,0.155,0.272,0,0,0,0
"126","Ery:CFH_DC:SELL",0.223,0.148,0.09,0.088,0,0.101,0,0,0,0.174,0.185,0.187,0.298,0.14,0.18,0.147,0.168,0.138,0.204,0.151,0.149,0.192,0.155,0,0.27,0.175,0.143,0.189,0.315,0.473,0.364,0.449,0.491
"127","Ery:CFH_HSPC:SELL",0.261,0.224,0.11,0.186,0.397,0.148,0,0,0,0.204,0.196,0.186,0.294,0.154,0.2,0.161,0.176,0.176,0.198,0.176,0.172,0.201,0.182,0,0.254,0.217,0.169,0.159,0.273,0.329,0.357,0.375,0.46
"128","HSPC:CFH_DC:SELL",0.213,0.167,0.146,0.123,0,0.104,0,0,0.061,0.176,0.189,0.191,0.31,0.144,0.186,0.156,0.172,0.145,0.223,0.159,0.153,0.195,0.161,0.293,0.281,0.193,0.146,0.194,0.323,0.48,0.383,0.466,0.512
"129","HSPC:CFH_HSPC:SELL",0.251,0.242,0.166,0.22,0.404,0.152,0,0,0.12,0.205,0.2,0.19,0.306,0.158,0.206,0.171,0.179,0.184,0.217,0.184,0.175,0.204,0.187,0.283,0.265,0.235,0.172,0.164,0.28,0.336,0.376,0.392,0.48
"130","Mono:CFH_DC:SELL",0.215,0.143,0.085,0.084,0,0.098,0,0,0.061,0.163,0.18,0.186,0.296,0.138,0.18,0.145,0.166,0.134,0.2,0.148,0.143,0.183,0.151,0,0.268,0,0.139,0.184,0.314,0.473,0.362,0.447,0.485
"131","Mono:CFH_HSPC:SELL",0.253,0.219,0.105,0.182,0,0.146,0,0,0.121,0.193,0.191,0.186,0.293,0.151,0.2,0.16,0.173,0.172,0.193,0.173,0.165,0.192,0.177,0,0.252,0,0.165,0.154,0.271,0.329,0.355,0.373,0.454
"132","T:CFH_DC:SELL",0.215,0.144,0.089,0,0,0.099,0,0,0.063,0.165,0.179,0.185,0.298,0.139,0.18,0.147,0.165,0.137,0.2,0.15,0.146,0.186,0.151,0.267,0.269,0.174,0.139,0.186,0.313,0.474,0.364,0.449,0.486
"133","T:CFH_HSPC:SELL",0.253,0.219,0.109,0,0.397,0.147,0,0,0.122,0.195,0.191,0.184,0.294,0.152,0.2,0.161,0.172,0.175,0.194,0.175,0.169,0.195,0.177,0.257,0.253,0.216,0.165,0.156,0.271,0.33,0.357,0.375,0.455
"134","DC:S100A9_DC:ALCAM",0.763,0.508,0.656,0.722,0,0.633,0.471,0.075,0.368,0.522,0.542,0.495,0.483,0.462,0.661,0.462,0.477,0.612,0.633,0.755,0.779,0.772,0.618,0.618,0.704,0.486,0.709,0.724,0.414,0.448,0.613,0.582,0.758
"135","DC:S100A9_Ery:ALCAM",0.679,0.331,0.57,0.585,0,0.494,0.422,0.039,0,0.42,0.437,0.376,0.359,0.34,0.524,0.357,0.358,0.504,0.541,0.62,0.665,0.674,0.484,0.489,0.599,0.381,0.569,0.601,0.308,0.264,0.447,0.417,0.578
"136","DC:S100A9_HSPC:ALCAM",0.737,0.467,0.69,0.779,0,0.634,0.439,0.075,0.335,0.484,0.51,0.441,0.453,0.43,0.633,0.428,0.435,0.575,0.611,0.73,0.754,0.747,0.586,0.585,0.719,0.467,0.68,0.693,0.366,0.389,0.558,0.536,0.708
"137","DC:S100A9_Mono:ALCAM",0.683,0.345,0.573,0.598,0,0.517,0.423,0,0.255,0.428,0.449,0.394,0.369,0.348,0.549,0.367,0.376,0.511,0.545,0.633,0.672,0.672,0.509,0.502,0.61,0.387,0.584,0.612,0.32,0.276,0.458,0.435,0.603
"138","DC:S100A9_T:ALCAM",0.678,0.331,0.573,0,0,0.501,0.415,0.046,0.246,0.41,0.433,0.372,0.357,0.34,0.525,0.357,0.358,0.504,0.539,0.62,0.663,0.664,0.484,0.491,0.598,0.376,0.567,0.598,0.305,0.267,0.447,0.417,0.573
"139","DC:VCAN_DC:SELP",0.298,0.289,0,0.455,0,0,0.359,0,0.094,0.204,0.215,0.22,0.218,0.235,0.252,0,0.206,0.313,0.248,0,0,0.329,0,0.324,0,0.224,0,0,0.158,0,0.293,0.262,0.367
"140","DC:VCAN_Ery:SELP",0.3,0.293,0.453,0.457,0,0,0.356,0,0,0.211,0.217,0,0.216,0,0,0,0.208,0.313,0.249,0,0.361,0,0.224,0.321,0,0.224,0,0.307,0.162,0,0,0.262,0.369
"141","DC:VCAN_HSPC:SELP",0.299,0.297,0.436,0.463,0,0,0.368,0,0.094,0.214,0.219,0.228,0.225,0.239,0.257,0,0.213,0.32,0.256,0.361,0.357,0.332,0.226,0.334,0,0.235,0.323,0.312,0.167,0,0.296,0.268,0.372
"142","DC:VCAN_Mono:SELP",0,0,0,0,0,0,0.354,0,0,0,0,0,0,0,0.253,0,0,0,0,0.358,0,0,0.223,0,0,0,0,0,0,0,0,0,0
"143","DC:VCAN_T:SELP",0.298,0.286,0.437,0,0,0,0.353,0,0.094,0,0.215,0.22,0,0.236,0.252,0,0,0,0.248,0.358,0.354,0.328,0.222,0.32,0,0.222,0.322,0,0,0,0.288,0.262,0.367
"144","DC:S100A9_DC:AGER",0.667,0.334,0.576,0.588,0,0.496,0.413,0.045,0.247,0.411,0.435,0.376,0.359,0.344,0.528,0.359,0.361,0.505,0.539,0.622,0.664,0.664,0.485,0.493,0.599,0.378,0.57,0.597,0.309,0.269,0.448,0.416,0.573
"145","DC:S100A9_Ery:AGER",0.69,0.369,0.607,0.617,0,0.523,0.433,0.068,0,0.425,0.45,0.403,0.389,0.366,0.567,0.393,0.386,0.531,0.569,0.648,0.684,0.674,0.513,0.532,0.631,0.394,0.599,0.621,0.331,0.295,0.473,0.433,0.587
"146","DC:S100A9_HSPC:AGER",0.666,0.329,0.574,0.583,0,0.496,0.414,0.045,0.246,0.411,0.435,0.376,0.357,0.343,0.528,0.359,0.361,0.504,0.541,0.622,0.664,0.665,0.486,0.49,0.597,0.376,0.571,0.598,0.306,0.264,0.446,0.414,0.571
"147","DC:S100A9_Mono:AGER",0.669,0.333,0.576,0.589,0,0.497,0.415,0,0.246,0.408,0.433,0.376,0.359,0.343,0.529,0.357,0.36,0.504,0.539,0.622,0.662,0.663,0.486,0.491,0.6,0.381,0.57,0.597,0.306,0.267,0.448,0.414,0.569
"148","DC:S100A9_T:AGER",0.667,0.332,0.575,0,0,0.496,0.413,0.045,0.246,0.41,0.433,0.374,0.358,0.341,0.53,0.358,0.36,0.503,0.539,0.622,0.662,0.664,0.487,0.491,0.599,0.377,0.57,0.598,0.306,0.266,0.448,0.414,0.572
"149","DC:S100A8_DC:AGER",0.564,0.319,0.212,0.555,0,0.499,0.279,0.026,0.171,0.282,0.322,0.326,0.319,0.24,0.434,0.232,0.268,0.289,0.384,0.493,0.465,0.454,0.395,0.406,0.557,0.364,0.422,0.458,0.273,0.262,0.411,0.355,0.471
"150","DC:S100A8_Ery:AGER",0.588,0.353,0.242,0.584,0,0.527,0.299,0.048,0,0.296,0.337,0.354,0.349,0.263,0.472,0.266,0.293,0.316,0.414,0.52,0.485,0.463,0.423,0.446,0.59,0.381,0.451,0.482,0.295,0.288,0.435,0.373,0.485
"151","DC:S100A8_HSPC:AGER",0.564,0.313,0.209,0.55,0,0.5,0.28,0.026,0.17,0.282,0.322,0.327,0.316,0.239,0.433,0.232,0.268,0.289,0.386,0.494,0.465,0.454,0.396,0.404,0.555,0.363,0.423,0.459,0.271,0.257,0.408,0.354,0.469
"152","DC:S100A8_Mono:AGER",0.567,0.317,0.212,0.556,0,0.501,0.281,0,0.17,0.279,0.321,0.326,0.319,0.239,0.435,0.231,0.267,0.289,0.385,0.494,0.464,0.453,0.396,0.405,0.559,0.367,0.422,0.458,0.27,0.26,0.41,0.354,0.467
"153","DC:S100A8_T:AGER",0.565,0.317,0.211,0,0,0.5,0.279,0.025,0.17,0.281,0.321,0.324,0.318,0.238,0.436,0.231,0.267,0.288,0.384,0.493,0.463,0.454,0.397,0.405,0.557,0.364,0.422,0.459,0.27,0.259,0.41,0.354,0.47
"154","DC:S100A9_DC:CD36",0.802,0.539,0.74,0.776,0,0.674,0.549,0.109,0.722,0.717,0.736,0.59,0.511,0.643,0.962,0.655,0.671,0.832,0.87,1.075,1.079,0.933,0.935,0.67,0.782,0.547,0.971,0.963,0.429,0.389,0.579,0.534,0.701
"155","DC:S100A9_Ery:CD36",0.985,0.793,1.02,1.083,0,1.177,0.682,0.382,0,0.805,0.894,0.829,0.96,0.894,1.177,0.967,0.882,0.948,0.975,1.187,1.162,1.034,1.062,1.213,1.239,0.883,1.116,1.045,0.855,0.964,1.051,0.969,1.094
"156","DC:S100A9_HSPC:CD36",0.665,0.427,0.789,0.633,0,0.541,0.426,0.071,0.733,0.552,0.593,0.445,0.392,0.525,0.725,0.455,0.468,0.685,0.822,0.891,1.022,0.856,0.754,0.578,0.632,0.413,0.835,0.773,0.318,0.278,0.451,0.438,0.571
"157","DC:S100A9_Mono:CD36",0.851,0.539,0.708,0.802,0,0.739,0.548,0,0.457,0.611,0.607,0.525,0.567,0.484,0.709,0.548,0.54,0.662,0.7,0.859,0.877,0.905,0.719,0.705,0.845,0.594,0.808,0.809,0.48,0.478,0.66,0.606,0.764
"158","DC:S100A9_T:CD36",0.696,0.34,0.582,0,0,0.506,0.421,0.047,0.256,0.42,0.437,0.374,0.364,0.346,0.549,0.363,0.37,0.505,0.542,0.629,0.665,0.669,0.519,0.497,0.607,0.388,0.584,0.607,0.308,0.276,0.452,0.421,0.576
"159","DC:S100A8_DC:CD36",0.7,0.523,0.376,0.743,0,0.678,0.415,0.089,0.646,0.587,0.623,0.54,0.471,0.54,0.868,0.528,0.578,0.616,0.715,0.947,0.88,0.723,0.845,0.584,0.74,0.534,0.823,0.824,0.393,0.383,0.541,0.474,0.599
"160","DC:S100A8_Ery:CD36",0.883,0.777,0.656,1.049,0,1.18,0.548,0.362,0,0.676,0.781,0.78,0.92,0.79,1.083,0.841,0.789,0.733,0.82,1.058,0.963,0.824,0.972,1.127,1.198,0.869,0.968,0.906,0.819,0.958,1.013,0.909,0.992
"161","DC:S100A8_HSPC:CD36",0.563,0.411,0.425,0.6,0,0.545,0.292,0.051,0.657,0.422,0.48,0.395,0.352,0.421,0.631,0.329,0.375,0.469,0.668,0.763,0.823,0.646,0.664,0.492,0.59,0.399,0.687,0.634,0.283,0.271,0.414,0.378,0.469
"162","DC:S100A8_Mono:CD36",0.749,0.524,0.343,0.768,0,0.742,0.414,0,0.381,0.482,0.495,0.475,0.527,0.381,0.614,0.421,0.447,0.447,0.545,0.73,0.678,0.695,0.629,0.618,0.803,0.581,0.66,0.67,0.444,0.472,0.622,0.546,0.662
"163","DC:S100A8_T:CD36",0.594,0.324,0.217,0,0,0.51,0.287,0.027,0.18,0.291,0.324,0.325,0.324,0.242,0.454,0.236,0.277,0.29,0.387,0.5,0.466,0.458,0.429,0.411,0.565,0.375,0.436,0.467,0.272,0.27,0.414,0.361,0.474
"164","Ery:MIF_DC:CXCR4",0.611,0.467,0.479,0.643,0,0.537,0.585,0.519,0,0.834,0.854,0.541,0.593,0.63,0.43,0.468,0.622,0.644,0.77,0.627,0.835,1.044,0.571,0.455,0.513,0.64,0.644,0.726,0.718,0.527,0.514,0.673,0.852
"165","Ery:MIF_Ery:CXCR4",0.767,0.614,0.647,0.615,0.348,0.435,0.706,0.701,0,0.854,0.817,0.634,0.579,0.634,0.446,0.486,0.631,0.768,0.719,0.629,0.836,0.97,0.748,0.382,0.505,0.704,0.769,0.801,0.621,0.317,0.393,0.543,0.699
"166","Ery:MIF_HSPC:CXCR4",0.536,0.366,0.407,0.395,0.207,0.437,0.48,0.476,0,0.724,0.756,0.467,0.472,0.511,0.301,0.327,0.489,0.542,0.642,0.519,0.689,0.889,0.487,0.341,0.466,0.537,0.524,0.569,0.57,0.365,0.374,0.549,0.74
"167","Ery:MIF_Mono:CXCR4",0.684,0.528,0.611,0.596,0.332,0.488,0.681,0,0,0.895,0.935,0.573,0.572,0.696,0.458,0.518,0.687,0.685,0.767,0.656,0.897,1.067,0.672,0.425,0.54,0.686,0.691,0.756,0.691,0.477,0.521,0.668,0.856
"168","Ery:MIF_T:CXCR4",0.783,0.725,0.777,0,0.561,0.973,0.852,0.743,0,1.275,1.314,0.663,0.886,1.004,0.803,0.875,1.025,0.993,1.123,1.002,1.256,1.5,0.933,0.737,0.838,0.723,1.043,1.078,0.988,0.753,0.74,0.965,1.179
"169","DC:GZMB_DC:IGF2R",0.018,0.044,0,0.088,0,0.158,0.057,0.025,0.05,0.218,0.11,0.116,0.209,0.121,0.203,0.197,0.21,0.174,0.236,0.126,0.173,0.113,0.142,0.189,0.168,0.191,0.124,0.185,0.164,0.382,0.163,0.209,0.114
"170","DC:GZMB_Ery:IGF2R",0.018,0.025,0,0.03,0,0.106,0.025,0.019,0,0.175,0.079,0.097,0.182,0.088,0.176,0.155,0.173,0.124,0.195,0.088,0.124,0.068,0.111,0.159,0.144,0.149,0.088,0.145,0.135,0.353,0.144,0.182,0.094
"171","DC:GZMB_HSPC:IGF2R",0.006,0.021,0,0.029,0,0.124,0.018,0.021,0.029,0.185,0.082,0.095,0.183,0.089,0.176,0.156,0.178,0.126,0.198,0.095,0.139,0.076,0.119,0.159,0.14,0.159,0.096,0.15,0.136,0.342,0.132,0.176,0.087
"172","DC:GZMB_Mono:IGF2R",0.024,0.03,0,0.038,0,0.123,0.03,0,0.03,0.189,0.085,0.099,0.191,0.092,0.18,0.165,0.184,0.131,0.204,0.1,0.139,0.086,0.123,0.165,0.156,0.167,0.097,0.154,0.146,0.353,0.153,0.187,0.098
"173","DC:GZMB_T:IGF2R",0.016,0.016,0,0,0,0.103,0.025,0.019,0.019,0.177,0.073,0.092,0.181,0.08,0.171,0.155,0.17,0.12,0.188,0.084,0.124,0.066,0.109,0.157,0.144,0.15,0.082,0.141,0.134,0.347,0.139,0.178,0.09
"179","Ery:MIF_DC:TNFRSF14",0.514,0.32,0.456,0.371,0,0.251,0.499,0.374,0,0.675,0.66,0.469,0.403,0.485,0.304,0.313,0.493,0.472,0.545,0.459,0.628,0.77,0.489,0.278,0.384,0.477,0.494,0.553,0.544,0.171,0.238,0.348,0.497
"180","Ery:MIF_Ery:TNFRSF14",0.557,0.35,0.444,0.388,0.17,0.272,0.535,0.435,0,0.682,0.652,0.477,0.402,0.469,0.288,0.3,0.481,0.462,0.527,0.444,0.606,0.758,0.498,0.262,0.375,0.478,0.494,0.558,0.534,0.169,0.254,0.375,0.529
"181","Ery:MIF_HSPC:TNFRSF14",0.506,0.313,0.409,0.346,0.136,0.245,0.476,0.367,0,0.648,0.637,0.455,0.388,0.455,0.283,0.279,0.463,0.433,0.524,0.441,0.597,0.737,0.469,0.267,0.365,0.46,0.468,0.528,0.521,0.147,0.234,0.346,0.488
"182","Ery:MIF_Mono:TNFRSF14",0.557,0.379,0.507,0.423,0.224,0.299,0.564,0,0,0.692,0.678,0.485,0.439,0.532,0.298,0.357,0.518,0.518,0.592,0.48,0.652,0.786,0.494,0.323,0.407,0.511,0.508,0.572,0.549,0.19,0.273,0.379,0.518
"183","Ery:MIF_T:TNFRSF14",0.539,0.365,0.471,0,0.21,0.298,0.547,0.424,0,0.697,0.681,0.5,0.426,0.501,0.338,0.336,0.514,0.478,0.578,0.485,0.632,0.774,0.525,0.293,0.405,0.485,0.512,0.575,0.559,0.199,0.279,0.407,0.548
"184","Ery:MIF_DC:TNFRSF10D",0.499,0.296,0.375,0.334,0,0.233,0.473,0.368,0,0.621,0.6,0.433,0.378,0.422,0.254,0.259,0.441,0.397,0.482,0.406,0.551,0.7,0.434,0.248,0.361,0.441,0.436,0.503,0.514,0,0.215,0.328,0.473
"185","Ery:MIF_Ery:TNFRSF10D",0.493,0.296,0.375,0.33,0.132,0.231,0.464,0.363,0,0.616,0.596,0.428,0.379,0.417,0.251,0.254,0.436,0.39,0.477,0.401,0.545,0.693,0.43,0.247,0.36,0.44,0.43,0.497,0.512,0.144,0.216,0.327,0.472
"186","Ery:MIF_HSPC:TNFRSF10D",0.495,0.295,0.377,0.331,0,0.234,0.468,0.367,0,0.622,0.602,0.433,0.378,0.423,0.254,0.259,0.442,0.397,0.483,0.406,0.551,0.7,0.435,0.246,0.36,0.442,0.435,0.503,0.514,0.146,0.219,0.33,0.475
"187","Ery:MIF_Mono:TNFRSF10D",0.495,0.296,0.376,0.334,0.132,0.235,0.466,0,0,0.617,0.6,0.432,0.38,0.419,0.252,0.255,0.439,0.392,0.479,0.402,0.547,0.697,0.431,0.247,0.362,0.442,0.432,0.5,0.514,0.146,0.217,0.331,0.475
"188","Ery:MIF_T:TNFRSF10D",0.491,0.295,0.375,0,0.134,0.231,0.463,0.363,0,0.615,0.596,0.429,0.378,0.418,0.251,0.252,0.437,0.39,0.478,0.401,0.544,0.692,0.431,0.245,0.359,0.441,0.431,0.498,0.51,0.145,0.217,0.328,0.472
"204","DC:S100A8_DC:CD69",0.675,0.387,0.22,0.639,0,0.586,0.302,0.202,0.268,0.375,0.408,0.365,0.412,0.352,0.532,0.33,0.365,0.425,0.49,0.6,0.587,0.547,0.47,0.482,0.611,0.445,0.523,0.55,0.327,0.386,0.481,0.393,0.517
"205","DC:S100A8_Ery:CD69",0.81,0.563,0.428,0.753,0,0.647,0.49,0.282,0,0.511,0.459,0.517,0.558,0.368,0.564,0.404,0.417,0.584,0.547,0.636,0.662,0.615,0.623,0.56,0.72,0.615,0.637,0.693,0.431,0.37,0.518,0.502,0.644
"206","DC:S100A8_HSPC:CD69",0.806,0.533,0.258,0.762,0,0.603,0.408,0.177,0.267,0.433,0.432,0.468,0.533,0.348,0.65,0.368,0.41,0.462,0.485,0.633,0.567,0.54,0.52,0.575,0.735,0.544,0.548,0.582,0.399,0.453,0.568,0.478,0.572
"207","DC:S100A8_Mono:CD69",0.641,0.406,0.274,0.667,0,0.559,0.344,0,0.216,0.382,0.414,0.367,0.401,0.319,0.505,0.322,0.366,0.399,0.449,0.598,0.572,0.514,0.458,0.476,0.619,0.455,0.506,0.553,0.324,0.385,0.507,0.466,0.576
"208","DC:S100A8_T:CD69",0.861,0.693,0.482,0,0,0.971,0.533,0.35,0.457,0.742,0.683,0.606,0.85,0.595,0.881,0.682,0.734,0.754,0.75,0.996,0.851,0.74,0.735,0.872,1.012,0.639,0.775,0.918,0.681,0.747,0.809,0.784,0.904
"209","DC:VCAN_DC:SELPLG",0.352,0.353,0.566,0.571,0,0.541,0.429,0,0.192,0.316,0.298,0.296,0.284,0.322,0.354,0.314,0.298,0.439,0.364,0.461,0.47,0.436,0.327,0.4,0.388,0.308,0.425,0.427,0.224,0.269,0.341,0.32,0.423
"210","DC:VCAN_Ery:SELPLG",0.345,0.319,0.475,0.492,0,0.507,0.391,0,0,0.249,0.256,0.256,0.235,0.272,0.276,0.228,0.234,0.35,0.285,0.387,0.394,0.381,0.268,0.336,0.341,0.254,0.363,0.345,0.178,0.214,0.313,0.289,0.406
"211","DC:VCAN_HSPC:SELPLG",0.326,0.326,0.504,0.53,0,0.505,0.361,0,0.175,0.246,0.252,0.247,0.236,0.279,0.296,0.238,0.238,0.364,0.302,0.411,0.416,0.382,0.284,0.35,0.35,0.267,0.373,0.36,0.174,0.204,0.301,0.276,0.38
"212","DC:VCAN_Mono:SELPLG",0.358,0.357,0.524,0.544,0,0.544,0.396,0,0.165,0.269,0.285,0.292,0.269,0.343,0.312,0.27,0.283,0.411,0.343,0.437,0.436,0.401,0.302,0.375,0.37,0.3,0.404,0.382,0.209,0.239,0.343,0.317,0.421
"213","DC:VCAN_T:SELPLG",0.327,0.32,0.479,0,0,0.506,0.389,0,0.13,0.231,0.243,0.253,0.238,0.271,0.282,0.231,0.226,0.349,0.277,0.391,0.387,0.364,0.262,0.349,0.35,0.26,0.353,0.335,0.175,0.224,0.315,0.292,0.395
"244","DC:CD44_Ery:EPCAM",0.346,0.232,0.359,0.363,0,0.338,0.408,0.276,0,0.455,0.549,0.405,0.366,0.506,0.415,0.411,0.478,0,0.467,0.503,0.488,0.557,0.404,0.373,0.367,0.298,0.469,0.464,0.425,0.268,0.278,0.387,0.44
"245","Ery:CD44_Ery:EPCAM",0.324,0.273,0.297,0.377,0.262,0.301,0.319,0.276,0,0.37,0.49,0.367,0.303,0.459,0.342,0.309,0.389,0,0.373,0.412,0.427,0.493,0.393,0.278,0.309,0.363,0.438,0.401,0.319,0.269,0.323,0.381,0.414
"246","HSPC:CD44_Ery:EPCAM",0.299,0.179,0.228,0.225,0.238,0.273,0.269,0.239,0,0.421,0.491,0.31,0.303,0.45,0.352,0.327,0.41,0,0.416,0.451,0.444,0.496,0.356,0.261,0.295,0.275,0.405,0.377,0.351,0.233,0.258,0.359,0.399
"247","Mono:CD44_Ery:EPCAM",0.49,0.472,0.59,0.618,0.488,0.583,0.483,0,0,0.623,0.774,0.561,0.569,0.727,0.51,0.608,0.668,0,0.667,0.686,0.728,0.793,0.547,0.592,0.602,0.526,0.641,0.617,0.635,0.506,0.514,0.618,0.633
"248","T:CD44_Ery:EPCAM",0.325,0.271,0.325,0,0.288,0.359,0.345,0.27,0,0.408,0.51,0.403,0.351,0.467,0.382,0.347,0.437,0,0.45,0.465,0.463,0.492,0.383,0.323,0.342,0.314,0.422,0.423,0.395,0.327,0.326,0.442,0.455
"254","DC:S100A9_DC:CD68",0.826,0.471,0.815,0.788,0,0.703,0.532,0.1,0.366,0.576,0.539,0.487,0.503,0.462,0.687,0.519,0.504,0.691,0.716,0.781,0.855,0.808,0.633,0.694,0.769,0.551,0.711,0.774,0.421,0.388,0.534,0.487,0.619
"255","DC:S100A9_Ery:CD68",0.719,0.376,0.622,0.627,0,0.51,0.44,0.086,0,0.436,0.448,0.384,0.361,0.353,0.529,0.362,0.366,0.517,0.555,0.631,0.683,0.697,0.516,0.493,0.604,0.414,0.599,0.619,0.31,0.283,0.466,0.432,0.596
"256","DC:S100A9_HSPC:CD68",0.736,0.375,0.602,0.619,0,0.573,0.419,0.074,0.311,0.451,0.459,0.397,0.385,0.373,0.555,0.381,0.38,0.537,0.586,0.661,0.721,0.709,0.538,0.542,0.625,0.429,0.604,0.632,0.326,0.288,0.46,0.422,0.575
"257","DC:S100A9_Mono:CD68",0.901,0.648,1.016,0.936,0,0.757,0.666,0,0.596,0.694,0.668,0.579,0.658,0.709,0.704,0.697,0.638,0.914,0.962,0.925,0.988,0.962,0.74,0.844,0.866,0.729,0.863,0.904,0.53,0.46,0.699,0.579,0.735
"258","DC:S100A9_T:CD68",0.687,0.338,0.578,0,0,0.5,0.42,0.064,0.254,0.411,0.433,0.38,0.356,0.342,0.526,0.357,0.357,0.504,0.541,0.623,0.662,0.664,0.488,0.492,0.597,0.39,0.573,0.6,0.307,0,0.45,0.416,0.573
"259","DC:S100A8_DC:CD68",0.724,0.455,0.451,0.755,0,0.707,0.398,0.08,0.29,0.446,0.427,0.438,0.463,0.359,0.593,0.393,0.411,0.475,0.561,0.653,0.656,0.598,0.543,0.608,0.727,0.537,0.563,0.635,0.385,0.382,0.496,0.426,0.517
"260","DC:S100A8_Ery:CD68",0.617,0.361,0.258,0.594,0,0.513,0.306,0.066,0,0.307,0.335,0.334,0.321,0.25,0.435,0.235,0.274,0.301,0.4,0.503,0.484,0.487,0.426,0.406,0.563,0.4,0.451,0.48,0.275,0.277,0.428,0.372,0.494
"261","DC:S100A8_HSPC:CD68",0.634,0.36,0.238,0.586,0,0.577,0.285,0.054,0.235,0.322,0.346,0.348,0.345,0.269,0.46,0.255,0.288,0.322,0.431,0.533,0.522,0.499,0.448,0.456,0.584,0.416,0.456,0.493,0.29,0.281,0.422,0.362,0.473
"262","DC:S100A8_Mono:CD68",0.799,0.632,0.652,0.903,0,0.761,0.532,0,0.52,0.565,0.555,0.529,0.617,0.606,0.609,0.571,0.545,0.699,0.808,0.797,0.789,0.751,0.65,0.758,0.824,0.716,0.714,0.765,0.495,0.453,0.662,0.519,0.633
"263","DC:S100A8_T:CD68",0.585,0.322,0.214,0,0,0.504,0.286,0.044,0.178,0.281,0.32,0.33,0.316,0.238,0.431,0.23,0.264,0.289,0.386,0.495,0.464,0.453,0.398,0.405,0.555,0.377,0.424,0.46,0.271,0,0.412,0.356,0.471
"264","HSPC:HSP90B1_DC:TLR1",0.405,0.441,0.322,0.377,0,0.616,0,0.323,0.417,0.439,0.375,0.367,0.445,0.409,0.424,0.465,0.416,0.359,0.394,0.433,0.428,0.457,0.471,0.451,0.607,0.333,0.457,0.495,0.458,0.78,0.605,0.664,0.75
"265","HSPC:HSP90B1_Ery:TLR1",0.391,0.422,0.272,0.362,0.423,0.615,0,0.321,0,0.413,0.352,0.35,0,0.382,0,0,0,0.327,0.372,0.406,0.397,0.432,0.444,0,0,0.32,0.431,0.471,0,0,0,0,0.736
"266","HSPC:HSP90B1_HSPC:TLR1",0,0,0.275,0,0.428,0,0,0,0.398,0.417,0.357,0.352,0,0.387,0.404,0.442,0.395,0.332,0.381,0.412,0.404,0.437,0.449,0.434,0,0.317,0.434,0.472,0,0,0.593,0.655,0.739
"267","HSPC:HSP90B1_Mono:TLR1",0.397,0.435,0.291,0.37,0.441,0.624,0,0,0.395,0.422,0.362,0.355,0.446,0.4,0.405,0.453,0.403,0.341,0.386,0.419,0.412,0.444,0.453,0.45,0.608,0.331,0.438,0.477,0.452,0.784,0.606,0.659,0.743
"268","HSPC:HSP90B1_T:TLR1",0,0,0,0,0.421,0,0,0,0,0,0,0.348,0,0,0.398,0,0,0,0,0.405,0,0,0.442,0,0,0,0.427,0,0,0,0,0,0
"269","DC:VCAN_DC:TLR1",0.314,0.308,0.489,0.474,0,0.484,0,0,0.126,0.23,0.237,0.238,0.227,0.262,0.279,0.23,0.229,0.346,0.271,0.386,0.386,0.354,0.253,0.34,0.336,0.239,0.352,0.332,0.169,0.2,0.3,0.273,0.381
"270","DC:VCAN_Ery:TLR1",0.3,0.289,0.439,0.46,0,0.483,0,0,0,0.204,0.215,0.221,0,0.236,0,0,0,0.314,0.249,0.359,0.354,0.329,0.225,0,0,0.226,0.326,0.307,0,0,0,0,0.368
"271","DC:VCAN_HSPC:TLR1",0,0,0.442,0,0,0,0,0,0.106,0.208,0.219,0.223,0,0.24,0.259,0.206,0.209,0.318,0.257,0.365,0.362,0.335,0.231,0.323,0,0.223,0.329,0.309,0,0,0.288,0.264,0.371
"272","DC:VCAN_Mono:TLR1",0.306,0.302,0.458,0.468,0,0.491,0,0,0.104,0.214,0.224,0.226,0.229,0.253,0.26,0.217,0.216,0.327,0.262,0.372,0.369,0.342,0.234,0.339,0.337,0.236,0.333,0.314,0.164,0.204,0.302,0.268,0.374
"273","DC:VCAN_T:TLR1",0,0,0,0,0,0,0,0,0,0,0,0.22,0,0,0.253,0,0,0,0,0.359,0,0,0.223,0,0,0,0.322,0,0,0,0,0,0
"274","HSPC:HSP90B1_DC:TLR7",0.395,0.444,0.301,0.369,0,0.62,0,0,0.417,0.44,0.379,0.375,0.457,0.417,0.43,0.468,0.423,0,0.395,0.435,0.431,0.453,0.474,0.458,0.616,0.341,0.459,0.494,0.465,0.808,0.614,0.672,0.746
"275","HSPC:HSP90B1_Ery:TLR7",0.39,0.42,0.271,0.359,0.421,0.614,0,0,0,0.413,0,0.351,0.435,0.382,0,0.441,0.392,0,0,0,0,0,0.441,0.432,0.593,0.318,0.428,0.47,0.444,0,0,0.653,0.735
"276","HSPC:HSP90B1_HSPC:TLR7",0,0.419,0,0,0.42,0,0,0,0.393,0.414,0.356,0.353,0.434,0.387,0.402,0,0.395,0,0.372,0.411,0.403,0.432,0.446,0.433,0.594,0.316,0.435,0.471,0,0.777,0,0,0
"277","HSPC:HSP90B1_Mono:TLR7",0.395,0.427,0.283,0.366,0.433,0.616,0,0,0.393,0.416,0.357,0.352,0.439,0.39,0.399,0.447,0.397,0,0.375,0.412,0.403,0.436,0.445,0.441,0.6,0.322,0.433,0.473,0.452,0.778,0.598,0.656,0.738
"278","HSPC:HSP90B1_T:TLR7",0,0,0,0,0,0,0,0,0,0,0,0,0,0,0,0,0,0,0,0,0,0,0,0,0,0,0,0,0,0,0,0,0
"289","DC:GZMB_DC:CHRM3",0.005,0.006,0,0.011,0,0.094,0,0,0.009,0.166,0.066,0.081,0.172,0.07,0.16,0.143,0.162,0.109,0.179,0.074,0.112,0.055,0.099,0.145,0.13,0.136,0.071,0.133,0.128,0.333,0.127,0.168,0.08
"290","DC:GZMB_Ery:CHRM3",0.008,0.007,0,0.012,0,0.092,0.018,0.011,0,0.172,0.067,0.081,0,0.07,0.16,0.145,0.162,0.111,0.182,0.075,0.114,0.059,0.101,0,0,0.136,0.072,0.135,0.128,0,0.127,0.168,0.082
"291","DC:GZMB_HSPC:CHRM3",0.005,0.009,0,0.012,0,0.097,0.013,0.009,0.009,0.171,0.07,0.082,0.176,0.071,0.163,0.147,0.164,0.112,0.187,0.078,0.116,0.06,0.101,0.153,0.133,0.137,0.073,0.135,0.131,0.34,0.139,0.179,0.095
"292","DC:GZMB_Mono:CHRM3",0.006,0.006,0,0.011,0,0.092,0.014,0,0.009,0.167,0.066,0.082,0.172,0.069,0.161,0.144,0.162,0.109,0.18,0.075,0.112,0.056,0.1,0.144,0.131,0.136,0.071,0.133,0.128,0.334,0.127,0.168,0.08
"293","DC:GZMB_T:CHRM3",0.005,0.006,0,0,0,0.092,0.014,0.009,0.009,0.166,0.066,0.082,0.171,0.069,0.16,0.144,0.162,0.108,0.18,0.075,0.112,0.056,0.099,0.144,0.131,0.136,0.071,0.133,0.128,0.334,0.127,0.167,0.08
"299","HSPC:NUCB2_DC:ERAP1",0.488,0.501,0.268,0.497,0,0.655,0.296,0.184,0.406,0.382,0.403,0.359,0.466,0.43,0.479,0.425,0.417,0.351,0.371,0.485,0.452,0.426,0.452,0.418,0.584,0.356,0.479,0.445,0.433,0.773,0.646,0.651,0.754
"300","HSPC:NUCB2_Ery:ERAP1",0.451,0.457,0.256,0.473,0.565,0.602,0.283,0.189,0,0.362,0.399,0.335,0.441,0.415,0.443,0.4,0.388,0.327,0.351,0.455,0.433,0.416,0.415,0.392,0.559,0.332,0.449,0.415,0.427,0.75,0.614,0.622,0.731
"301","HSPC:NUCB2_HSPC:ERAP1",0.477,0.49,0.265,0.507,0.594,0.652,0.307,0.186,0.405,0.385,0.409,0.363,0.468,0.434,0.469,0.426,0.413,0.347,0.371,0.482,0.45,0.428,0.444,0.415,0.585,0.35,0.482,0.444,0.444,0.788,0.651,0.663,0.777
"302","HSPC:NUCB2_Mono:ERAP1",0.432,0.442,0.236,0.46,0.55,0.591,0.261,0,0.373,0.347,0.386,0.315,0.423,0.396,0.441,0.39,0.378,0.32,0.34,0.446,0.423,0.408,0.408,0.372,0.536,0.323,0.439,0.401,0.403,0.724,0.595,0.609,0.716
"303","HSPC:NUCB2_T:ERAP1",0.429,0.438,0.237,0,0.55,0.581,0.264,0.169,0.365,0.337,0.369,0.311,0.423,0.389,0.426,0.381,0.367,0.308,0.329,0.436,0.406,0.386,0.397,0.371,0.537,0.319,0.434,0.397,0.402,0.727,0.593,0.601,0.706
"313","HSPC:HSP90B1_B:LRP1",0,0.422,0.272,0.363,0.425,0.617,0,0,0.39,0.418,0.354,0.351,0.434,0.387,0.402,0.441,0.395,0.327,0.374,0.409,0.402,0.436,0.448,0.432,0.596,0.32,0.43,0.472,0,0.775,0.598,0.655,0.739
"314","Ery:APOC1_B:VLDLR",0,0.109,0.159,0.212,0.07,0.175,0.206,0.122,0,0.364,0.501,0.27,0.269,0.397,0.251,0.215,0.351,0.252,0.346,0.359,0.396,0.508,0.271,0.242,0.292,0.253,0.305,0.315,0.392,0.131,0.192,0.267,0.339
"315","DC:VCAN_B:TLR6",0,0.294,0.447,0.465,0,0.491,0.36,0,0.105,0.209,0.218,0.224,0.219,0.243,0.256,0.212,0.211,0.322,0.256,0.364,0.36,0.335,0.227,0.325,0.328,0.229,0.329,0.314,0.161,0,0.292,0.268,0.372
"316","Ery:MIF_B:CD44",0,0.528,0.62,0.591,0.331,0.457,0.655,0.555,0,0.822,0.769,0.631,0.541,0.674,0.355,0.506,0.658,0.674,0.744,0.58,0.791,0.932,0.636,0.363,0.553,0.625,0.698,0.755,0.668,0.234,0.344,0.601,0.677
"317","HSPC:SRGN_B:CD44",0,1.07,0.444,0.87,0.584,1.708,0.311,0.731,1.23,0.911,0.854,0.52,0.884,0.878,0.726,0.785,0.718,1.001,1.105,0.993,1.082,1.092,0.881,0.915,1.081,0.797,0.908,0.921,0.647,1.355,1.085,1.307,1.365
"318","DC:VCAN_B:CD44",0,0.521,0.683,0.718,0,0.709,0.547,0,0.386,0.413,0.39,0.424,0.38,0.495,0.359,0.46,0.43,0.598,0.517,0.54,0.602,0.57,0.431,0.439,0.518,0.409,0.593,0.566,0.314,0.286,0.418,0.538,0.574
"319","DC:VCAN_B:ITGA4",0,0.346,0.511,0.517,0,0.534,0.43,0,0.159,0.277,0.268,0.297,0.273,0.292,0.319,0.254,0.271,0.367,0.294,0.414,0.399,0.366,0.293,0.37,0.361,0.261,0.377,0.357,0.209,0.234,0.346,0.323,0.431
"320","B:CALM1_DC:SELL",0,0.468,0.43,0.405,0,0.39,0.326,0.357,0.383,0.525,0.561,0.58,0.631,0.512,0.498,0.486,0.491,0.521,0.564,0.467,0.484,0.581,0.504,0.545,0.585,0.44,0.497,0.561,0.619,0.831,0.694,0.81,0.866
"321","B:CALM1_HSPC:SELL",0,0.543,0.45,0.503,0.667,0.437,0.431,0.368,0.442,0.555,0.572,0.579,0.627,0.525,0.518,0.5,0.499,0.56,0.558,0.492,0.506,0.59,0.53,0.535,0.569,0.483,0.523,0.532,0.577,0.687,0.687,0.737,0.834
"322","B:CALM2_DC:SELL",0,0.567,0.445,0.461,0,0.38,0.377,0.418,0.434,0.612,0.631,0.639,0.761,0.518,0.643,0.411,0.56,0.463,0.519,0.565,0.469,0.52,0.668,0.732,0.669,0.63,0.507,0.555,0.774,1.072,0.888,0.816,0.932
"323","B:CALM2_HSPC:SELL",0,0.643,0.465,0.559,0.762,0.428,0.482,0.429,0.493,0.642,0.642,0.638,0.758,0.532,0.664,0.426,0.567,0.502,0.512,0.59,0.492,0.529,0.694,0.722,0.653,0.672,0.533,0.525,0.731,0.927,0.881,0.743,0.9
"324","B:CALM3_DC:SELL",0,0.245,0.223,0.168,0,0.233,0.21,0.265,0.179,0.388,0.38,0.42,0.431,0.27,0.397,0.256,0.343,0.245,0.312,0.333,0.227,0.283,0.392,0.39,0.356,0.278,0.278,0.333,0.426,0.715,0.571,0.56,0.639
"325","B:CALM3_HSPC:SELL",0,0.321,0.243,0.266,0.524,0.281,0.315,0.276,0.238,0.418,0.391,0.419,0.428,0.283,0.417,0.27,0.35,0.283,0.305,0.358,0.25,0.292,0.418,0.38,0.34,0.32,0.303,0.304,0.384,0.571,0.564,0.487,0.607
"326","B:VCAN_DC:SELL",0,0.15,0,0.086,0,0.121,0.054,0,0,0.181,0.18,0.19,0.296,0.143,0.185,0,0.167,0,0,0.155,0,0.194,0.187,0.268,0.271,0.193,0.147,0.189,0.318,0.479,0.377,0.454,0.492
"327","B:VCAN_HSPC:SELL",0,0.225,0,0.184,0,0.168,0.159,0,0,0.211,0.191,0.189,0.293,0.157,0.205,0,0.174,0,0,0.18,0,0.203,0.213,0.258,0.255,0.236,0.173,0.159,0.276,0.334,0.369,0.381,0.46
"328","DC:VCAN_B:SELL",0,0.599,0.649,0.754,0,0.607,0.528,0,0.342,0.368,0.345,0.342,0.417,0.402,0.333,0.463,0.401,0.533,0.503,0.496,0.602,0.598,0.407,0.532,0.564,0.515,0.555,0.55,0.364,0.268,0.414,0.538,0.573
"329","B:CFH_DC:SELL",0,0,0.086,0.083,0,0,0,0,0.06,0.162,0,0,0,0,0,0,0,0.132,0.199,0.148,0,0.183,0.15,0,0,0,0,0.183,0,0,0,0,0
"330","B:CFH_HSPC:SELL",0,0,0.106,0.181,0,0,0,0,0.12,0.192,0,0,0,0,0,0,0,0.171,0.192,0.173,0,0.192,0.176,0,0,0,0,0.153,0,0,0,0,0
"331","DC:S100A9_B:ALCAM",0,0.343,0.59,0.599,0,0.526,0.428,0.055,0.263,0.426,0.445,0.387,0.37,0.354,0.542,0.37,0.371,0.516,0.553,0.634,0.677,0.678,0.501,0.503,0.608,0.388,0.579,0.612,0.317,0.277,0.467,0.43,0.587
"332","DC:VCAN_B:SELP",0,0.286,0.436,0,0,0,0,0,0.095,0.204,0.214,0,0,0.236,0,0,0.206,0.313,0.248,0.359,0.354,0.328,0.223,0.321,0,0,0.322,0.306,0,0,0,0.262,0
"333","DC:S100A9_B:AGER",0,0.331,0.573,0.586,0,0.496,0.412,0.045,0.246,0.409,0.432,0.372,0.357,0.34,0.524,0.359,0.359,0.504,0.538,0.619,0.661,0.662,0.484,0.492,0.599,0.377,0.57,0.598,0.305,0.266,0.446,0.415,0.571
"334","DC:S100A8_B:AGER",0,0.315,0.209,0.552,0,0.499,0.278,0.025,0.17,0.28,0.319,0.323,0.317,0.237,0.43,0.232,0.267,0.289,0.384,0.491,0.462,0.451,0.394,0.405,0.557,0.363,0.422,0.459,0.269,0.259,0.408,0.355,0.469
"335","DC:S100A9_B:CD36",0,0.334,0.588,0.588,0,0.526,0.427,0.041,0.275,0.432,0.437,0.381,0.374,0.346,0.554,0.352,0.371,0.504,0.544,0.635,0.664,0.671,0.545,0.505,0.614,0.395,0.584,0.609,0.309,0.272,0.455,0.424,0.584
"336","DC:S100A8_B:CD36",0,0.319,0.224,0.555,0,0.53,0.293,0.021,0.199,0.303,0.325,0.332,0.334,0.242,0.46,0.225,0.278,0.289,0.389,0.507,0.466,0.461,0.455,0.419,0.572,0.381,0.436,0.47,0.273,0.265,0.417,0.364,0.482
"337","Ery:MIF_B:CXCR4",0,0.947,0.895,1.031,0.686,0.812,0.992,0.986,0,1.266,1.445,0.88,1.128,1.154,0.681,1.235,1.181,1.184,1.463,1.079,1.595,1.776,0.998,0.995,1.097,0.911,1.217,1.275,1.237,0.992,0.943,1.208,1.333
"338","DC:GZMB_B:IGF2R",0,0.011,0,0.017,0,0.109,0.027,0.023,0.017,0.183,0.085,0.099,0.18,0.082,0.181,0.149,0.177,0.117,0.186,0.089,0.117,0.063,0.115,0.157,0.136,0.143,0.084,0.142,0.138,0.359,0.151,0.177,0.097
"340","Ery:MIF_B:TNFRSF14",0,0.38,0.491,0.431,0.224,0.342,0.559,0.459,0,0.71,0.691,0.504,0.44,0.528,0.356,0.377,0.534,0.512,0.606,0.498,0.673,0.812,0.525,0.307,0.425,0.507,0.542,0.612,0.576,0.198,0.284,0.426,0.557
"341","Ery:MIF_B:TNFRSF10D",0,0.293,0.373,0.329,0.132,0.231,0.462,0.362,0,0.614,0.595,0.428,0.378,0.416,0.248,0.252,0.436,0.389,0.476,0.399,0,0.692,0.429,0,0.358,0.439,0.429,0.496,0.51,0.142,0.214,0.326,0.471
"351","B:S100A8_B:CD69",0,0.749,0.479,0.734,0.602,0.51,0.458,0.499,0.581,0.606,0.553,0.463,0.876,0.677,0.439,1.008,0.697,0.725,0.76,0.62,0.903,0.824,0.656,0.773,0.979,0.647,0.816,0.827,0.737,0.705,0.616,0.923,0.745
"352","DC:S100A8_B:CD69",0,0.9,0.574,1.149,0,0.792,0.642,0.479,0.651,0.672,0.76,0.663,1.098,0.76,0.691,1.157,0.818,0.943,1.039,0.908,1.236,1.041,0.678,1.075,1.41,0.785,1.016,1.088,0.931,0.834,0.885,1.115,1.069
"353","Ery:S100A8_B:CD69",0,1.072,0.796,1.041,0.828,0.648,0.639,0.83,0,0.75,0.718,0.62,1.001,0.857,0.6,1.232,0.874,0.978,1.027,0.797,1.208,0.967,0.881,0.868,1.098,0.802,1.175,1.08,0.825,0.98,0.826,1.104,0.964
"354","HSPC:S100A8_B:CD69",0,0.69,0.391,0.685,0.471,0.591,0.377,0.472,0.535,0.449,0.479,0.419,0.876,0.593,0.308,0.937,0.588,0,0.721,0.463,0.93,0.704,0.442,0.78,0.955,0.598,0.667,0.671,0.75,0.836,0.666,0.966,0.751
"355","Mono:S100A8_B:CD69",0,1.876,1.234,1.873,1.739,1.931,1.119,0,1.608,1.736,1.567,1.714,2.274,1.423,1.643,2.11,1.797,1.544,1.837,1.942,2.035,2.093,1.889,1.93,2.667,1.842,2.13,2.212,2.399,2.313,2.178,2.287,2.071
"356","T:S100A8_B:CD69",0,0.718,0.436,0,0.542,0.424,0.464,0.56,0.556,0.513,0.528,0.424,0.851,0.621,0.4,0.995,0.651,0.695,0.732,0.524,0.869,0.778,0.547,0.756,0.94,0.591,0.779,0.762,0.729,0.714,0.606,0.891,0.718
"357","B:LGALS1_B:CD69",0,0.786,0.626,0.798,0.674,0.687,0.518,0.549,0.787,0.647,0.583,0.558,0.93,0.813,0.662,1.03,0.698,0.859,0.838,0.679,0.965,0.731,0.644,0.777,1,0.669,0.817,0.87,0.762,0.621,0.597,0.933,0.75
"358","DC:LGALS1_B:CD69",0,1.167,0.799,1.16,0,0.72,0.847,0.842,1.23,1.033,1.161,0.984,1.258,1.097,0.983,1.514,1.111,1.239,1.284,1.185,1.409,1.228,1.066,1.112,1.368,0.815,1.325,1.388,1.172,0.866,0.845,1.223,1.099
"359","Ery:LGALS1_B:CD69",0,0.903,0.642,0.872,0.641,0.48,0.586,0.725,0,0.61,0.588,0.519,0.866,0.733,0.415,1.062,0.724,0.863,0.89,0.616,1.051,0.836,0.679,0.733,0.965,0.68,0.963,0.915,0.711,0.821,0.704,0.98,0.834
"360","HSPC:LGALS1_B:CD69",0,0.846,0.679,0.97,0.457,0.494,0.381,0.685,0.979,0.624,0.662,0.503,0.943,0.795,0.47,1.077,0.754,0.903,0.932,0.728,1.145,0.871,0.637,0.82,1.051,0.679,0.945,0.912,0.817,0.677,0.553,0.887,0.679
"361","Mono:LGALS1_B:CD69",0,1.587,1.231,1.565,1.363,1.401,1.184,0,1.501,1.492,1.415,1.565,1.866,1.496,1.391,1.936,1.619,1.608,1.755,1.525,1.75,1.533,1.504,1.608,1.949,1.328,1.756,1.833,1.831,1.597,1.489,1.805,1.636
"362","T:LGALS1_B:CD69",0,0.775,0.569,0,0.588,0.49,0.536,0.658,0.647,0.535,0.537,0.471,0.863,0.701,0.365,1.054,0.628,0.834,0.809,0.562,0.996,0.759,0.473,0.822,1.008,0.614,0.753,0.826,0.717,0.733,0.659,0.943,0.722
"363","B:MYL9_B:CD69",0,0.596,0.38,0.607,0.445,0.306,0.374,0.464,0.494,0.402,0.448,0.347,0.792,0.534,0.278,0.937,0.561,0.666,0.665,0.426,0.784,0.598,0.295,0.681,0.865,0.433,0.606,0.642,0.671,0.582,0.484,0.771,0.609
"364","DC:MYL9_B:CD69",0,0,0.404,0.602,0,0,0.371,0,0.488,0.398,0,0.346,0,0.529,0.265,0.933,0.558,0,0.661,0,0.779,0,0.293,0,0.858,0.429,0.601,0.636,0.668,0,0,0,0
"365","Ery:MYL9_B:CD69",0,0.595,0.381,0.604,0.439,0.299,0.373,0.474,0,0.405,0.449,0.346,0.789,0.529,0.267,0.937,0.562,0.664,0.664,0.424,0.786,0.596,0.295,0.679,0.86,0.431,0.603,0.64,0.672,0.582,0.484,0.768,0.608
"366","HSPC:MYL9_B:CD69",0,0.592,0.441,0.602,0.439,0,0.372,0.462,0.489,0.402,0.448,0.351,0.788,0.531,0.268,0.937,0.562,0.666,0.666,0.424,0.779,0.597,0.3,0.68,0.86,0.434,0.604,0.642,0.671,0.58,0.483,0.768,0.606
"367","Mono:MYL9_B:CD69",0,0.591,0.375,0.604,0.439,0.298,0.372,0,0.49,0.399,0.447,0.345,0.786,0.531,0.268,0.934,0.56,0.662,0.662,0.424,0.781,0.595,0.292,0.677,0.858,0.428,0.603,0.637,0.667,0.581,0.482,0.767,0.606
"368","T:MYL9_B:CD69",0,0.591,0.373,0,0.44,0.298,0.371,0.463,0.489,0.399,0.446,0.345,0.787,0.53,0.266,0.934,0.559,0.662,0.661,0.423,0.78,0.595,0.292,0.678,0.859,0.429,0.602,0.637,0.667,0.582,0.482,0.767,0.607
"369","DC:VCAN_B:SELPLG",0,0.298,0.453,0.468,0,0.499,0.366,0,0.109,0.218,0.226,0.24,0.223,0.252,0.274,0.207,0.214,0.322,0.258,0.371,0.361,0.339,0.25,0.325,0.328,0.244,0.331,0.313,0.158,0.201,0.309,0.276,0.384
"376","B:CD44_Ery:EPCAM",0,0.259,0.284,0.356,0.212,0.319,0.257,0.233,0,0.33,0.413,0.325,0.297,0.447,0.216,0.335,0.387,0,0.409,0.358,0.422,0.459,0.305,0.242,0.348,0.328,0.395,0.386,0.343,0.156,0.224,0.423,0.372
"378","DC:S100A9_B:CD68",0,0.342,0.597,0.594,0,0.535,0.428,0.073,0.278,0.436,0.437,0.387,0.366,0.357,0.529,0.364,0.368,0.518,0.558,0.627,0.672,0.674,0.504,0.506,0.61,0.414,0.577,0.616,0.316,0,0.458,0.421,0.578
"379","DC:S100A8_B:CD68",0,0.326,0.233,0.56,0,0.539,0.294,0.053,0.202,0.307,0.324,0.338,0.326,0.254,0.435,0.237,0.276,0.303,0.403,0.499,0.474,0.463,0.414,0.42,0.569,0.401,0.429,0.477,0.28,0,0.42,0.36,0.476
"380","B:CD69_B:KLRB1",0,0.611,0.382,0.605,0.485,0.303,0,0,0.498,0.455,0.484,0.387,0.815,0.566,0.299,0.963,0.581,0.705,0.695,0.458,0.825,0.651,0.349,0.709,0.89,0.515,0.65,0.664,0.702,0.589,0.495,0.788,0.637
"381","B:CD69_DC:KLRB1",0,0.603,0.371,0.616,0,0.305,0.373,0,0.495,0.408,0.462,0,0.787,0.543,0.272,0.939,0.562,0.693,0.686,0.438,0.804,0.633,0.302,0.676,0.862,0.458,0.618,0.643,0.678,0,0.483,0,0.617
"382","B:CD69_Ery:KLRB1",0,0.695,0.46,0.705,0.529,0.364,0.409,0,0,0.474,0.5,0.438,0.855,0.603,0.335,1.018,0.626,0.803,0.748,0.505,0.891,0.669,0.419,0.711,0.912,0.537,0.739,0.751,0.699,0.646,0.545,0.821,0.669
"383","B:CD69_HSPC:KLRB1",0,0.6,0.378,0.612,0,0.298,0.374,0,0.493,0.411,0.461,0.346,0.798,0.536,0,0.938,0,0.68,0.67,0.431,0.788,0.622,0.291,0.684,0.875,0.47,0.608,0.648,0.685,0.581,0,0,0.607
"384","B:CD69_Mono:KLRB1",0,0.626,0,0.633,0.45,0.363,0.371,0,0.498,0.45,0.476,0.386,0.808,0.56,0.297,0.98,0.598,0.698,0.701,0.461,0.828,0.642,0.336,0.703,0.874,0.527,0.64,0.673,0.683,0,0.494,0.78,0.633
"385","B:CD69_T:KLRB1",0,0.698,0.57,0,0.63,0.514,0.601,0,0.711,0.641,0.582,0.493,0.93,0.656,0.468,1.126,0.626,0.829,0.837,0.637,0.982,0.847,0.417,0.903,1.003,0.644,0.765,0.776,0.772,0.792,0.595,0.987,0.768
"386","HSPC:HSP90B1_B:TLR1",0,0.427,0.277,0.367,0.429,0.625,0,0.321,0.396,0.419,0.356,0.353,0.441,0.389,0.398,0.46,0.399,0.335,0.381,0.41,0.405,0.441,0.448,0.437,0.599,0.32,0.433,0.479,0.452,0.775,0.597,0.662,0.743
"387","DC:VCAN_B:TLR1",0,0.294,0.444,0.465,0,0.493,0,0,0.104,0.21,0.218,0.224,0.224,0.242,0.252,0.224,0.212,0.321,0.257,0.364,0.362,0.338,0.229,0.325,0.328,0.226,0.328,0.315,0.163,0.195,0.293,0.271,0.374
"388","HSPC:HSP90B1_B:TLR7",0,0.422,0.271,0.36,0.425,0,0,0,0.39,0,0,0,0.434,0,0,0,0,0,0.373,0,0.398,0,0.441,0.435,0.596,0.318,0.427,0.469,0,0,0.593,0.654,0
"403","DC:GZMB_B:CHRM3",0,0.006,0,0.012,0,0.093,0.014,0.01,0.01,0.168,0.066,0.083,0.171,0.07,0.161,0.144,0.163,0.109,0.18,0.076,0.113,0.056,0.1,0.144,0.13,0.135,0.072,0.133,0.128,0.333,0.128,0.168,0.08
"405","HSPC:NUCB2_B:ERAP1",0,0.435,0.237,0.451,0.556,0.587,0.266,0.171,0.366,0.346,0.374,0.315,0.42,0.39,0.439,0.378,0.373,0.308,0.329,0.44,0.403,0.388,0.403,0.369,0.533,0.316,0.432,0.396,0.404,0.722,0.595,0.602,0.709
